customer_id,first_name,last_name,email,phone,city,state,country,signup_date,channel_acquired,age_band,gender
1,James,Walker,james.walker1@example.com,+1-585-373-3269,Austin,TX,USA,2024-07-31,Organic Search,18-24,Male
2,Benjamin,Perez,benjamin.perez2@example.com,+1-585-182-6472,Denver,CO,USA,2024-06-30,Display,55+,Other
3,Olivia,Martinez,olivia.martinez3@example.com,+1-585-820-8405,Chicago,IL,USA,2024-07-29,Referral,45-54,Female
4,Mia,White,mia.white4@example.com,+1-585-213-3169,New York,NY,USA,2024-06-06,Display,55+,Female
5,Oliver,Taylor,oliver.taylor5@example.com,+1-585-309-4674,Seattle,WA,USA,2024-12-19,Referral,45-54,Female
6,Harper,Jackson,harper.jackson6@example.com,+1-585-387-6597,Atlanta,GA,USA,2024-04-24,Paid Search,25-34,Other
7,Ava,Lee,ava.lee7@example.com,+1-585-487-9056,New York,NY,USA,2024-09-22,Organic Search,18-24,Female
8,Elijah,Taylor,elijah.taylor8@example.com,+1-585-103-2986,Denver,CO,USA,2024-10-05,Display,25-34,Female
9,Liam,Smith,liam.smith9@example.com,+1-585-236-9843,Boston,MA,USA,2024-11-11,Paid Search,55+,Female
10,Henry,Davis,henry.davis10@example.com,+1-585-302-7883,Dallas,TX,USA,2024-03-06,Paid Search,45-54,Female
11,Emma,Young,emma.young11@example.com,+1-585-276-1675,Chicago,IL,USA,2024-08-04,Paid Search,35-44,Other
12,Theodore,Anderson,theodore.anderson12@example.com,+1-585-854-1560,Seattle,WA,USA,2025-01-23,Paid Search,45-54,Female
13,Mia,Walker,mia.walker13@example.com,+1-585-144-6995,Dallas,TX,USA,2024-05-14,Referral,55+,Other
14,Henry,Brown,henry.brown14@example.com,+1-585-212-6989,Austin,TX,USA,2024-09-27,Social,25-34,Male
15,Charlotte,Young,charlotte.young15@example.com,+1-585-488-6385,New York,NY,USA,2025-01-24,Paid Search,45-54,Female
16,Charlotte,White,charlotte.white16@example.com,+1-585-376-6320,Miami,FL,USA,2024-05-23,Paid Search,35-44,Other
17,Evelyn,Taylor,evelyn.taylor17@example.com,+1-585-902-1903,Dallas,TX,USA,2024-12-07,Paid Search,45-54,Other
18,Elijah,Davis,elijah.davis18@example.com,+1-585-826-5067,Austin,TX,USA,2024-07-19,Display,18-24,Male
19,Amelia,Taylor,amelia.taylor19@example.com,+1-585-622-7110,Atlanta,GA,USA,2024-10-28,Display,35-44,Female
20,Evelyn,Thomas,evelyn.thomas20@example.com,+1-585-130-1827,Seattle,WA,USA,2024-09-16,Organic Search,35-44,Female
21,Sophia,Walker,sophia.walker21@example.com,+1-585-112-1799,Chicago,IL,USA,2024-06-13,Paid Search,45-54,Female
22,Oliver,Martin,oliver.martin22@example.com,+1-585-115-6808,Denver,CO,USA,2024-09-29,Email,25-34,Male
23,Lucas,Harris,lucas.harris23@example.com,+1-585-188-5849,Chicago,IL,USA,2024-09-30,Referral,18-24,Female
24,Elijah,Perez,elijah.perez24@example.com,+1-585-820-7275,Chicago,IL,USA,2024-09-06,Display,25-34,Other
25,Harper,Walker,harper.walker25@example.com,+1-585-606-6715,Denver,CO,USA,2024-03-29,Paid Search,18-24,Male
26,Benjamin,Anderson,benjamin.anderson26@example.com,+1-585-917-2380,Chicago,IL,USA,2024-05-05,Organic Search,25-34,Female
27,Charlotte,Thomas,charlotte.thomas27@example.com,+1-585-567-9937,Miami,FL,USA,2024-08-11,Social,18-24,Female
28,Lucas,Davis,lucas.davis28@example.com,+1-585-368-9772,Denver,CO,USA,2024-10-16,Paid Search,18-24,Other
29,Henry,Lee,henry.lee29@example.com,+1-585-416-9576,Dallas,TX,USA,2024-11-05,Display,55+,Other
30,Emma,Young,emma.young30@example.com,+1-585-407-2053,Dallas,TX,USA,2024-02-27,Referral,25-34,Other
31,Isabella,Taylor,isabella.taylor31@example.com,+1-585-816-9055,Boston,MA,USA,2024-07-16,Social,18-24,Male
32,Olivia,Walker,olivia.walker32@example.com,+1-585-482-4991,New York,NY,USA,2024-08-30,Social,25-34,Male
33,Henry,Walker,henry.walker33@example.com,+1-585-996-4983,Miami,FL,USA,2024-04-17,Paid Search,55+,Other
34,Emma,Walker,emma.walker34@example.com,+1-585-794-7713,New York,NY,USA,2025-02-23,Social,55+,Female
35,Emma,Jackson,emma.jackson35@example.com,+1-585-722-3970,New York,NY,USA,2024-08-31,Paid Search,18-24,Female
36,Noah,Walker,noah.walker36@example.com,+1-585-660-9774,Miami,FL,USA,2025-02-18,Social,18-24,Other
37,Emma,Thompson,emma.thompson37@example.com,+1-585-901-6267,Boston,MA,USA,2024-04-06,Paid Search,45-54,Male
38,Henry,Anderson,henry.anderson38@example.com,+1-585-589-3259,Atlanta,GA,USA,2024-10-10,Paid Search,35-44,Other
39,Amelia,Perez,amelia.perez39@example.com,+1-585-296-4623,Chicago,IL,USA,2024-04-24,Paid Search,18-24,Female
40,Sophia,Brown,sophia.brown40@example.com,+1-585-481-2697,Boston,MA,USA,2024-09-19,Referral,18-24,Male
41,Benjamin,Jackson,benjamin.jackson41@example.com,+1-585-995-2329,Austin,TX,USA,2024-07-28,Organic Search,18-24,Male
42,Benjamin,Jackson,benjamin.jackson42@example.com,+1-585-549-5149,New York,NY,USA,2024-08-06,Display,18-24,Female
43,Benjamin,Lee,benjamin.lee43@example.com,+1-585-357-8791,New York,NY,USA,2025-01-29,Email,55+,Female
44,Olivia,Harris,olivia.harris44@example.com,+1-585-407-1637,Chicago,IL,USA,2024-07-12,Organic Search,35-44,Male
45,Ava,Martin,ava.martin45@example.com,+1-585-130-6204,Boston,MA,USA,2024-07-19,Social,25-34,Male
46,Theodore,Thompson,theodore.thompson46@example.com,+1-585-676-6684,Miami,FL,USA,2024-02-06,Social,45-54,Female
47,Emma,Harris,emma.harris47@example.com,+1-585-572-8644,Seattle,WA,USA,2024-04-30,Display,55+,Male
48,James,Martinez,james.martinez48@example.com,+1-585-437-7589,Chicago,IL,USA,2024-03-14,Paid Search,35-44,Female
49,Mia,Thompson,mia.thompson49@example.com,+1-585-127-4089,Dallas,TX,USA,2024-02-15,Organic Search,35-44,Other
50,Isabella,Brown,isabella.brown50@example.com,+1-585-557-7305,Austin,TX,USA,2024-07-26,Organic Search,55+,Male
51,Emma,Smith,emma.smith51@example.com,+1-585-531-8710,Dallas,TX,USA,2024-09-02,Organic Search,35-44,Other
52,Benjamin,Taylor,benjamin.taylor52@example.com,+1-585-834-1052,Miami,FL,USA,2025-01-28,Email,55+,Female
53,Emma,White,emma.white53@example.com,+1-585-422-1688,New York,NY,USA,2025-04-16,Paid Search,25-34,Male
54,Mia,Taylor,mia.taylor54@example.com,+1-585-943-7615,Dallas,TX,USA,2024-09-06,Referral,45-54,Male
55,Henry,Clark,henry.clark55@example.com,+1-585-620-6855,Chicago,IL,USA,2024-05-29,Email,35-44,Female
56,Liam,Martinez,liam.martinez56@example.com,+1-585-286-3918,Denver,CO,USA,2024-05-03,Display,25-34,Female
57,Evelyn,Smith,evelyn.smith57@example.com,+1-585-590-9561,Seattle,WA,USA,2024-06-17,Referral,45-54,Female
58,Harper,Martin,harper.martin58@example.com,+1-585-629-8397,Chicago,IL,USA,2024-10-16,Social,25-34,Female
59,Liam,Anderson,liam.anderson59@example.com,+1-585-861-1833,Austin,TX,USA,2024-05-04,Display,35-44,Male
60,Ava,Young,ava.young60@example.com,+1-585-650-2582,Chicago,IL,USA,2024-05-17,Social,25-34,Male
61,Charlotte,Lewis,charlotte.lewis61@example.com,+1-585-532-4548,Chicago,IL,USA,2024-08-20,Display,25-34,Other
62,Henry,Lee,henry.lee62@example.com,+1-585-966-1808,New York,NY,USA,2024-04-12,Referral,35-44,Male
63,Noah,Johnson,noah.johnson63@example.com,+1-585-927-7529,Austin,TX,USA,2025-05-19,Social,45-54,Other
64,Charlotte,Lewis,charlotte.lewis64@example.com,+1-585-270-2390,Boston,MA,USA,2024-02-23,Email,35-44,Female
65,William,Clark,william.clark65@example.com,+1-585-879-9702,Chicago,IL,USA,2024-06-25,Paid Search,55+,Male
66,Amelia,Thomas,amelia.thomas66@example.com,+1-585-157-4282,New York,NY,USA,2024-03-27,Referral,35-44,Male
67,Isabella,Thompson,isabella.thompson67@example.com,+1-585-505-1590,Seattle,WA,USA,2024-12-01,Paid Search,45-54,Female
68,James,Perez,james.perez68@example.com,+1-585-421-3835,New York,NY,USA,2024-06-06,Organic Search,55+,Other
69,Charlotte,Clark,charlotte.clark69@example.com,+1-585-490-9221,Denver,CO,USA,2024-06-27,Organic Search,45-54,Female
70,Oliver,Anderson,oliver.anderson70@example.com,+1-585-526-8894,Seattle,WA,USA,2024-05-14,Referral,25-34,Other
71,Theodore,Taylor,theodore.taylor71@example.com,+1-585-610-9526,Dallas,TX,USA,2024-05-29,Email,35-44,Male
72,Theodore,Garcia,theodore.garcia72@example.com,+1-585-114-4238,Dallas,TX,USA,2024-01-09,Referral,18-24,Other
73,Benjamin,Perez,benjamin.perez73@example.com,+1-585-971-2691,Seattle,WA,USA,2025-03-13,Organic Search,18-24,Female
74,James,Taylor,james.taylor74@example.com,+1-585-417-5839,Seattle,WA,USA,2024-06-03,Organic Search,18-24,Female
75,Elijah,Harris,elijah.harris75@example.com,+1-585-753-6705,Austin,TX,USA,2024-04-09,Email,55+,Female
76,Lucas,Smith,lucas.smith76@example.com,+1-585-859-4438,Chicago,IL,USA,2024-06-24,Paid Search,18-24,Female
77,Ava,Harris,ava.harris77@example.com,+1-585-466-6783,Miami,FL,USA,2024-09-09,Display,18-24,Female
78,Elijah,Lee,elijah.lee78@example.com,+1-585-160-4969,Chicago,IL,USA,2024-06-04,Display,25-34,Other
79,Henry,Lee,henry.lee79@example.com,+1-585-819-4150,Austin,TX,USA,2024-09-29,Referral,35-44,Other
80,Benjamin,Clark,benjamin.clark80@example.com,+1-585-134-3641,Atlanta,GA,USA,2024-07-17,Display,35-44,Male
81,James,Martin,james.martin81@example.com,+1-585-546-9727,Seattle,WA,USA,2025-01-31,Social,18-24,Female
82,Noah,White,noah.white82@example.com,+1-585-365-6978,Atlanta,GA,USA,2024-12-18,Social,35-44,Female
83,Elijah,Clark,elijah.clark83@example.com,+1-585-165-2936,Chicago,IL,USA,2024-07-21,Referral,35-44,Male
84,William,Smith,william.smith84@example.com,+1-585-545-2291,Seattle,WA,USA,2024-09-16,Social,35-44,Female
85,Henry,Davis,henry.davis85@example.com,+1-585-722-1486,Chicago,IL,USA,2024-07-19,Organic Search,35-44,Other
86,Ava,Clark,ava.clark86@example.com,+1-585-707-1095,Boston,MA,USA,2024-05-21,Organic Search,45-54,Other
87,Sophia,Martinez,sophia.martinez87@example.com,+1-585-380-4051,Dallas,TX,USA,2025-04-21,Paid Search,55+,Other
88,Evelyn,Anderson,evelyn.anderson88@example.com,+1-585-286-4245,Atlanta,GA,USA,2024-02-26,Email,45-54,Male
89,William,Clark,william.clark89@example.com,+1-585-797-9295,Austin,TX,USA,2024-08-11,Social,18-24,Other
90,Lucas,Davis,lucas.davis90@example.com,+1-585-183-7679,Boston,MA,USA,2024-09-25,Referral,35-44,Female
91,William,Thomas,william.thomas91@example.com,+1-585-645-3453,Denver,CO,USA,2024-05-12,Referral,45-54,Other
92,Elijah,Lewis,elijah.lewis92@example.com,+1-585-219-9345,Miami,FL,USA,2024-03-10,Paid Search,35-44,Male
93,Henry,Brown,henry.brown93@example.com,+1-585-815-5336,Denver,CO,USA,2024-09-13,Display,25-34,Male
94,Ava,Thompson,ava.thompson94@example.com,+1-585-854-8242,Dallas,TX,USA,2024-05-14,Display,35-44,Male
95,Mia,Thomas,mia.thomas95@example.com,+1-585-812-6219,Austin,TX,USA,2024-01-26,Email,45-54,Female
96,Liam,Martin,liam.martin96@example.com,+1-585-676-5189,Boston,MA,USA,2024-03-24,Email,18-24,Other
97,Oliver,Davis,oliver.davis97@example.com,+1-585-412-7766,Boston,MA,USA,2024-01-29,Organic Search,45-54,Male
98,Oliver,Perez,oliver.perez98@example.com,+1-585-143-4427,Dallas,TX,USA,2024-10-03,Organic Search,18-24,Other
99,Emma,Brown,emma.brown99@example.com,+1-585-891-5704,Boston,MA,USA,2024-03-23,Paid Search,45-54,Male
100,Olivia,Perez,olivia.perez100@example.com,+1-585-262-2426,Chicago,IL,USA,2024-10-24,Email,18-24,Female
101,Mia,Harris,mia.harris101@example.com,+1-585-366-4652,Austin,TX,USA,2024-12-31,Organic Search,25-34,Male
102,Henry,Lewis,henry.lewis102@example.com,+1-585-517-5413,San Francisco,CA,USA,2024-05-09,Social,25-34,Male
103,Emma,Harris,emma.harris103@example.com,+1-585-255-4013,Seattle,WA,USA,2024-09-06,Paid Search,55+,Other
104,Oliver,Anderson,oliver.anderson104@example.com,+1-585-611-3006,Miami,FL,USA,2024-05-25,Display,18-24,Other
105,Oliver,Martinez,oliver.martinez105@example.com,+1-585-934-6443,Dallas,TX,USA,2024-05-23,Organic Search,25-34,Male
106,Amelia,Garcia,amelia.garcia106@example.com,+1-585-740-2376,Dallas,TX,USA,2024-12-05,Paid Search,18-24,Female
107,Noah,Young,noah.young107@example.com,+1-585-476-4613,Miami,FL,USA,2024-12-22,Referral,45-54,Other
108,Ava,Perez,ava.perez108@example.com,+1-585-801-6571,Seattle,WA,USA,2025-01-02,Organic Search,35-44,Female
109,Evelyn,Jackson,evelyn.jackson109@example.com,+1-585-726-3632,Seattle,WA,USA,2024-06-08,Social,18-24,Female
110,Amelia,Young,amelia.young110@example.com,+1-585-924-1284,Chicago,IL,USA,2024-02-09,Referral,25-34,Other
111,Emma,Martinez,emma.martinez111@example.com,+1-585-529-5600,Chicago,IL,USA,2024-08-01,Display,45-54,Female
112,Elijah,Anderson,elijah.anderson112@example.com,+1-585-210-9289,Seattle,WA,USA,2024-08-12,Organic Search,25-34,Male
113,Benjamin,Harris,benjamin.harris113@example.com,+1-585-476-2602,New York,NY,USA,2025-02-03,Display,55+,Other
114,Evelyn,Taylor,evelyn.taylor114@example.com,+1-585-335-8870,New York,NY,USA,2024-07-29,Display,25-34,Other
115,Noah,Harris,noah.harris115@example.com,+1-585-268-6530,San Francisco,CA,USA,2024-10-02,Referral,18-24,Other
116,Amelia,Brown,amelia.brown116@example.com,+1-585-108-7550,San Francisco,CA,USA,2024-07-24,Referral,18-24,Other
117,William,Smith,william.smith117@example.com,+1-585-860-4115,New York,NY,USA,2025-01-31,Email,35-44,Other
118,Emma,Lee,emma.lee118@example.com,+1-585-920-4440,Dallas,TX,USA,2024-07-27,Referral,55+,Female
119,Emma,Taylor,emma.taylor119@example.com,+1-585-320-6227,Boston,MA,USA,2024-09-10,Paid Search,45-54,Other
120,Mia,Young,mia.young120@example.com,+1-585-706-6872,Seattle,WA,USA,2024-04-05,Paid Search,55+,Male
121,Harper,Anderson,harper.anderson121@example.com,+1-585-141-6975,New York,NY,USA,2024-03-15,Referral,18-24,Female
122,Liam,Smith,liam.smith122@example.com,+1-585-908-4892,Seattle,WA,USA,2024-02-02,Organic Search,18-24,Other
123,Olivia,Lee,olivia.lee123@example.com,+1-585-825-6716,New York,NY,USA,2024-09-01,Referral,18-24,Female
124,Charlotte,Anderson,charlotte.anderson124@example.com,+1-585-804-8517,Denver,CO,USA,2024-04-19,Display,45-54,Male
125,Theodore,Perez,theodore.perez125@example.com,+1-585-606-4675,Denver,CO,USA,2024-08-01,Organic Search,45-54,Male
126,James,Johnson,james.johnson126@example.com,+1-585-687-4404,Miami,FL,USA,2024-09-25,Organic Search,45-54,Female
127,William,Taylor,william.taylor127@example.com,+1-585-482-4064,Atlanta,GA,USA,2024-12-10,Email,45-54,Other
128,Sophia,Johnson,sophia.johnson128@example.com,+1-585-167-7017,Chicago,IL,USA,2024-03-12,Paid Search,35-44,Other
129,Harper,Taylor,harper.taylor129@example.com,+1-585-382-8223,Dallas,TX,USA,2024-06-03,Social,25-34,Male
130,Charlotte,Martin,charlotte.martin130@example.com,+1-585-949-9421,Atlanta,GA,USA,2024-05-15,Email,35-44,Female
131,Charlotte,Brown,charlotte.brown131@example.com,+1-585-977-1785,New York,NY,USA,2024-07-14,Email,55+,Female
132,James,Lee,james.lee132@example.com,+1-585-830-1304,Austin,TX,USA,2025-02-28,Referral,35-44,Female
133,James,Harris,james.harris133@example.com,+1-585-149-5330,New York,NY,USA,2024-05-06,Social,25-34,Female
134,Harper,Martinez,harper.martinez134@example.com,+1-585-312-8026,New York,NY,USA,2025-01-07,Paid Search,35-44,Female
135,Oliver,Taylor,oliver.taylor135@example.com,+1-585-718-2298,Atlanta,GA,USA,2025-01-27,Display,35-44,Male
136,Amelia,Smith,amelia.smith136@example.com,+1-585-987-3580,Miami,FL,USA,2024-07-13,Social,25-34,Female
137,Noah,Lee,noah.lee137@example.com,+1-585-465-5801,Atlanta,GA,USA,2024-10-08,Display,55+,Other
138,Ava,Lee,ava.lee138@example.com,+1-585-769-8933,Austin,TX,USA,2024-01-19,Paid Search,35-44,Female
139,Amelia,Taylor,amelia.taylor139@example.com,+1-585-462-7375,Atlanta,GA,USA,2024-07-14,Display,18-24,Male
140,Elijah,Davis,elijah.davis140@example.com,+1-585-477-7308,San Francisco,CA,USA,2024-10-11,Organic Search,55+,Male
141,Sophia,Martin,sophia.martin141@example.com,+1-585-534-6063,Boston,MA,USA,2024-10-03,Email,45-54,Other
142,Charlotte,Martinez,charlotte.martinez142@example.com,+1-585-618-6302,San Francisco,CA,USA,2024-07-29,Social,55+,Male
143,Lucas,Thompson,lucas.thompson143@example.com,+1-585-889-1974,Chicago,IL,USA,2025-05-16,Paid Search,18-24,Male
144,Liam,Jackson,liam.jackson144@example.com,+1-585-902-4624,Boston,MA,USA,2024-09-28,Display,25-34,Male
145,Amelia,Young,amelia.young145@example.com,+1-585-452-1957,Denver,CO,USA,2024-05-28,Organic Search,35-44,Female
146,Benjamin,Anderson,benjamin.anderson146@example.com,+1-585-120-4433,New York,NY,USA,2024-09-01,Display,25-34,Other
147,Oliver,White,oliver.white147@example.com,+1-585-414-2640,New York,NY,USA,2025-04-03,Social,18-24,Other
148,Harper,White,harper.white148@example.com,+1-585-918-8328,Dallas,TX,USA,2024-11-01,Organic Search,25-34,Male
149,Noah,Harris,noah.harris149@example.com,+1-585-101-6285,New York,NY,USA,2024-03-29,Email,18-24,Other
150,Theodore,Smith,theodore.smith150@example.com,+1-585-202-3764,Boston,MA,USA,2024-04-24,Email,25-34,Other
151,Benjamin,Smith,benjamin.smith151@example.com,+1-585-861-6928,Miami,FL,USA,2024-12-15,Social,18-24,Male
152,Amelia,Anderson,amelia.anderson152@example.com,+1-585-962-6184,Dallas,TX,USA,2024-07-27,Referral,18-24,Other
153,Emma,Young,emma.young153@example.com,+1-585-742-9759,New York,NY,USA,2024-02-04,Display,18-24,Other
154,Olivia,Taylor,olivia.taylor154@example.com,+1-585-183-6424,Austin,TX,USA,2024-04-30,Paid Search,18-24,Female
155,Mia,Lewis,mia.lewis155@example.com,+1-585-502-4564,New York,NY,USA,2024-12-01,Display,55+,Male
156,Lucas,Smith,lucas.smith156@example.com,+1-585-155-3800,San Francisco,CA,USA,2024-03-18,Organic Search,25-34,Male
157,Emma,Lewis,emma.lewis157@example.com,+1-585-310-9594,New York,NY,USA,2024-10-08,Social,35-44,Male
158,Emma,Smith,emma.smith158@example.com,+1-585-193-1427,Seattle,WA,USA,2024-09-11,Paid Search,18-24,Male
159,Liam,Lewis,liam.lewis159@example.com,+1-585-351-7281,Atlanta,GA,USA,2024-02-12,Referral,18-24,Female
160,Theodore,Walker,theodore.walker160@example.com,+1-585-485-3608,Boston,MA,USA,2024-04-05,Paid Search,18-24,Other
161,Henry,Thomas,henry.thomas161@example.com,+1-585-773-4989,Boston,MA,USA,2024-08-10,Display,25-34,Female
162,Liam,Brown,liam.brown162@example.com,+1-585-582-1131,San Francisco,CA,USA,2024-05-17,Organic Search,55+,Male
163,Evelyn,Thompson,evelyn.thompson163@example.com,+1-585-528-6910,Miami,FL,USA,2024-04-06,Referral,18-24,Male
164,Sophia,Thompson,sophia.thompson164@example.com,+1-585-965-4028,Austin,TX,USA,2025-01-03,Email,55+,Female
165,James,Anderson,james.anderson165@example.com,+1-585-565-9405,Miami,FL,USA,2024-10-28,Email,55+,Female
166,Isabella,Brown,isabella.brown166@example.com,+1-585-600-1336,Seattle,WA,USA,2024-04-10,Organic Search,55+,Female
167,Oliver,Smith,oliver.smith167@example.com,+1-585-176-4956,Atlanta,GA,USA,2025-07-02,Organic Search,55+,Female
168,Emma,Jackson,emma.jackson168@example.com,+1-585-523-1575,Miami,FL,USA,2024-09-21,Paid Search,55+,Male
169,Liam,Young,liam.young169@example.com,+1-585-191-1749,Chicago,IL,USA,2025-03-20,Paid Search,45-54,Other
170,William,Lee,william.lee170@example.com,+1-585-699-7073,Dallas,TX,USA,2024-07-23,Referral,45-54,Other
171,Noah,Martin,noah.martin171@example.com,+1-585-822-3175,Dallas,TX,USA,2024-07-08,Display,45-54,Male
172,Charlotte,Anderson,charlotte.anderson172@example.com,+1-585-844-7730,Dallas,TX,USA,2024-01-18,Paid Search,18-24,Other
173,Mia,Anderson,mia.anderson173@example.com,+1-585-845-8561,New York,NY,USA,2024-07-26,Organic Search,25-34,Female
174,Harper,Lewis,harper.lewis174@example.com,+1-585-105-9395,Dallas,TX,USA,2024-07-20,Social,25-34,Other
175,Isabella,Lee,isabella.lee175@example.com,+1-585-522-4326,San Francisco,CA,USA,2024-05-02,Display,18-24,Female
176,Benjamin,Taylor,benjamin.taylor176@example.com,+1-585-442-8415,San Francisco,CA,USA,2024-09-05,Paid Search,18-24,Other
177,Amelia,Anderson,amelia.anderson177@example.com,+1-585-957-2690,Denver,CO,USA,2024-02-07,Email,18-24,Other
178,Oliver,Martin,oliver.martin178@example.com,+1-585-792-2203,New York,NY,USA,2025-02-27,Email,18-24,Other
179,Oliver,Jackson,oliver.jackson179@example.com,+1-585-485-4106,San Francisco,CA,USA,2024-10-23,Email,18-24,Male
180,James,Garcia,james.garcia180@example.com,+1-585-945-6569,Atlanta,GA,USA,2024-10-06,Display,55+,Other
181,Lucas,Garcia,lucas.garcia181@example.com,+1-585-891-9963,Atlanta,GA,USA,2024-05-16,Referral,55+,Female
182,Theodore,Thompson,theodore.thompson182@example.com,+1-585-249-7894,Seattle,WA,USA,2024-04-06,Display,25-34,Male
183,Harper,Taylor,harper.taylor183@example.com,+1-585-505-3796,New York,NY,USA,2024-08-07,Display,55+,Male
184,Noah,Smith,noah.smith184@example.com,+1-585-686-2522,Seattle,WA,USA,2024-05-05,Organic Search,45-54,Other
185,Benjamin,Smith,benjamin.smith185@example.com,+1-585-322-1723,Atlanta,GA,USA,2024-02-25,Social,25-34,Other
186,James,Perez,james.perez186@example.com,+1-585-235-5039,San Francisco,CA,USA,2024-05-14,Referral,55+,Other
187,Henry,Perez,henry.perez187@example.com,+1-585-572-4659,Austin,TX,USA,2024-09-08,Paid Search,25-34,Other
188,Liam,Lee,liam.lee188@example.com,+1-585-747-9185,Atlanta,GA,USA,2024-07-24,Display,45-54,Other
189,Benjamin,Martinez,benjamin.martinez189@example.com,+1-585-559-2451,Atlanta,GA,USA,2025-01-14,Display,35-44,Other
190,Benjamin,Perez,benjamin.perez190@example.com,+1-585-139-2090,Chicago,IL,USA,2024-02-16,Social,25-34,Female
191,Elijah,Clark,elijah.clark191@example.com,+1-585-886-9945,Dallas,TX,USA,2024-09-19,Email,18-24,Male
192,Charlotte,Taylor,charlotte.taylor192@example.com,+1-585-719-4859,Atlanta,GA,USA,2024-06-03,Email,55+,Female
193,Liam,Johnson,liam.johnson193@example.com,+1-585-971-2695,San Francisco,CA,USA,2024-09-05,Social,55+,Male
194,Oliver,Lee,oliver.lee194@example.com,+1-585-746-4342,Denver,CO,USA,2024-03-29,Email,35-44,Other
195,Ava,Lewis,ava.lewis195@example.com,+1-585-164-2854,Miami,FL,USA,2024-05-18,Email,45-54,Female
196,Noah,Harris,noah.harris196@example.com,+1-585-326-7884,San Francisco,CA,USA,2024-07-19,Paid Search,55+,Other
197,Benjamin,Jackson,benjamin.jackson197@example.com,+1-585-545-1658,Seattle,WA,USA,2024-12-31,Email,55+,Female
198,William,Lewis,william.lewis198@example.com,+1-585-439-2049,Austin,TX,USA,2024-12-23,Paid Search,45-54,Female
199,Olivia,Lee,olivia.lee199@example.com,+1-585-726-2878,Seattle,WA,USA,2024-09-01,Email,55+,Male
200,Ava,Jackson,ava.jackson200@example.com,+1-585-514-7873,San Francisco,CA,USA,2024-10-24,Referral,18-24,Male
201,Benjamin,Martinez,benjamin.martinez201@example.com,+1-585-648-2088,Seattle,WA,USA,2024-07-28,Referral,25-34,Other
202,Oliver,Young,oliver.young202@example.com,+1-585-476-9209,San Francisco,CA,USA,2024-04-14,Referral,35-44,Male
203,Sophia,Brown,sophia.brown203@example.com,+1-585-397-8110,San Francisco,CA,USA,2024-11-03,Display,45-54,Male
204,Henry,Johnson,henry.johnson204@example.com,+1-585-986-4935,Chicago,IL,USA,2024-09-30,Paid Search,35-44,Male
205,James,Perez,james.perez205@example.com,+1-585-684-1532,Miami,FL,USA,2025-02-17,Display,55+,Female
206,Oliver,Thomas,oliver.thomas206@example.com,+1-585-388-9390,Chicago,IL,USA,2025-05-08,Display,18-24,Female
207,Elijah,Smith,elijah.smith207@example.com,+1-585-584-4758,Atlanta,GA,USA,2024-08-06,Referral,18-24,Female
208,Harper,Martin,harper.martin208@example.com,+1-585-136-3131,San Francisco,CA,USA,2024-11-21,Display,18-24,Other
209,Evelyn,Johnson,evelyn.johnson209@example.com,+1-585-534-4635,Atlanta,GA,USA,2025-02-25,Display,25-34,Other
210,Oliver,Harris,oliver.harris210@example.com,+1-585-390-1787,New York,NY,USA,2024-05-08,Referral,18-24,Other
211,Lucas,Anderson,lucas.anderson211@example.com,+1-585-355-1834,Seattle,WA,USA,2024-03-20,Display,45-54,Male
212,Amelia,Thomas,amelia.thomas212@example.com,+1-585-482-8213,Boston,MA,USA,2024-05-18,Social,55+,Other
213,Benjamin,Martinez,benjamin.martinez213@example.com,+1-585-995-2950,New York,NY,USA,2024-05-09,Organic Search,45-54,Male
214,Liam,Jackson,liam.jackson214@example.com,+1-585-816-6895,Boston,MA,USA,2024-04-25,Social,45-54,Female
215,Amelia,Taylor,amelia.taylor215@example.com,+1-585-524-9735,Boston,MA,USA,2024-07-06,Social,35-44,Female
216,Henry,Perez,henry.perez216@example.com,+1-585-354-3079,Boston,MA,USA,2024-09-24,Social,18-24,Other
217,Emma,Walker,emma.walker217@example.com,+1-585-970-8319,Austin,TX,USA,2024-10-04,Email,45-54,Other
218,Oliver,Clark,oliver.clark218@example.com,+1-585-512-5030,Chicago,IL,USA,2024-01-19,Email,55+,Other
219,Mia,White,mia.white219@example.com,+1-585-417-1228,Miami,FL,USA,2024-04-22,Organic Search,18-24,Male
220,Amelia,Garcia,amelia.garcia220@example.com,+1-585-598-1272,Denver,CO,USA,2024-04-06,Organic Search,55+,Female
221,James,Thompson,james.thompson221@example.com,+1-585-262-8784,Atlanta,GA,USA,2024-07-04,Email,35-44,Other
222,Emma,Davis,emma.davis222@example.com,+1-585-556-7146,Atlanta,GA,USA,2024-06-23,Social,35-44,Female
223,Olivia,Martinez,olivia.martinez223@example.com,+1-585-880-6923,Atlanta,GA,USA,2025-04-14,Social,18-24,Female
224,Lucas,Perez,lucas.perez224@example.com,+1-585-273-3521,Seattle,WA,USA,2024-06-18,Display,35-44,Female
225,Sophia,Johnson,sophia.johnson225@example.com,+1-585-190-5058,Atlanta,GA,USA,2024-10-19,Referral,25-34,Female
226,Liam,Thompson,liam.thompson226@example.com,+1-585-625-2647,San Francisco,CA,USA,2024-07-19,Referral,25-34,Female
227,Oliver,Brown,oliver.brown227@example.com,+1-585-262-7580,Austin,TX,USA,2024-02-27,Display,25-34,Other
228,Sophia,White,sophia.white228@example.com,+1-585-460-5435,San Francisco,CA,USA,2024-03-27,Referral,35-44,Other
229,Olivia,Harris,olivia.harris229@example.com,+1-585-876-5769,Miami,FL,USA,2024-03-19,Display,55+,Female
230,Lucas,Clark,lucas.clark230@example.com,+1-585-741-7664,Austin,TX,USA,2024-04-07,Paid Search,25-34,Other
231,James,Garcia,james.garcia231@example.com,+1-585-727-9864,Dallas,TX,USA,2024-02-25,Display,55+,Female
232,Charlotte,Anderson,charlotte.anderson232@example.com,+1-585-965-1580,Seattle,WA,USA,2024-08-30,Display,55+,Other
233,Henry,Thompson,henry.thompson233@example.com,+1-585-763-3471,Chicago,IL,USA,2024-06-23,Organic Search,18-24,Male
234,Emma,Lewis,emma.lewis234@example.com,+1-585-178-4807,New York,NY,USA,2024-02-16,Organic Search,55+,Female
235,Ava,Harris,ava.harris235@example.com,+1-585-503-7033,San Francisco,CA,USA,2024-08-04,Paid Search,18-24,Male
236,Benjamin,Smith,benjamin.smith236@example.com,+1-585-583-6970,Austin,TX,USA,2024-05-08,Referral,18-24,Female
237,Theodore,Walker,theodore.walker237@example.com,+1-585-864-6674,Austin,TX,USA,2024-06-19,Display,35-44,Male
238,Amelia,Brown,amelia.brown238@example.com,+1-585-213-5388,Miami,FL,USA,2024-10-20,Paid Search,35-44,Other
239,Oliver,Davis,oliver.davis239@example.com,+1-585-875-4617,Boston,MA,USA,2024-03-18,Referral,55+,Male
240,Liam,Young,liam.young240@example.com,+1-585-830-3240,Atlanta,GA,USA,2024-04-18,Organic Search,45-54,Male
241,Emma,Martin,emma.martin241@example.com,+1-585-963-9071,New York,NY,USA,2024-04-21,Display,35-44,Other
242,Mia,Garcia,mia.garcia242@example.com,+1-585-807-6139,Dallas,TX,USA,2024-07-19,Email,18-24,Male
243,Benjamin,Thompson,benjamin.thompson243@example.com,+1-585-958-8744,New York,NY,USA,2024-07-02,Referral,55+,Other
244,Olivia,Clark,olivia.clark244@example.com,+1-585-295-4757,Boston,MA,USA,2024-10-21,Paid Search,25-34,Male
245,Lucas,Clark,lucas.clark245@example.com,+1-585-291-9570,Boston,MA,USA,2024-04-27,Referral,55+,Male
246,Benjamin,Martin,benjamin.martin246@example.com,+1-585-672-4076,Miami,FL,USA,2024-02-24,Organic Search,45-54,Male
247,Charlotte,Davis,charlotte.davis247@example.com,+1-585-806-3651,Miami,FL,USA,2024-09-09,Display,25-34,Female
248,Benjamin,Johnson,benjamin.johnson248@example.com,+1-585-966-3597,San Francisco,CA,USA,2024-04-01,Social,55+,Male
249,Oliver,Harris,oliver.harris249@example.com,+1-585-250-4790,Austin,TX,USA,2024-12-25,Email,18-24,Female
250,Emma,Davis,emma.davis250@example.com,+1-585-657-3224,Seattle,WA,USA,2024-08-16,Referral,18-24,Female
251,Ava,Clark,ava.clark251@example.com,+1-585-536-9871,Austin,TX,USA,2024-04-06,Email,25-34,Other
252,Charlotte,Young,charlotte.young252@example.com,+1-585-592-8266,Dallas,TX,USA,2025-02-14,Email,35-44,Male
253,Amelia,Clark,amelia.clark253@example.com,+1-585-135-7313,Atlanta,GA,USA,2024-11-13,Social,35-44,Male
254,Noah,Jackson,noah.jackson254@example.com,+1-585-601-5788,Austin,TX,USA,2024-09-05,Organic Search,35-44,Female
255,Charlotte,Perez,charlotte.perez255@example.com,+1-585-329-8481,Chicago,IL,USA,2024-02-25,Social,18-24,Male
256,Elijah,Brown,elijah.brown256@example.com,+1-585-623-4629,New York,NY,USA,2024-08-08,Referral,25-34,Male
257,Henry,Taylor,henry.taylor257@example.com,+1-585-409-6862,Austin,TX,USA,2024-01-29,Social,55+,Other
258,Ava,Perez,ava.perez258@example.com,+1-585-504-8215,New York,NY,USA,2024-11-16,Referral,45-54,Other
259,Theodore,Perez,theodore.perez259@example.com,+1-585-490-9649,San Francisco,CA,USA,2024-03-29,Social,45-54,Male
260,Harper,Walker,harper.walker260@example.com,+1-585-426-3873,Boston,MA,USA,2024-05-20,Referral,45-54,Male
261,William,Lewis,william.lewis261@example.com,+1-585-130-1170,Denver,CO,USA,2024-10-14,Organic Search,25-34,Male
262,Amelia,Martin,amelia.martin262@example.com,+1-585-978-7762,Chicago,IL,USA,2024-04-29,Social,45-54,Male
263,Theodore,Thomas,theodore.thomas263@example.com,+1-585-271-6074,Chicago,IL,USA,2024-03-12,Organic Search,25-34,Male
264,Theodore,Smith,theodore.smith264@example.com,+1-585-642-5701,New York,NY,USA,2024-11-30,Display,25-34,Male
265,James,Thomas,james.thomas265@example.com,+1-585-637-3602,Atlanta,GA,USA,2024-10-25,Referral,45-54,Female
266,Oliver,Thomas,oliver.thomas266@example.com,+1-585-434-8384,Denver,CO,USA,2024-07-31,Organic Search,35-44,Male
267,William,Smith,william.smith267@example.com,+1-585-849-6624,Austin,TX,USA,2024-03-15,Paid Search,35-44,Female
268,Amelia,Harris,amelia.harris268@example.com,+1-585-710-7393,Boston,MA,USA,2024-04-15,Organic Search,55+,Other
269,Amelia,White,amelia.white269@example.com,+1-585-482-5844,New York,NY,USA,2024-01-15,Referral,55+,Male
270,Sophia,Brown,sophia.brown270@example.com,+1-585-530-7227,Denver,CO,USA,2024-05-11,Social,45-54,Other
271,Evelyn,Perez,evelyn.perez271@example.com,+1-585-950-1694,San Francisco,CA,USA,2024-02-13,Email,25-34,Other
272,Isabella,Lewis,isabella.lewis272@example.com,+1-585-826-6872,Chicago,IL,USA,2024-08-11,Social,25-34,Other
273,Theodore,White,theodore.white273@example.com,+1-585-458-8621,Miami,FL,USA,2024-07-15,Display,45-54,Other
274,Noah,Clark,noah.clark274@example.com,+1-585-939-6230,Chicago,IL,USA,2024-05-13,Email,35-44,Male
275,Henry,Smith,henry.smith275@example.com,+1-585-616-8989,San Francisco,CA,USA,2024-06-18,Referral,45-54,Other
276,Ava,Lee,ava.lee276@example.com,+1-585-836-6285,Miami,FL,USA,2024-03-15,Paid Search,18-24,Other
277,Charlotte,Johnson,charlotte.johnson277@example.com,+1-585-775-1956,Seattle,WA,USA,2024-06-28,Organic Search,55+,Male
278,Emma,Lee,emma.lee278@example.com,+1-585-620-9811,Austin,TX,USA,2024-12-05,Referral,55+,Female
279,Henry,Lee,henry.lee279@example.com,+1-585-962-1187,Miami,FL,USA,2024-06-10,Display,55+,Female
280,Benjamin,Anderson,benjamin.anderson280@example.com,+1-585-756-1494,Austin,TX,USA,2024-02-12,Referral,45-54,Other
281,Harper,Walker,harper.walker281@example.com,+1-585-696-8330,Miami,FL,USA,2024-11-15,Social,55+,Other
282,Olivia,Thomas,olivia.thomas282@example.com,+1-585-340-8754,New York,NY,USA,2024-06-08,Email,25-34,Female
283,Benjamin,Martin,benjamin.martin283@example.com,+1-585-769-4295,Denver,CO,USA,2024-01-20,Paid Search,18-24,Other
284,Noah,Harris,noah.harris284@example.com,+1-585-937-7842,Dallas,TX,USA,2024-04-12,Organic Search,45-54,Female
285,Isabella,Thompson,isabella.thompson285@example.com,+1-585-861-6814,Denver,CO,USA,2024-04-13,Email,25-34,Female
286,Liam,Garcia,liam.garcia286@example.com,+1-585-573-8336,New York,NY,USA,2024-12-09,Social,18-24,Female
287,Henry,Young,henry.young287@example.com,+1-585-661-6154,Boston,MA,USA,2024-06-02,Email,45-54,Male
288,Olivia,Harris,olivia.harris288@example.com,+1-585-676-6924,Chicago,IL,USA,2024-05-14,Display,35-44,Male
289,Elijah,Martinez,elijah.martinez289@example.com,+1-585-569-5227,Miami,FL,USA,2024-08-27,Referral,35-44,Other
290,Amelia,Davis,amelia.davis290@example.com,+1-585-161-8558,Austin,TX,USA,2024-10-16,Organic Search,18-24,Female
291,Theodore,Brown,theodore.brown291@example.com,+1-585-132-3969,Dallas,TX,USA,2024-05-04,Social,35-44,Male
292,William,Martin,william.martin292@example.com,+1-585-509-9491,Denver,CO,USA,2024-07-15,Referral,35-44,Male
293,Charlotte,Clark,charlotte.clark293@example.com,+1-585-492-8183,Miami,FL,USA,2024-03-24,Social,18-24,Female
294,Amelia,Clark,amelia.clark294@example.com,+1-585-216-1876,Denver,CO,USA,2024-04-25,Email,35-44,Male
295,Theodore,Taylor,theodore.taylor295@example.com,+1-585-395-2015,New York,NY,USA,2024-04-28,Email,45-54,Male
296,Noah,Taylor,noah.taylor296@example.com,+1-585-195-5372,San Francisco,CA,USA,2024-09-09,Email,25-34,Female
297,Olivia,Johnson,olivia.johnson297@example.com,+1-585-986-6820,San Francisco,CA,USA,2024-07-07,Referral,55+,Female
298,Benjamin,Taylor,benjamin.taylor298@example.com,+1-585-822-5050,Seattle,WA,USA,2024-10-09,Referral,35-44,Female
299,Noah,Clark,noah.clark299@example.com,+1-585-745-4382,Chicago,IL,USA,2025-03-10,Display,35-44,Other
300,Oliver,Brown,oliver.brown300@example.com,+1-585-683-3403,New York,NY,USA,2024-07-19,Social,18-24,Female
301,Emma,Perez,emma.perez301@example.com,+1-585-826-8871,Miami,FL,USA,2024-09-07,Social,18-24,Male
302,Evelyn,Garcia,evelyn.garcia302@example.com,+1-585-149-6924,Miami,FL,USA,2024-10-08,Display,25-34,Other
303,Charlotte,Lewis,charlotte.lewis303@example.com,+1-585-584-8599,Dallas,TX,USA,2024-10-11,Email,45-54,Female
304,Sophia,Harris,sophia.harris304@example.com,+1-585-105-8917,Boston,MA,USA,2024-10-16,Display,25-34,Male
305,Noah,Lewis,noah.lewis305@example.com,+1-585-379-1164,San Francisco,CA,USA,2024-07-14,Paid Search,18-24,Male
306,Ava,Martinez,ava.martinez306@example.com,+1-585-563-2653,Dallas,TX,USA,2024-07-06,Social,55+,Other
307,Isabella,White,isabella.white307@example.com,+1-585-407-7670,Miami,FL,USA,2024-09-13,Organic Search,55+,Female
308,Charlotte,Clark,charlotte.clark308@example.com,+1-585-971-2632,Chicago,IL,USA,2024-07-06,Referral,45-54,Female
309,Harper,Lewis,harper.lewis309@example.com,+1-585-562-5162,Dallas,TX,USA,2024-10-29,Referral,45-54,Other
310,Harper,Clark,harper.clark310@example.com,+1-585-867-5755,Boston,MA,USA,2024-04-03,Social,25-34,Other
311,Ava,Brown,ava.brown311@example.com,+1-585-562-9537,Denver,CO,USA,2024-10-05,Paid Search,45-54,Other
312,Benjamin,Martin,benjamin.martin312@example.com,+1-585-749-7299,Dallas,TX,USA,2025-01-16,Social,55+,Other
313,Sophia,Walker,sophia.walker313@example.com,+1-585-771-9163,Denver,CO,USA,2025-01-21,Social,55+,Male
314,Olivia,Johnson,olivia.johnson314@example.com,+1-585-429-2599,Atlanta,GA,USA,2024-03-05,Referral,25-34,Other
315,Ava,Lewis,ava.lewis315@example.com,+1-585-135-8057,Miami,FL,USA,2024-06-08,Social,55+,Female
316,Benjamin,Lewis,benjamin.lewis316@example.com,+1-585-283-4821,Seattle,WA,USA,2024-04-29,Email,55+,Female
317,James,White,james.white317@example.com,+1-585-145-6031,Boston,MA,USA,2024-02-23,Email,18-24,Female
318,Lucas,Lee,lucas.lee318@example.com,+1-585-243-1339,Chicago,IL,USA,2024-04-08,Email,25-34,Male
319,Mia,Smith,mia.smith319@example.com,+1-585-708-7190,Seattle,WA,USA,2024-06-10,Referral,25-34,Female
320,William,Perez,william.perez320@example.com,+1-585-452-3675,Seattle,WA,USA,2024-03-09,Email,55+,Other
321,Liam,Lewis,liam.lewis321@example.com,+1-585-663-8167,Denver,CO,USA,2024-12-06,Referral,45-54,Other
322,Evelyn,Martinez,evelyn.martinez322@example.com,+1-585-455-3433,Boston,MA,USA,2024-03-29,Paid Search,35-44,Male
323,Elijah,Brown,elijah.brown323@example.com,+1-585-927-1816,Dallas,TX,USA,2024-08-08,Email,55+,Other
324,Benjamin,Thomas,benjamin.thomas324@example.com,+1-585-784-7493,Atlanta,GA,USA,2024-04-23,Social,35-44,Female
325,Theodore,Taylor,theodore.taylor325@example.com,+1-585-338-2838,Atlanta,GA,USA,2024-05-15,Paid Search,25-34,Female
326,Lucas,Brown,lucas.brown326@example.com,+1-585-835-2368,Boston,MA,USA,2024-04-07,Social,45-54,Female
327,Benjamin,Martin,benjamin.martin327@example.com,+1-585-385-5588,Boston,MA,USA,2024-10-04,Paid Search,18-24,Female
328,Isabella,Davis,isabella.davis328@example.com,+1-585-573-9301,Seattle,WA,USA,2025-01-09,Organic Search,18-24,Male
329,Evelyn,Clark,evelyn.clark329@example.com,+1-585-903-5549,Boston,MA,USA,2024-09-10,Social,45-54,Other
330,Henry,Walker,henry.walker330@example.com,+1-585-730-7946,Seattle,WA,USA,2024-10-27,Social,35-44,Female
331,James,Young,james.young331@example.com,+1-585-882-3699,Boston,MA,USA,2025-02-25,Social,35-44,Male
332,Mia,Harris,mia.harris332@example.com,+1-585-421-1661,San Francisco,CA,USA,2024-03-09,Email,25-34,Male
333,Theodore,Martinez,theodore.martinez333@example.com,+1-585-276-9722,Denver,CO,USA,2024-09-23,Display,25-34,Female
334,Emma,Brown,emma.brown334@example.com,+1-585-917-5755,New York,NY,USA,2024-05-16,Display,25-34,Female
335,Elijah,Lee,elijah.lee335@example.com,+1-585-127-1708,Miami,FL,USA,2024-04-10,Display,55+,Other
336,Henry,Thompson,henry.thompson336@example.com,+1-585-168-7877,New York,NY,USA,2024-05-28,Referral,25-34,Male
337,James,Harris,james.harris337@example.com,+1-585-595-7344,Atlanta,GA,USA,2025-02-04,Paid Search,18-24,Other
338,James,Lewis,james.lewis338@example.com,+1-585-194-8019,New York,NY,USA,2024-10-03,Paid Search,45-54,Male
339,Henry,Martinez,henry.martinez339@example.com,+1-585-325-8200,Denver,CO,USA,2024-07-23,Organic Search,45-54,Male
340,Isabella,Lewis,isabella.lewis340@example.com,+1-585-255-3979,San Francisco,CA,USA,2024-11-05,Paid Search,25-34,Other
341,Sophia,Taylor,sophia.taylor341@example.com,+1-585-226-9130,Dallas,TX,USA,2024-02-14,Social,25-34,Male
342,Evelyn,Brown,evelyn.brown342@example.com,+1-585-576-1989,Miami,FL,USA,2024-03-05,Social,45-54,Male
343,James,Thomas,james.thomas343@example.com,+1-585-687-6990,Dallas,TX,USA,2024-09-10,Referral,18-24,Male
344,Amelia,Martin,amelia.martin344@example.com,+1-585-711-9463,Austin,TX,USA,2025-01-09,Paid Search,45-54,Other
345,Benjamin,Anderson,benjamin.anderson345@example.com,+1-585-481-3790,Atlanta,GA,USA,2025-02-16,Referral,55+,Other
346,Sophia,Lee,sophia.lee346@example.com,+1-585-122-3374,Atlanta,GA,USA,2024-02-13,Display,35-44,Other
347,Elijah,Johnson,elijah.johnson347@example.com,+1-585-123-2149,Miami,FL,USA,2024-07-18,Referral,35-44,Male
348,Lucas,Johnson,lucas.johnson348@example.com,+1-585-441-3636,Miami,FL,USA,2025-02-15,Social,35-44,Other
349,Elijah,Martin,elijah.martin349@example.com,+1-585-124-3251,Dallas,TX,USA,2024-03-20,Social,18-24,Male
350,Emma,Garcia,emma.garcia350@example.com,+1-585-407-3859,Atlanta,GA,USA,2024-12-30,Email,25-34,Other
351,Liam,Anderson,liam.anderson351@example.com,+1-585-567-9949,Miami,FL,USA,2024-09-03,Display,25-34,Male
352,James,Perez,james.perez352@example.com,+1-585-908-2292,San Francisco,CA,USA,2024-11-10,Referral,35-44,Female
353,Benjamin,Martin,benjamin.martin353@example.com,+1-585-496-4052,New York,NY,USA,2024-07-28,Organic Search,25-34,Male
354,Ava,Young,ava.young354@example.com,+1-585-200-6156,Denver,CO,USA,2024-08-18,Organic Search,55+,Other
355,Oliver,Clark,oliver.clark355@example.com,+1-585-195-3714,New York,NY,USA,2024-08-11,Referral,18-24,Other
356,William,Johnson,william.johnson356@example.com,+1-585-429-6738,Boston,MA,USA,2025-03-18,Social,55+,Female
357,Evelyn,Harris,evelyn.harris357@example.com,+1-585-989-4219,Austin,TX,USA,2024-04-21,Display,55+,Male
358,Theodore,Davis,theodore.davis358@example.com,+1-585-476-1464,Chicago,IL,USA,2025-01-30,Email,45-54,Male
359,Sophia,Perez,sophia.perez359@example.com,+1-585-825-9912,Atlanta,GA,USA,2024-03-27,Organic Search,45-54,Other
360,Ava,Lewis,ava.lewis360@example.com,+1-585-185-5908,San Francisco,CA,USA,2025-08-27,Organic Search,45-54,Other
361,Henry,Davis,henry.davis361@example.com,+1-585-937-5592,Denver,CO,USA,2024-10-19,Display,25-34,Male
362,Lucas,Walker,lucas.walker362@example.com,+1-585-220-9091,New York,NY,USA,2024-05-08,Email,25-34,Male
363,William,Davis,william.davis363@example.com,+1-585-290-9034,San Francisco,CA,USA,2024-08-28,Organic Search,25-34,Male
364,Benjamin,Thomas,benjamin.thomas364@example.com,+1-585-634-7123,Dallas,TX,USA,2024-06-07,Display,55+,Male
365,Elijah,Taylor,elijah.taylor365@example.com,+1-585-581-6097,Dallas,TX,USA,2025-02-03,Email,25-34,Other
366,Emma,Harris,emma.harris366@example.com,+1-585-666-8966,Dallas,TX,USA,2025-02-01,Social,25-34,Other
367,Charlotte,Harris,charlotte.harris367@example.com,+1-585-964-1281,Boston,MA,USA,2024-05-16,Paid Search,55+,Other
368,Theodore,Lewis,theodore.lewis368@example.com,+1-585-486-5454,Miami,FL,USA,2024-04-05,Organic Search,18-24,Female
369,Charlotte,Harris,charlotte.harris369@example.com,+1-585-275-2610,New York,NY,USA,2025-01-20,Referral,18-24,Female
370,Henry,Clark,henry.clark370@example.com,+1-585-314-5532,Dallas,TX,USA,2024-03-07,Referral,35-44,Other
371,Emma,Smith,emma.smith371@example.com,+1-585-661-2771,San Francisco,CA,USA,2024-02-14,Referral,35-44,Other
372,Olivia,Perez,olivia.perez372@example.com,+1-585-884-6430,Chicago,IL,USA,2024-11-05,Social,35-44,Other
373,Mia,Thomas,mia.thomas373@example.com,+1-585-371-2592,San Francisco,CA,USA,2024-02-26,Paid Search,25-34,Female
374,Charlotte,Walker,charlotte.walker374@example.com,+1-585-996-6354,Boston,MA,USA,2024-07-23,Display,55+,Other
375,Henry,White,henry.white375@example.com,+1-585-918-8904,Miami,FL,USA,2025-03-31,Display,25-34,Female
376,Noah,Garcia,noah.garcia376@example.com,+1-585-186-5979,San Francisco,CA,USA,2024-09-18,Display,35-44,Other
377,Mia,Anderson,mia.anderson377@example.com,+1-585-274-2006,San Francisco,CA,USA,2024-03-22,Email,18-24,Male
378,Theodore,Thompson,theodore.thompson378@example.com,+1-585-521-1808,Chicago,IL,USA,2024-07-28,Social,55+,Male
379,Henry,Thomas,henry.thomas379@example.com,+1-585-499-1062,Seattle,WA,USA,2025-01-23,Social,25-34,Other
380,Emma,Harris,emma.harris380@example.com,+1-585-230-6009,Dallas,TX,USA,2024-08-03,Paid Search,35-44,Other
381,Sophia,Thompson,sophia.thompson381@example.com,+1-585-578-2197,San Francisco,CA,USA,2025-02-03,Referral,35-44,Female
382,Ava,Taylor,ava.taylor382@example.com,+1-585-794-2409,Chicago,IL,USA,2024-10-13,Organic Search,55+,Male
383,Isabella,Clark,isabella.clark383@example.com,+1-585-708-8296,Seattle,WA,USA,2025-01-07,Organic Search,55+,Male
384,Amelia,Perez,amelia.perez384@example.com,+1-585-490-2694,San Francisco,CA,USA,2024-06-08,Paid Search,18-24,Female
385,Evelyn,Johnson,evelyn.johnson385@example.com,+1-585-629-8388,Austin,TX,USA,2024-03-29,Organic Search,18-24,Male
386,Benjamin,Johnson,benjamin.johnson386@example.com,+1-585-200-8914,Chicago,IL,USA,2024-07-06,Email,55+,Female
387,Evelyn,Davis,evelyn.davis387@example.com,+1-585-498-9354,Atlanta,GA,USA,2024-10-21,Social,35-44,Other
388,Harper,Clark,harper.clark388@example.com,+1-585-685-6906,Austin,TX,USA,2024-03-28,Paid Search,55+,Other
389,Harper,Smith,harper.smith389@example.com,+1-585-430-5979,Chicago,IL,USA,2024-08-11,Display,18-24,Male
390,Harper,Thompson,harper.thompson390@example.com,+1-585-278-9008,Chicago,IL,USA,2024-11-03,Display,55+,Other
391,Isabella,Young,isabella.young391@example.com,+1-585-784-5659,Chicago,IL,USA,2024-04-23,Paid Search,35-44,Male
392,James,Martin,james.martin392@example.com,+1-585-106-1040,Austin,TX,USA,2024-04-22,Display,18-24,Other
393,Henry,Thomas,henry.thomas393@example.com,+1-585-136-5354,Dallas,TX,USA,2024-08-10,Email,55+,Male
394,Noah,Martin,noah.martin394@example.com,+1-585-319-7172,Seattle,WA,USA,2025-04-02,Email,18-24,Male
395,Liam,Walker,liam.walker395@example.com,+1-585-922-4072,Atlanta,GA,USA,2024-11-13,Paid Search,18-24,Other
396,Olivia,Johnson,olivia.johnson396@example.com,+1-585-781-6748,Chicago,IL,USA,2025-07-24,Referral,55+,Male
397,Benjamin,Lewis,benjamin.lewis397@example.com,+1-585-865-6006,New York,NY,USA,2024-04-08,Email,18-24,Male
398,Olivia,Thompson,olivia.thompson398@example.com,+1-585-435-7880,Seattle,WA,USA,2024-01-28,Display,35-44,Male
399,Isabella,Young,isabella.young399@example.com,+1-585-125-1889,Boston,MA,USA,2024-07-09,Paid Search,45-54,Other
400,Charlotte,Lee,charlotte.lee400@example.com,+1-585-809-9917,Boston,MA,USA,2024-05-22,Organic Search,55+,Female
401,Sophia,White,sophia.white401@example.com,+1-585-797-9694,San Francisco,CA,USA,2024-07-16,Social,18-24,Other
402,Liam,Thompson,liam.thompson402@example.com,+1-585-241-6091,New York,NY,USA,2025-03-21,Email,55+,Other
403,Ava,Perez,ava.perez403@example.com,+1-585-289-7414,Chicago,IL,USA,2024-06-29,Display,55+,Female
404,Benjamin,Harris,benjamin.harris404@example.com,+1-585-373-9407,Denver,CO,USA,2024-06-25,Paid Search,35-44,Other
405,Charlotte,Lewis,charlotte.lewis405@example.com,+1-585-858-7511,Denver,CO,USA,2024-10-01,Display,35-44,Female
406,James,Anderson,james.anderson406@example.com,+1-585-481-8333,Chicago,IL,USA,2024-07-19,Paid Search,35-44,Other
407,Isabella,Thompson,isabella.thompson407@example.com,+1-585-226-4823,Miami,FL,USA,2024-03-18,Paid Search,25-34,Other
408,Noah,Martinez,noah.martinez408@example.com,+1-585-144-7644,San Francisco,CA,USA,2024-09-19,Referral,18-24,Male
409,Isabella,Lewis,isabella.lewis409@example.com,+1-585-467-1227,New York,NY,USA,2024-03-28,Social,25-34,Other
410,James,Jackson,james.jackson410@example.com,+1-585-427-2198,Boston,MA,USA,2024-06-16,Organic Search,25-34,Other
411,Lucas,Anderson,lucas.anderson411@example.com,+1-585-263-7021,Austin,TX,USA,2024-02-19,Display,18-24,Male
412,Amelia,Davis,amelia.davis412@example.com,+1-585-227-1868,Chicago,IL,USA,2024-11-20,Paid Search,18-24,Other
413,Benjamin,Lewis,benjamin.lewis413@example.com,+1-585-430-5031,Atlanta,GA,USA,2024-11-07,Referral,35-44,Female
414,William,Thomas,william.thomas414@example.com,+1-585-837-6079,New York,NY,USA,2024-12-19,Paid Search,45-54,Female
415,William,Lee,william.lee415@example.com,+1-585-646-5228,Atlanta,GA,USA,2024-02-13,Paid Search,18-24,Female
416,Ava,Thomas,ava.thomas416@example.com,+1-585-243-4426,New York,NY,USA,2024-02-15,Organic Search,25-34,Male
417,Benjamin,Johnson,benjamin.johnson417@example.com,+1-585-607-5129,Boston,MA,USA,2024-06-16,Paid Search,55+,Other
418,Oliver,Clark,oliver.clark418@example.com,+1-585-748-5478,Chicago,IL,USA,2024-01-13,Social,55+,Female
419,Olivia,Garcia,olivia.garcia419@example.com,+1-585-494-7819,Denver,CO,USA,2024-01-04,Email,25-34,Male
420,James,Young,james.young420@example.com,+1-585-568-9658,New York,NY,USA,2024-12-26,Social,45-54,Male
421,James,Lee,james.lee421@example.com,+1-585-449-3945,Atlanta,GA,USA,2024-04-14,Paid Search,25-34,Other
422,Amelia,Anderson,amelia.anderson422@example.com,+1-585-167-6545,Atlanta,GA,USA,2024-11-10,Referral,35-44,Female
423,Oliver,Anderson,oliver.anderson423@example.com,+1-585-724-9050,Denver,CO,USA,2024-01-15,Referral,45-54,Other
424,William,Taylor,william.taylor424@example.com,+1-585-479-6847,Chicago,IL,USA,2024-01-26,Social,55+,Female
425,Noah,Thompson,noah.thompson425@example.com,+1-585-358-6452,Chicago,IL,USA,2024-10-31,Social,35-44,Female
426,Henry,Brown,henry.brown426@example.com,+1-585-661-2865,New York,NY,USA,2024-03-08,Email,25-34,Female
427,Amelia,White,amelia.white427@example.com,+1-585-511-2839,Chicago,IL,USA,2024-04-17,Email,35-44,Other
428,Charlotte,White,charlotte.white428@example.com,+1-585-862-7754,Miami,FL,USA,2024-12-06,Organic Search,55+,Female
429,Sophia,Clark,sophia.clark429@example.com,+1-585-953-2766,Austin,TX,USA,2024-03-07,Organic Search,35-44,Male
430,Olivia,Lewis,olivia.lewis430@example.com,+1-585-309-9296,Boston,MA,USA,2024-10-25,Display,25-34,Male
431,Noah,Lee,noah.lee431@example.com,+1-585-790-7077,Austin,TX,USA,2024-06-05,Organic Search,55+,Other
432,Charlotte,Walker,charlotte.walker432@example.com,+1-585-606-7149,Austin,TX,USA,2025-03-03,Social,55+,Other
433,Henry,Harris,henry.harris433@example.com,+1-585-294-7448,Denver,CO,USA,2024-05-26,Email,45-54,Other
434,Evelyn,Martin,evelyn.martin434@example.com,+1-585-594-8334,New York,NY,USA,2024-07-28,Display,25-34,Male
435,Sophia,Young,sophia.young435@example.com,+1-585-269-3821,Dallas,TX,USA,2025-01-04,Paid Search,25-34,Male
436,Theodore,White,theodore.white436@example.com,+1-585-362-8195,San Francisco,CA,USA,2024-03-17,Referral,25-34,Other
437,Henry,Garcia,henry.garcia437@example.com,+1-585-291-5815,Chicago,IL,USA,2024-04-06,Referral,18-24,Other
438,Oliver,Taylor,oliver.taylor438@example.com,+1-585-146-3647,Denver,CO,USA,2024-02-08,Email,25-34,Male
439,Olivia,Smith,olivia.smith439@example.com,+1-585-746-5688,Austin,TX,USA,2024-05-02,Organic Search,25-34,Other
440,Theodore,White,theodore.white440@example.com,+1-585-980-7253,Denver,CO,USA,2024-06-22,Paid Search,35-44,Other
441,Olivia,Perez,olivia.perez441@example.com,+1-585-233-4397,Seattle,WA,USA,2025-01-20,Display,45-54,Male
442,Emma,Harris,emma.harris442@example.com,+1-585-895-5119,Atlanta,GA,USA,2025-02-05,Paid Search,25-34,Female
443,Emma,Taylor,emma.taylor443@example.com,+1-585-663-2263,Denver,CO,USA,2024-08-24,Organic Search,35-44,Other
444,Evelyn,Lewis,evelyn.lewis444@example.com,+1-585-501-1122,Atlanta,GA,USA,2024-04-20,Organic Search,45-54,Female
445,James,Thompson,james.thompson445@example.com,+1-585-518-6538,Boston,MA,USA,2024-07-25,Email,35-44,Male
446,Liam,Lee,liam.lee446@example.com,+1-585-506-5573,New York,NY,USA,2024-02-29,Organic Search,18-24,Male
447,Sophia,Johnson,sophia.johnson447@example.com,+1-585-607-4481,New York,NY,USA,2024-11-16,Paid Search,35-44,Female
448,Amelia,White,amelia.white448@example.com,+1-585-211-7687,Miami,FL,USA,2024-11-06,Referral,55+,Female
449,Evelyn,Garcia,evelyn.garcia449@example.com,+1-585-299-6798,Atlanta,GA,USA,2024-12-02,Organic Search,35-44,Male
450,Mia,Johnson,mia.johnson450@example.com,+1-585-496-5373,Seattle,WA,USA,2024-10-21,Paid Search,55+,Other
451,Lucas,Thomas,lucas.thomas451@example.com,+1-585-755-9808,Atlanta,GA,USA,2024-07-22,Paid Search,55+,Female
452,William,Thomas,william.thomas452@example.com,+1-585-829-3245,Miami,FL,USA,2024-12-25,Referral,18-24,Female
453,Sophia,Young,sophia.young453@example.com,+1-585-890-1113,New York,NY,USA,2024-07-09,Organic Search,55+,Other
454,Sophia,Taylor,sophia.taylor454@example.com,+1-585-664-5156,Boston,MA,USA,2024-07-24,Email,45-54,Other
455,Henry,Thomas,henry.thomas455@example.com,+1-585-986-1336,Atlanta,GA,USA,2024-08-29,Paid Search,45-54,Female
456,Olivia,Garcia,olivia.garcia456@example.com,+1-585-672-1407,Atlanta,GA,USA,2024-06-12,Organic Search,25-34,Male
457,Theodore,Garcia,theodore.garcia457@example.com,+1-585-561-2815,Austin,TX,USA,2024-12-05,Display,25-34,Other
458,James,Perez,james.perez458@example.com,+1-585-297-5149,Austin,TX,USA,2025-01-16,Social,25-34,Male
459,Amelia,Walker,amelia.walker459@example.com,+1-585-565-7864,Seattle,WA,USA,2024-02-23,Email,25-34,Female
460,William,Harris,william.harris460@example.com,+1-585-959-6816,Dallas,TX,USA,2024-09-30,Email,35-44,Male
461,Isabella,Thomas,isabella.thomas461@example.com,+1-585-703-9024,Chicago,IL,USA,2024-11-21,Email,55+,Male
462,James,Brown,james.brown462@example.com,+1-585-194-5944,Atlanta,GA,USA,2024-07-12,Display,18-24,Female
463,Emma,Johnson,emma.johnson463@example.com,+1-585-959-9883,Dallas,TX,USA,2024-11-14,Display,45-54,Female
464,Liam,Anderson,liam.anderson464@example.com,+1-585-161-6569,Miami,FL,USA,2024-08-15,Email,55+,Male
465,Emma,Clark,emma.clark465@example.com,+1-585-250-7171,San Francisco,CA,USA,2024-05-13,Social,55+,Female
466,Amelia,Lee,amelia.lee466@example.com,+1-585-394-7765,San Francisco,CA,USA,2024-06-17,Social,35-44,Female
467,Theodore,Walker,theodore.walker467@example.com,+1-585-741-7391,Austin,TX,USA,2024-08-10,Organic Search,18-24,Male
468,Mia,Anderson,mia.anderson468@example.com,+1-585-542-4812,Chicago,IL,USA,2024-09-06,Organic Search,25-34,Male
469,Noah,Thompson,noah.thompson469@example.com,+1-585-291-1989,Miami,FL,USA,2024-08-24,Social,35-44,Other
470,Henry,Jackson,henry.jackson470@example.com,+1-585-863-5741,Austin,TX,USA,2024-09-02,Referral,18-24,Other
471,Elijah,Johnson,elijah.johnson471@example.com,+1-585-765-2314,Boston,MA,USA,2024-08-01,Email,35-44,Other
472,Sophia,Johnson,sophia.johnson472@example.com,+1-585-549-1816,Miami,FL,USA,2024-08-15,Referral,18-24,Other
473,Henry,Lee,henry.lee473@example.com,+1-585-829-8571,Dallas,TX,USA,2024-09-15,Referral,18-24,Male
474,Harper,Anderson,harper.anderson474@example.com,+1-585-383-6236,Atlanta,GA,USA,2024-04-01,Referral,35-44,Other
475,Charlotte,Harris,charlotte.harris475@example.com,+1-585-165-5457,Seattle,WA,USA,2025-01-05,Email,55+,Female
476,Henry,Perez,henry.perez476@example.com,+1-585-718-5896,Miami,FL,USA,2024-06-10,Referral,55+,Other
477,Elijah,Brown,elijah.brown477@example.com,+1-585-759-7745,Seattle,WA,USA,2024-02-25,Email,45-54,Female
478,Benjamin,Taylor,benjamin.taylor478@example.com,+1-585-874-8643,Seattle,WA,USA,2024-08-25,Display,45-54,Female
479,James,Davis,james.davis479@example.com,+1-585-158-8182,Boston,MA,USA,2025-03-23,Organic Search,55+,Female
480,William,Johnson,william.johnson480@example.com,+1-585-726-1738,Seattle,WA,USA,2024-01-05,Referral,45-54,Other
481,Harper,Harris,harper.harris481@example.com,+1-585-987-1665,Seattle,WA,USA,2024-02-15,Paid Search,45-54,Male
482,Amelia,Thompson,amelia.thompson482@example.com,+1-585-248-5936,New York,NY,USA,2024-09-25,Organic Search,35-44,Other
483,James,Brown,james.brown483@example.com,+1-585-957-3378,Miami,FL,USA,2024-05-29,Paid Search,45-54,Female
484,Benjamin,Johnson,benjamin.johnson484@example.com,+1-585-789-1614,Chicago,IL,USA,2024-06-08,Organic Search,25-34,Male
485,Emma,White,emma.white485@example.com,+1-585-737-7342,Miami,FL,USA,2024-03-20,Organic Search,18-24,Male
486,Sophia,Johnson,sophia.johnson486@example.com,+1-585-529-7307,Seattle,WA,USA,2024-06-07,Organic Search,18-24,Other
487,Harper,Thompson,harper.thompson487@example.com,+1-585-314-3717,New York,NY,USA,2024-07-02,Email,35-44,Female
488,Isabella,Clark,isabella.clark488@example.com,+1-585-895-7164,New York,NY,USA,2024-07-20,Display,45-54,Female
489,Lucas,Smith,lucas.smith489@example.com,+1-585-754-5402,Boston,MA,USA,2024-11-18,Email,55+,Female
490,Mia,Martin,mia.martin490@example.com,+1-585-140-3524,San Francisco,CA,USA,2025-01-15,Paid Search,45-54,Male
491,Mia,Davis,mia.davis491@example.com,+1-585-633-2555,Chicago,IL,USA,2024-09-16,Social,25-34,Other
492,Sophia,Anderson,sophia.anderson492@example.com,+1-585-294-6132,Austin,TX,USA,2025-02-22,Social,25-34,Female
493,Emma,Harris,emma.harris493@example.com,+1-585-360-4541,New York,NY,USA,2024-11-29,Paid Search,18-24,Male
494,Olivia,Smith,olivia.smith494@example.com,+1-585-236-9989,Atlanta,GA,USA,2024-06-25,Display,35-44,Female
495,Amelia,Thompson,amelia.thompson495@example.com,+1-585-244-6369,Austin,TX,USA,2025-06-22,Referral,18-24,Male
496,Amelia,Lewis,amelia.lewis496@example.com,+1-585-182-7340,Dallas,TX,USA,2024-03-22,Display,35-44,Male
497,Mia,Smith,mia.smith497@example.com,+1-585-593-5079,Denver,CO,USA,2024-06-30,Referral,35-44,Male
498,Benjamin,Walker,benjamin.walker498@example.com,+1-585-664-9220,Atlanta,GA,USA,2024-03-18,Referral,35-44,Female
499,Oliver,Young,oliver.young499@example.com,+1-585-585-4247,Denver,CO,USA,2024-05-16,Email,25-34,Male
500,Mia,Walker,mia.walker500@example.com,+1-585-845-6485,San Francisco,CA,USA,2024-05-27,Email,55+,Male
501,Evelyn,Martinez,evelyn.martinez501@example.com,+1-585-991-5657,Austin,TX,USA,2024-06-29,Social,55+,Other
502,William,Johnson,william.johnson502@example.com,+1-585-671-4483,Seattle,WA,USA,2024-02-16,Referral,45-54,Female
503,Amelia,Harris,amelia.harris503@example.com,+1-585-300-4469,Denver,CO,USA,2024-02-14,Social,55+,Female
504,William,Lewis,william.lewis504@example.com,+1-585-760-7304,San Francisco,CA,USA,2024-03-25,Email,35-44,Male
505,Benjamin,Clark,benjamin.clark505@example.com,+1-585-143-9095,Seattle,WA,USA,2024-03-15,Email,55+,Female
506,James,Clark,james.clark506@example.com,+1-585-233-2583,San Francisco,CA,USA,2024-03-30,Display,55+,Female
507,Harper,Smith,harper.smith507@example.com,+1-585-908-2459,Seattle,WA,USA,2025-01-06,Paid Search,45-54,Other
508,James,White,james.white508@example.com,+1-585-715-9267,Boston,MA,USA,2024-06-18,Paid Search,25-34,Male
509,Evelyn,Lewis,evelyn.lewis509@example.com,+1-585-589-3697,Miami,FL,USA,2024-03-29,Social,35-44,Male
510,Olivia,Thomas,olivia.thomas510@example.com,+1-585-487-9733,Austin,TX,USA,2024-08-10,Organic Search,18-24,Other
511,James,Smith,james.smith511@example.com,+1-585-516-8127,Boston,MA,USA,2024-08-02,Organic Search,55+,Other
512,Benjamin,White,benjamin.white512@example.com,+1-585-509-9193,Atlanta,GA,USA,2025-01-17,Display,55+,Male
513,Elijah,Smith,elijah.smith513@example.com,+1-585-689-6519,New York,NY,USA,2024-06-26,Referral,45-54,Female
514,Sophia,Harris,sophia.harris514@example.com,+1-585-465-2128,Seattle,WA,USA,2024-05-25,Organic Search,35-44,Female
515,Lucas,Clark,lucas.clark515@example.com,+1-585-699-7620,Chicago,IL,USA,2024-06-26,Organic Search,45-54,Female
516,James,Garcia,james.garcia516@example.com,+1-585-897-8540,Boston,MA,USA,2024-11-23,Paid Search,18-24,Other
517,Emma,Walker,emma.walker517@example.com,+1-585-979-2914,San Francisco,CA,USA,2024-07-07,Organic Search,45-54,Other
518,Noah,Martin,noah.martin518@example.com,+1-585-793-3054,San Francisco,CA,USA,2024-07-10,Display,25-34,Other
519,Olivia,Perez,olivia.perez519@example.com,+1-585-428-8633,Atlanta,GA,USA,2024-09-24,Paid Search,35-44,Other
520,William,Perez,william.perez520@example.com,+1-585-305-1474,San Francisco,CA,USA,2024-06-04,Email,55+,Female
521,Ava,Johnson,ava.johnson521@example.com,+1-585-363-9823,Chicago,IL,USA,2024-02-25,Referral,35-44,Female
522,James,Lee,james.lee522@example.com,+1-585-301-4378,Miami,FL,USA,2024-04-10,Email,25-34,Other
523,Charlotte,Harris,charlotte.harris523@example.com,+1-585-969-9917,New York,NY,USA,2024-04-09,Referral,45-54,Male
524,Charlotte,Taylor,charlotte.taylor524@example.com,+1-585-903-4756,Atlanta,GA,USA,2025-02-28,Organic Search,55+,Male
525,Emma,Harris,emma.harris525@example.com,+1-585-572-2017,Austin,TX,USA,2025-05-24,Referral,35-44,Male
526,Benjamin,Lee,benjamin.lee526@example.com,+1-585-628-4382,Chicago,IL,USA,2025-02-11,Social,18-24,Female
527,Emma,Lewis,emma.lewis527@example.com,+1-585-819-2907,New York,NY,USA,2024-02-24,Email,55+,Female
528,Amelia,Smith,amelia.smith528@example.com,+1-585-982-9536,Atlanta,GA,USA,2024-05-01,Social,18-24,Male
529,Noah,Brown,noah.brown529@example.com,+1-585-369-8966,Denver,CO,USA,2024-03-01,Social,18-24,Male
530,Elijah,Jackson,elijah.jackson530@example.com,+1-585-677-3991,Seattle,WA,USA,2024-08-08,Referral,18-24,Other
531,Sophia,Lewis,sophia.lewis531@example.com,+1-585-563-1876,San Francisco,CA,USA,2024-09-27,Email,45-54,Other
532,Charlotte,Taylor,charlotte.taylor532@example.com,+1-585-229-7821,Boston,MA,USA,2024-04-21,Display,45-54,Male
533,Liam,Young,liam.young533@example.com,+1-585-491-5066,Austin,TX,USA,2024-10-25,Email,25-34,Male
534,Noah,White,noah.white534@example.com,+1-585-370-2167,Miami,FL,USA,2024-05-13,Referral,35-44,Male
535,Elijah,Harris,elijah.harris535@example.com,+1-585-426-5567,Atlanta,GA,USA,2025-04-03,Organic Search,45-54,Other
536,Oliver,Johnson,oliver.johnson536@example.com,+1-585-141-6093,Boston,MA,USA,2025-06-09,Paid Search,25-34,Female
537,Oliver,Lewis,oliver.lewis537@example.com,+1-585-107-5288,Denver,CO,USA,2024-05-04,Referral,18-24,Male
538,Harper,Martin,harper.martin538@example.com,+1-585-501-8097,Boston,MA,USA,2024-02-28,Referral,55+,Female
539,William,Martinez,william.martinez539@example.com,+1-585-599-5011,Denver,CO,USA,2024-05-28,Organic Search,45-54,Female
540,Henry,Thomas,henry.thomas540@example.com,+1-585-160-9777,Seattle,WA,USA,2024-02-24,Display,18-24,Female
541,Theodore,Perez,theodore.perez541@example.com,+1-585-814-7071,Boston,MA,USA,2024-07-21,Social,35-44,Other
542,Benjamin,Smith,benjamin.smith542@example.com,+1-585-725-2364,Austin,TX,USA,2024-10-15,Referral,18-24,Other
543,Henry,Garcia,henry.garcia543@example.com,+1-585-413-4144,New York,NY,USA,2024-04-06,Email,18-24,Other
544,Benjamin,Thompson,benjamin.thompson544@example.com,+1-585-896-9848,Boston,MA,USA,2024-01-24,Paid Search,18-24,Female
545,James,Davis,james.davis545@example.com,+1-585-311-6681,Seattle,WA,USA,2024-07-26,Referral,35-44,Other
546,Theodore,Anderson,theodore.anderson546@example.com,+1-585-117-6957,Boston,MA,USA,2024-05-14,Display,35-44,Other
547,Oliver,White,oliver.white547@example.com,+1-585-793-9903,Atlanta,GA,USA,2024-02-16,Social,18-24,Male
548,Olivia,Thompson,olivia.thompson548@example.com,+1-585-379-3984,San Francisco,CA,USA,2024-08-03,Referral,55+,Other
549,Lucas,Davis,lucas.davis549@example.com,+1-585-598-8935,Atlanta,GA,USA,2024-05-08,Email,45-54,Other
550,Liam,Thompson,liam.thompson550@example.com,+1-585-955-4203,Chicago,IL,USA,2024-04-18,Organic Search,25-34,Female
551,Elijah,Thompson,elijah.thompson551@example.com,+1-585-840-8657,San Francisco,CA,USA,2024-03-02,Organic Search,45-54,Female
552,Emma,Martin,emma.martin552@example.com,+1-585-592-7736,Chicago,IL,USA,2024-08-14,Paid Search,25-34,Other
553,Sophia,Brown,sophia.brown553@example.com,+1-585-355-4551,Denver,CO,USA,2024-06-22,Display,35-44,Female
554,Emma,Smith,emma.smith554@example.com,+1-585-740-6087,Denver,CO,USA,2024-04-23,Paid Search,55+,Female
555,Ava,Smith,ava.smith555@example.com,+1-585-900-5722,Denver,CO,USA,2024-04-10,Referral,25-34,Male
556,Benjamin,Walker,benjamin.walker556@example.com,+1-585-243-3121,Dallas,TX,USA,2024-09-25,Organic Search,45-54,Female
557,Theodore,Jackson,theodore.jackson557@example.com,+1-585-298-9022,Chicago,IL,USA,2024-04-09,Paid Search,35-44,Male
558,Elijah,Martin,elijah.martin558@example.com,+1-585-256-3275,Miami,FL,USA,2024-02-06,Paid Search,45-54,Male
559,Evelyn,Anderson,evelyn.anderson559@example.com,+1-585-375-6269,Miami,FL,USA,2025-01-24,Referral,25-34,Female
560,Harper,Lewis,harper.lewis560@example.com,+1-585-307-7615,Seattle,WA,USA,2024-07-01,Email,25-34,Female
561,William,Johnson,william.johnson561@example.com,+1-585-203-1221,San Francisco,CA,USA,2024-06-18,Organic Search,55+,Male
562,James,Harris,james.harris562@example.com,+1-585-478-7866,Atlanta,GA,USA,2024-05-13,Paid Search,35-44,Male
563,Benjamin,Garcia,benjamin.garcia563@example.com,+1-585-639-6110,Chicago,IL,USA,2024-05-30,Organic Search,25-34,Other
564,Henry,Davis,henry.davis564@example.com,+1-585-494-9102,New York,NY,USA,2024-04-28,Referral,55+,Other
565,Charlotte,Garcia,charlotte.garcia565@example.com,+1-585-815-9506,Miami,FL,USA,2025-05-31,Social,45-54,Other
566,Charlotte,Anderson,charlotte.anderson566@example.com,+1-585-894-3906,Atlanta,GA,USA,2024-02-26,Display,35-44,Female
567,Olivia,Garcia,olivia.garcia567@example.com,+1-585-224-9966,Miami,FL,USA,2024-04-03,Organic Search,18-24,Male
568,Oliver,Davis,oliver.davis568@example.com,+1-585-998-6946,Dallas,TX,USA,2024-08-18,Referral,45-54,Other
569,Olivia,Garcia,olivia.garcia569@example.com,+1-585-921-5892,Miami,FL,USA,2024-01-14,Paid Search,35-44,Male
570,Sophia,Lewis,sophia.lewis570@example.com,+1-585-581-2714,Miami,FL,USA,2024-07-30,Referral,55+,Other
571,Theodore,Harris,theodore.harris571@example.com,+1-585-235-7142,Austin,TX,USA,2024-03-09,Social,18-24,Male
572,Emma,Clark,emma.clark572@example.com,+1-585-850-2225,New York,NY,USA,2024-06-26,Organic Search,25-34,Female
573,Evelyn,Johnson,evelyn.johnson573@example.com,+1-585-703-1582,Chicago,IL,USA,2024-02-28,Referral,35-44,Male
574,James,Jackson,james.jackson574@example.com,+1-585-418-7982,New York,NY,USA,2024-06-13,Social,55+,Other
575,Sophia,Clark,sophia.clark575@example.com,+1-585-637-3725,Seattle,WA,USA,2024-04-08,Email,18-24,Female
576,Charlotte,Lee,charlotte.lee576@example.com,+1-585-240-3467,Denver,CO,USA,2024-10-01,Social,25-34,Other
577,Mia,Thomas,mia.thomas577@example.com,+1-585-266-1115,Boston,MA,USA,2025-04-23,Display,35-44,Male
578,Benjamin,Lee,benjamin.lee578@example.com,+1-585-149-9286,Seattle,WA,USA,2024-04-30,Referral,55+,Female
579,Henry,Garcia,henry.garcia579@example.com,+1-585-129-5789,San Francisco,CA,USA,2024-11-13,Organic Search,45-54,Other
580,Lucas,Harris,lucas.harris580@example.com,+1-585-175-9521,Miami,FL,USA,2024-12-09,Social,35-44,Female
581,Olivia,Lee,olivia.lee581@example.com,+1-585-501-9029,Austin,TX,USA,2024-08-20,Email,45-54,Female
582,Elijah,Jackson,elijah.jackson582@example.com,+1-585-246-7777,Chicago,IL,USA,2024-12-21,Referral,35-44,Male
583,Charlotte,Smith,charlotte.smith583@example.com,+1-585-766-1285,Miami,FL,USA,2024-02-27,Email,35-44,Male
584,Amelia,Lewis,amelia.lewis584@example.com,+1-585-172-6678,Miami,FL,USA,2024-08-04,Paid Search,35-44,Male
585,Charlotte,Lee,charlotte.lee585@example.com,+1-585-316-4294,San Francisco,CA,USA,2024-08-11,Display,45-54,Female
586,Charlotte,Thompson,charlotte.thompson586@example.com,+1-585-758-3805,Austin,TX,USA,2024-08-27,Email,55+,Other
587,Amelia,Garcia,amelia.garcia587@example.com,+1-585-230-9869,Denver,CO,USA,2024-03-02,Display,35-44,Other
588,Mia,Young,mia.young588@example.com,+1-585-360-3959,Atlanta,GA,USA,2024-03-30,Social,45-54,Male
589,Noah,Smith,noah.smith589@example.com,+1-585-144-7422,Seattle,WA,USA,2024-12-02,Display,35-44,Female
590,Theodore,Jackson,theodore.jackson590@example.com,+1-585-700-5026,Denver,CO,USA,2024-06-11,Referral,25-34,Female
591,James,Anderson,james.anderson591@example.com,+1-585-631-6183,San Francisco,CA,USA,2024-05-20,Display,18-24,Female
592,Sophia,White,sophia.white592@example.com,+1-585-361-9097,Austin,TX,USA,2024-01-08,Organic Search,25-34,Other
593,Isabella,Lewis,isabella.lewis593@example.com,+1-585-478-4644,Dallas,TX,USA,2025-04-16,Email,18-24,Male
594,Oliver,White,oliver.white594@example.com,+1-585-726-4235,Dallas,TX,USA,2024-10-14,Organic Search,18-24,Male
595,Ava,Lee,ava.lee595@example.com,+1-585-972-2983,Dallas,TX,USA,2024-07-27,Email,25-34,Female
596,Sophia,Martin,sophia.martin596@example.com,+1-585-796-6366,Atlanta,GA,USA,2024-10-19,Social,45-54,Female
597,Ava,Smith,ava.smith597@example.com,+1-585-275-6454,Miami,FL,USA,2024-03-24,Paid Search,45-54,Female
598,Harper,Young,harper.young598@example.com,+1-585-671-3420,Seattle,WA,USA,2024-01-20,Referral,45-54,Male
599,Noah,White,noah.white599@example.com,+1-585-519-3961,Dallas,TX,USA,2024-07-05,Social,25-34,Male
600,Ava,Brown,ava.brown600@example.com,+1-585-951-9841,Austin,TX,USA,2024-04-11,Referral,35-44,Male
601,Mia,Martinez,mia.martinez601@example.com,+1-585-340-9590,Denver,CO,USA,2025-02-18,Organic Search,18-24,Female
602,Emma,Anderson,emma.anderson602@example.com,+1-585-775-5727,San Francisco,CA,USA,2024-10-16,Paid Search,25-34,Other
603,Liam,Clark,liam.clark603@example.com,+1-585-438-6117,Boston,MA,USA,2024-06-30,Referral,45-54,Female
604,Benjamin,Lee,benjamin.lee604@example.com,+1-585-325-3927,Boston,MA,USA,2024-11-09,Email,35-44,Female
605,James,Smith,james.smith605@example.com,+1-585-655-6005,Atlanta,GA,USA,2024-07-20,Organic Search,55+,Other
606,Benjamin,Clark,benjamin.clark606@example.com,+1-585-967-3398,Miami,FL,USA,2024-12-16,Organic Search,18-24,Male
607,William,Johnson,william.johnson607@example.com,+1-585-741-3426,Boston,MA,USA,2025-01-01,Social,45-54,Other
608,Sophia,Taylor,sophia.taylor608@example.com,+1-585-427-1753,Dallas,TX,USA,2024-09-04,Referral,45-54,Male
609,James,Clark,james.clark609@example.com,+1-585-197-5301,Austin,TX,USA,2024-05-25,Display,35-44,Male
610,Elijah,Perez,elijah.perez610@example.com,+1-585-958-4588,Chicago,IL,USA,2024-09-12,Referral,35-44,Male
611,Isabella,Perez,isabella.perez611@example.com,+1-585-380-8527,Boston,MA,USA,2024-07-28,Paid Search,55+,Other
612,William,Jackson,william.jackson612@example.com,+1-585-178-3282,Dallas,TX,USA,2024-08-13,Display,18-24,Female
613,Ava,Garcia,ava.garcia613@example.com,+1-585-268-8516,Austin,TX,USA,2024-10-29,Display,35-44,Male
614,James,Walker,james.walker614@example.com,+1-585-519-8575,Atlanta,GA,USA,2024-10-18,Organic Search,35-44,Male
615,Amelia,Smith,amelia.smith615@example.com,+1-585-765-3955,Boston,MA,USA,2024-09-17,Paid Search,45-54,Male
616,Olivia,Jackson,olivia.jackson616@example.com,+1-585-687-9263,Miami,FL,USA,2025-02-19,Organic Search,45-54,Male
617,Emma,Jackson,emma.jackson617@example.com,+1-585-100-4684,Dallas,TX,USA,2024-07-29,Paid Search,25-34,Other
618,Charlotte,Lewis,charlotte.lewis618@example.com,+1-585-812-4613,New York,NY,USA,2024-04-15,Organic Search,45-54,Female
619,Liam,Davis,liam.davis619@example.com,+1-585-161-2358,Dallas,TX,USA,2024-03-19,Social,35-44,Other
620,Elijah,Walker,elijah.walker620@example.com,+1-585-872-1277,San Francisco,CA,USA,2024-04-05,Paid Search,45-54,Other
621,Henry,White,henry.white621@example.com,+1-585-198-9238,Seattle,WA,USA,2024-02-05,Organic Search,35-44,Male
622,Theodore,Brown,theodore.brown622@example.com,+1-585-254-5107,Atlanta,GA,USA,2024-12-10,Paid Search,18-24,Female
623,Harper,Anderson,harper.anderson623@example.com,+1-585-205-7940,Dallas,TX,USA,2024-02-27,Display,25-34,Male
624,Olivia,Young,olivia.young624@example.com,+1-585-375-7184,Dallas,TX,USA,2024-02-26,Display,35-44,Female
625,Olivia,Walker,olivia.walker625@example.com,+1-585-237-7874,Seattle,WA,USA,2025-04-15,Organic Search,25-34,Female
626,Liam,Taylor,liam.taylor626@example.com,+1-585-268-8936,New York,NY,USA,2024-06-13,Organic Search,45-54,Other
627,Oliver,Lee,oliver.lee627@example.com,+1-585-292-3498,New York,NY,USA,2024-03-14,Organic Search,25-34,Male
628,Noah,Lee,noah.lee628@example.com,+1-585-827-7752,Austin,TX,USA,2024-09-05,Email,45-54,Female
629,Olivia,Walker,olivia.walker629@example.com,+1-585-735-8046,Atlanta,GA,USA,2024-01-27,Social,55+,Other
630,Elijah,Anderson,elijah.anderson630@example.com,+1-585-247-4270,New York,NY,USA,2024-10-20,Referral,45-54,Female
631,William,Davis,william.davis631@example.com,+1-585-913-1472,Denver,CO,USA,2025-04-24,Display,18-24,Female
632,Charlotte,Lewis,charlotte.lewis632@example.com,+1-585-466-7043,Denver,CO,USA,2024-06-24,Organic Search,18-24,Female
633,Amelia,Thomas,amelia.thomas633@example.com,+1-585-516-7317,Austin,TX,USA,2024-07-11,Paid Search,35-44,Other
634,Lucas,Martinez,lucas.martinez634@example.com,+1-585-135-5216,Seattle,WA,USA,2024-06-29,Organic Search,25-34,Other
635,Charlotte,Martinez,charlotte.martinez635@example.com,+1-585-936-5848,Atlanta,GA,USA,2024-08-12,Social,35-44,Female
636,Mia,Thompson,mia.thompson636@example.com,+1-585-973-3966,Denver,CO,USA,2024-08-09,Paid Search,55+,Female
637,William,Garcia,william.garcia637@example.com,+1-585-380-5228,Boston,MA,USA,2024-05-09,Organic Search,18-24,Male
638,Oliver,Davis,oliver.davis638@example.com,+1-585-439-7202,Dallas,TX,USA,2024-09-21,Display,45-54,Male
639,Charlotte,Martinez,charlotte.martinez639@example.com,+1-585-576-5276,New York,NY,USA,2024-06-04,Email,45-54,Other
640,Noah,Smith,noah.smith640@example.com,+1-585-834-9218,Atlanta,GA,USA,2024-11-01,Paid Search,18-24,Female
641,Lucas,Martin,lucas.martin641@example.com,+1-585-670-4641,Dallas,TX,USA,2024-09-05,Social,25-34,Female
642,Ava,Thomas,ava.thomas642@example.com,+1-585-514-1173,San Francisco,CA,USA,2024-11-21,Organic Search,45-54,Male
643,Henry,Martin,henry.martin643@example.com,+1-585-982-7942,San Francisco,CA,USA,2025-02-09,Email,35-44,Female
644,Emma,White,emma.white644@example.com,+1-585-993-1041,Miami,FL,USA,2025-09-13,Email,35-44,Other
645,Theodore,Brown,theodore.brown645@example.com,+1-585-695-7162,Denver,CO,USA,2024-06-01,Organic Search,35-44,Other
646,Noah,Martin,noah.martin646@example.com,+1-585-249-7187,Miami,FL,USA,2024-06-24,Referral,55+,Female
647,Liam,Johnson,liam.johnson647@example.com,+1-585-986-3608,New York,NY,USA,2025-02-15,Referral,18-24,Male
648,Oliver,Garcia,oliver.garcia648@example.com,+1-585-389-6504,Boston,MA,USA,2024-08-08,Paid Search,18-24,Female
649,Mia,Taylor,mia.taylor649@example.com,+1-585-143-3204,Boston,MA,USA,2024-05-20,Display,45-54,Other
650,Ava,Thomas,ava.thomas650@example.com,+1-585-263-3719,Denver,CO,USA,2024-10-26,Organic Search,45-54,Female
651,Evelyn,Jackson,evelyn.jackson651@example.com,+1-585-557-3985,Seattle,WA,USA,2024-04-08,Email,18-24,Other
652,Elijah,Martinez,elijah.martinez652@example.com,+1-585-374-5004,Chicago,IL,USA,2024-07-02,Social,35-44,Female
653,William,Lewis,william.lewis653@example.com,+1-585-992-7084,San Francisco,CA,USA,2024-04-22,Paid Search,35-44,Male
654,Charlotte,Jackson,charlotte.jackson654@example.com,+1-585-950-2856,Chicago,IL,USA,2024-11-16,Display,25-34,Other
655,James,Lee,james.lee655@example.com,+1-585-500-7512,Denver,CO,USA,2024-09-26,Email,45-54,Male
656,Isabella,Harris,isabella.harris656@example.com,+1-585-978-6866,Atlanta,GA,USA,2024-08-20,Organic Search,18-24,Female
657,Liam,Smith,liam.smith657@example.com,+1-585-814-9110,Atlanta,GA,USA,2024-05-16,Referral,25-34,Female
658,Mia,Clark,mia.clark658@example.com,+1-585-561-4900,Chicago,IL,USA,2024-08-25,Display,45-54,Other
659,William,Thomas,william.thomas659@example.com,+1-585-619-3222,Dallas,TX,USA,2024-11-15,Organic Search,18-24,Male
660,Lucas,Davis,lucas.davis660@example.com,+1-585-534-9793,Dallas,TX,USA,2024-12-24,Referral,25-34,Male
661,Theodore,Thomas,theodore.thomas661@example.com,+1-585-298-1957,Dallas,TX,USA,2024-03-02,Display,25-34,Female
662,Emma,Lee,emma.lee662@example.com,+1-585-162-3122,New York,NY,USA,2024-09-04,Organic Search,35-44,Female
663,Mia,Garcia,mia.garcia663@example.com,+1-585-299-5955,New York,NY,USA,2024-05-23,Referral,45-54,Female
664,Harper,Perez,harper.perez664@example.com,+1-585-258-2351,Seattle,WA,USA,2025-02-02,Paid Search,35-44,Female
665,Lucas,Clark,lucas.clark665@example.com,+1-585-829-1341,San Francisco,CA,USA,2024-10-04,Paid Search,45-54,Female
666,William,Anderson,william.anderson666@example.com,+1-585-689-5666,Chicago,IL,USA,2024-07-30,Referral,18-24,Female
667,Amelia,Smith,amelia.smith667@example.com,+1-585-888-5339,Denver,CO,USA,2025-01-09,Social,45-54,Male
668,Benjamin,Harris,benjamin.harris668@example.com,+1-585-357-8946,Boston,MA,USA,2024-10-06,Email,45-54,Female
669,Liam,Lewis,liam.lewis669@example.com,+1-585-291-3136,Chicago,IL,USA,2024-04-09,Display,25-34,Female
670,Olivia,Garcia,olivia.garcia670@example.com,+1-585-615-7429,Denver,CO,USA,2024-07-25,Display,18-24,Male
671,Henry,Martinez,henry.martinez671@example.com,+1-585-948-6364,Denver,CO,USA,2024-04-27,Referral,18-24,Female
672,Henry,Taylor,henry.taylor672@example.com,+1-585-861-2402,Chicago,IL,USA,2024-06-23,Email,18-24,Other
673,Ava,Thompson,ava.thompson673@example.com,+1-585-500-9335,Denver,CO,USA,2025-01-18,Email,45-54,Female
674,James,Martinez,james.martinez674@example.com,+1-585-739-9216,Chicago,IL,USA,2024-08-31,Organic Search,18-24,Female
675,Emma,Harris,emma.harris675@example.com,+1-585-507-4487,Miami,FL,USA,2025-01-02,Social,55+,Other
676,Emma,Taylor,emma.taylor676@example.com,+1-585-357-1689,Denver,CO,USA,2024-08-24,Email,25-34,Other
677,Lucas,Martinez,lucas.martinez677@example.com,+1-585-591-8739,Austin,TX,USA,2024-09-24,Social,25-34,Other
678,William,Perez,william.perez678@example.com,+1-585-311-1064,Seattle,WA,USA,2024-04-15,Social,55+,Female
679,Isabella,Martin,isabella.martin679@example.com,+1-585-592-8251,Austin,TX,USA,2024-03-19,Display,45-54,Male
680,Henry,Smith,henry.smith680@example.com,+1-585-545-7980,San Francisco,CA,USA,2024-08-18,Email,18-24,Other
681,Theodore,Davis,theodore.davis681@example.com,+1-585-214-7657,Chicago,IL,USA,2024-09-28,Referral,35-44,Male
682,Benjamin,Davis,benjamin.davis682@example.com,+1-585-309-7605,Seattle,WA,USA,2024-06-20,Organic Search,45-54,Male
683,Theodore,Anderson,theodore.anderson683@example.com,+1-585-107-1559,Dallas,TX,USA,2024-06-26,Referral,18-24,Female
684,Mia,Brown,mia.brown684@example.com,+1-585-801-2917,Austin,TX,USA,2024-05-17,Display,45-54,Male
685,Sophia,Perez,sophia.perez685@example.com,+1-585-899-7467,Dallas,TX,USA,2024-09-15,Social,18-24,Other
686,James,Harris,james.harris686@example.com,+1-585-958-5730,Denver,CO,USA,2024-04-22,Display,55+,Female
687,Liam,Anderson,liam.anderson687@example.com,+1-585-476-4710,New York,NY,USA,2024-07-17,Social,55+,Male
688,Benjamin,Thomas,benjamin.thomas688@example.com,+1-585-704-1376,Austin,TX,USA,2024-07-22,Social,18-24,Male
689,Theodore,Martinez,theodore.martinez689@example.com,+1-585-145-6838,Miami,FL,USA,2024-11-14,Social,25-34,Male
690,Olivia,Lewis,olivia.lewis690@example.com,+1-585-134-5015,Denver,CO,USA,2024-09-15,Referral,45-54,Male
691,Benjamin,White,benjamin.white691@example.com,+1-585-571-6580,Boston,MA,USA,2024-07-13,Email,55+,Other
692,Evelyn,Lewis,evelyn.lewis692@example.com,+1-585-894-3774,Austin,TX,USA,2024-04-05,Referral,18-24,Female
693,William,Lee,william.lee693@example.com,+1-585-271-5165,San Francisco,CA,USA,2024-04-19,Email,35-44,Other
694,Henry,Jackson,henry.jackson694@example.com,+1-585-538-5561,Seattle,WA,USA,2024-02-29,Social,55+,Female
695,Harper,Perez,harper.perez695@example.com,+1-585-954-5512,Boston,MA,USA,2024-04-21,Paid Search,18-24,Male
696,Olivia,Thompson,olivia.thompson696@example.com,+1-585-577-3577,San Francisco,CA,USA,2024-02-08,Display,25-34,Other
697,Harper,Jackson,harper.jackson697@example.com,+1-585-268-4809,Seattle,WA,USA,2024-05-29,Organic Search,45-54,Male
698,Amelia,Harris,amelia.harris698@example.com,+1-585-874-5845,San Francisco,CA,USA,2024-06-01,Social,45-54,Other
699,Oliver,Thomas,oliver.thomas699@example.com,+1-585-298-8584,San Francisco,CA,USA,2024-07-06,Display,55+,Other
700,Lucas,Lee,lucas.lee700@example.com,+1-585-913-2630,New York,NY,USA,2024-03-19,Social,25-34,Male
701,Elijah,Young,elijah.young701@example.com,+1-585-929-4782,Chicago,IL,USA,2024-02-17,Referral,18-24,Male
702,Sophia,Anderson,sophia.anderson702@example.com,+1-585-815-2726,New York,NY,USA,2024-07-31,Paid Search,45-54,Male
703,Oliver,Clark,oliver.clark703@example.com,+1-585-590-8968,Denver,CO,USA,2025-02-17,Display,25-34,Other
704,Henry,Smith,henry.smith704@example.com,+1-585-732-5093,Atlanta,GA,USA,2024-03-30,Social,55+,Other
705,Emma,Garcia,emma.garcia705@example.com,+1-585-666-4123,New York,NY,USA,2025-03-01,Display,55+,Male
706,Noah,Lee,noah.lee706@example.com,+1-585-913-1568,Austin,TX,USA,2024-05-24,Paid Search,25-34,Male
707,Theodore,Thompson,theodore.thompson707@example.com,+1-585-851-7401,Boston,MA,USA,2024-03-07,Organic Search,25-34,Other
708,Emma,Jackson,emma.jackson708@example.com,+1-585-712-7636,Miami,FL,USA,2024-03-30,Display,25-34,Other
709,Benjamin,Thomas,benjamin.thomas709@example.com,+1-585-463-3902,Austin,TX,USA,2024-06-28,Paid Search,55+,Male
710,Lucas,Brown,lucas.brown710@example.com,+1-585-940-4803,Austin,TX,USA,2024-04-30,Referral,45-54,Other
711,Oliver,Brown,oliver.brown711@example.com,+1-585-250-8728,Dallas,TX,USA,2024-10-14,Social,35-44,Male
712,James,Lee,james.lee712@example.com,+1-585-289-3624,Dallas,TX,USA,2024-09-13,Paid Search,25-34,Female
713,Harper,Perez,harper.perez713@example.com,+1-585-869-4918,Denver,CO,USA,2024-08-23,Social,55+,Other
714,Liam,Anderson,liam.anderson714@example.com,+1-585-149-5279,Atlanta,GA,USA,2024-03-22,Display,55+,Other
715,Emma,Martinez,emma.martinez715@example.com,+1-585-772-9467,Miami,FL,USA,2024-06-06,Organic Search,25-34,Other
716,Ava,Johnson,ava.johnson716@example.com,+1-585-454-9559,Chicago,IL,USA,2024-05-28,Display,18-24,Female
717,Henry,Davis,henry.davis717@example.com,+1-585-706-3418,Denver,CO,USA,2024-03-06,Display,45-54,Female
718,Elijah,Young,elijah.young718@example.com,+1-585-773-2576,Miami,FL,USA,2025-05-08,Paid Search,45-54,Male
719,Henry,Taylor,henry.taylor719@example.com,+1-585-785-2907,Dallas,TX,USA,2025-01-11,Display,45-54,Male
720,Oliver,Walker,oliver.walker720@example.com,+1-585-544-3456,Denver,CO,USA,2024-07-02,Social,35-44,Female
721,Noah,Garcia,noah.garcia721@example.com,+1-585-296-7360,New York,NY,USA,2024-06-14,Display,18-24,Female
722,Noah,Young,noah.young722@example.com,+1-585-255-6908,Denver,CO,USA,2024-04-08,Social,35-44,Female
723,Olivia,Martin,olivia.martin723@example.com,+1-585-262-8051,New York,NY,USA,2024-12-21,Display,25-34,Other
724,James,Johnson,james.johnson724@example.com,+1-585-750-8851,Chicago,IL,USA,2024-10-24,Paid Search,55+,Other
725,Elijah,Taylor,elijah.taylor725@example.com,+1-585-277-9662,New York,NY,USA,2024-04-04,Organic Search,25-34,Male
726,Henry,Taylor,henry.taylor726@example.com,+1-585-453-7230,Denver,CO,USA,2024-08-18,Paid Search,55+,Other
727,Olivia,White,olivia.white727@example.com,+1-585-914-7943,Austin,TX,USA,2024-09-04,Social,18-24,Other
728,Mia,Smith,mia.smith728@example.com,+1-585-814-9855,Austin,TX,USA,2025-02-24,Paid Search,45-54,Female
729,Sophia,Lewis,sophia.lewis729@example.com,+1-585-597-7547,Chicago,IL,USA,2024-03-12,Email,18-24,Male
730,Sophia,Thomas,sophia.thomas730@example.com,+1-585-487-6257,New York,NY,USA,2024-02-15,Referral,45-54,Male
731,Benjamin,Garcia,benjamin.garcia731@example.com,+1-585-646-7205,San Francisco,CA,USA,2024-12-01,Referral,25-34,Male
732,Mia,Young,mia.young732@example.com,+1-585-276-3382,New York,NY,USA,2024-06-26,Referral,45-54,Other
733,Harper,Anderson,harper.anderson733@example.com,+1-585-306-6085,San Francisco,CA,USA,2024-08-30,Email,45-54,Female
734,Theodore,Brown,theodore.brown734@example.com,+1-585-119-5569,Austin,TX,USA,2024-03-20,Display,45-54,Other
735,Olivia,Johnson,olivia.johnson735@example.com,+1-585-103-5002,Austin,TX,USA,2024-03-30,Organic Search,25-34,Other
736,Charlotte,Brown,charlotte.brown736@example.com,+1-585-375-6446,Atlanta,GA,USA,2024-03-28,Email,55+,Female
737,Ava,Garcia,ava.garcia737@example.com,+1-585-817-5992,Denver,CO,USA,2025-04-10,Display,45-54,Female
738,William,Garcia,william.garcia738@example.com,+1-585-957-9952,Austin,TX,USA,2024-01-22,Referral,25-34,Male
739,James,Anderson,james.anderson739@example.com,+1-585-188-5322,Miami,FL,USA,2024-06-11,Paid Search,25-34,Male
740,Oliver,Walker,oliver.walker740@example.com,+1-585-953-9808,New York,NY,USA,2024-07-05,Referral,35-44,Male
741,Elijah,Jackson,elijah.jackson741@example.com,+1-585-711-5374,Boston,MA,USA,2024-10-12,Paid Search,25-34,Female
742,Ava,Thomas,ava.thomas742@example.com,+1-585-539-3266,Seattle,WA,USA,2024-09-22,Email,25-34,Male
743,Emma,Thomas,emma.thomas743@example.com,+1-585-291-4286,Dallas,TX,USA,2024-01-11,Social,18-24,Male
744,Isabella,Jackson,isabella.jackson744@example.com,+1-585-479-8297,Boston,MA,USA,2024-09-10,Social,18-24,Female
745,Ava,Smith,ava.smith745@example.com,+1-585-802-9779,Seattle,WA,USA,2024-02-14,Referral,55+,Other
746,Henry,Anderson,henry.anderson746@example.com,+1-585-890-2503,Atlanta,GA,USA,2024-10-24,Email,55+,Female
747,Harper,Harris,harper.harris747@example.com,+1-585-219-5067,San Francisco,CA,USA,2024-05-06,Email,45-54,Female
748,Mia,Thomas,mia.thomas748@example.com,+1-585-253-5446,Miami,FL,USA,2024-04-10,Organic Search,25-34,Other
749,Lucas,Jackson,lucas.jackson749@example.com,+1-585-838-7205,Miami,FL,USA,2024-08-27,Email,55+,Male
750,Evelyn,White,evelyn.white750@example.com,+1-585-380-8237,Chicago,IL,USA,2024-08-29,Social,18-24,Female
751,Liam,Lee,liam.lee751@example.com,+1-585-103-4413,Seattle,WA,USA,2025-03-02,Display,35-44,Male
752,Evelyn,Martin,evelyn.martin752@example.com,+1-585-854-8570,Boston,MA,USA,2024-09-09,Social,55+,Male
753,Henry,Lewis,henry.lewis753@example.com,+1-585-895-5674,New York,NY,USA,2024-12-01,Referral,18-24,Other
754,Emma,Johnson,emma.johnson754@example.com,+1-585-995-8836,Miami,FL,USA,2024-03-30,Referral,18-24,Female
755,Evelyn,Anderson,evelyn.anderson755@example.com,+1-585-978-6297,Seattle,WA,USA,2025-01-07,Email,45-54,Other
756,Emma,Smith,emma.smith756@example.com,+1-585-349-7999,San Francisco,CA,USA,2024-08-12,Organic Search,55+,Other
757,James,Brown,james.brown757@example.com,+1-585-745-2193,Chicago,IL,USA,2024-10-23,Referral,35-44,Female
758,Amelia,Thompson,amelia.thompson758@example.com,+1-585-870-4006,Miami,FL,USA,2024-02-04,Email,55+,Male
759,Elijah,Smith,elijah.smith759@example.com,+1-585-369-7988,Miami,FL,USA,2024-09-26,Paid Search,45-54,Female
760,Benjamin,Jackson,benjamin.jackson760@example.com,+1-585-828-4387,Denver,CO,USA,2024-07-19,Paid Search,55+,Female
761,Theodore,Smith,theodore.smith761@example.com,+1-585-955-9791,Miami,FL,USA,2024-04-03,Organic Search,25-34,Male
762,Charlotte,Lewis,charlotte.lewis762@example.com,+1-585-623-2294,Dallas,TX,USA,2024-03-25,Paid Search,18-24,Female
763,Mia,Davis,mia.davis763@example.com,+1-585-615-2500,Denver,CO,USA,2024-07-02,Display,45-54,Other
764,Oliver,Jackson,oliver.jackson764@example.com,+1-585-541-9960,Miami,FL,USA,2024-06-18,Email,35-44,Other
765,Liam,Young,liam.young765@example.com,+1-585-125-3695,Dallas,TX,USA,2024-08-24,Social,55+,Female
766,William,Johnson,william.johnson766@example.com,+1-585-441-6231,Chicago,IL,USA,2024-10-01,Paid Search,55+,Female
767,Evelyn,Clark,evelyn.clark767@example.com,+1-585-416-9187,Atlanta,GA,USA,2025-02-15,Referral,25-34,Female
768,Isabella,Anderson,isabella.anderson768@example.com,+1-585-900-4323,Boston,MA,USA,2024-06-27,Paid Search,45-54,Female
769,Isabella,Anderson,isabella.anderson769@example.com,+1-585-439-1062,Seattle,WA,USA,2024-09-24,Display,55+,Other
770,William,Lee,william.lee770@example.com,+1-585-605-2419,Dallas,TX,USA,2024-09-05,Organic Search,55+,Other
771,Noah,Perez,noah.perez771@example.com,+1-585-907-4907,Austin,TX,USA,2024-07-11,Display,18-24,Female
772,Lucas,Martinez,lucas.martinez772@example.com,+1-585-105-8510,Atlanta,GA,USA,2024-08-30,Display,55+,Other
773,Theodore,Jackson,theodore.jackson773@example.com,+1-585-553-3684,Chicago,IL,USA,2024-04-30,Email,35-44,Other
774,Elijah,Thompson,elijah.thompson774@example.com,+1-585-639-9973,Austin,TX,USA,2024-05-29,Display,55+,Female
775,Benjamin,Clark,benjamin.clark775@example.com,+1-585-942-8154,Seattle,WA,USA,2024-09-20,Email,45-54,Other
776,Sophia,Thompson,sophia.thompson776@example.com,+1-585-919-8875,Seattle,WA,USA,2024-09-30,Display,55+,Female
777,Harper,Harris,harper.harris777@example.com,+1-585-477-9591,Dallas,TX,USA,2024-06-01,Display,55+,Male
778,Benjamin,Martinez,benjamin.martinez778@example.com,+1-585-885-5224,Denver,CO,USA,2024-05-02,Paid Search,35-44,Other
779,Benjamin,Thompson,benjamin.thompson779@example.com,+1-585-444-2203,Austin,TX,USA,2025-02-04,Referral,45-54,Male
780,Evelyn,Anderson,evelyn.anderson780@example.com,+1-585-452-7279,Seattle,WA,USA,2024-05-22,Email,18-24,Other
781,Sophia,Harris,sophia.harris781@example.com,+1-585-824-7684,Atlanta,GA,USA,2024-05-06,Social,25-34,Female
782,Amelia,Thompson,amelia.thompson782@example.com,+1-585-220-8347,Austin,TX,USA,2024-04-13,Social,45-54,Male
783,Liam,Taylor,liam.taylor783@example.com,+1-585-319-7824,Seattle,WA,USA,2024-09-17,Referral,25-34,Other
784,Emma,Martinez,emma.martinez784@example.com,+1-585-815-7732,Seattle,WA,USA,2024-09-08,Paid Search,18-24,Other
785,Amelia,Anderson,amelia.anderson785@example.com,+1-585-527-3584,New York,NY,USA,2024-06-04,Organic Search,18-24,Other
786,Lucas,Harris,lucas.harris786@example.com,+1-585-279-7167,Chicago,IL,USA,2024-08-27,Referral,18-24,Other
787,Elijah,Taylor,elijah.taylor787@example.com,+1-585-889-1030,Denver,CO,USA,2024-07-17,Referral,45-54,Other
788,Noah,Young,noah.young788@example.com,+1-585-536-3577,Boston,MA,USA,2024-10-05,Paid Search,35-44,Other
789,Emma,Johnson,emma.johnson789@example.com,+1-585-341-5829,New York,NY,USA,2024-06-15,Email,55+,Male
790,Mia,Thompson,mia.thompson790@example.com,+1-585-103-2344,San Francisco,CA,USA,2024-11-21,Referral,18-24,Female
791,Isabella,Brown,isabella.brown791@example.com,+1-585-750-1989,Austin,TX,USA,2025-02-17,Email,18-24,Other
792,Ava,Brown,ava.brown792@example.com,+1-585-984-3513,Atlanta,GA,USA,2024-08-12,Social,18-24,Other
793,Harper,Johnson,harper.johnson793@example.com,+1-585-885-6847,Austin,TX,USA,2024-10-21,Social,18-24,Female
794,Theodore,Thomas,theodore.thomas794@example.com,+1-585-671-9280,Austin,TX,USA,2024-02-29,Email,45-54,Other
795,Sophia,White,sophia.white795@example.com,+1-585-627-2201,Denver,CO,USA,2024-06-28,Referral,18-24,Female
796,Charlotte,Thomas,charlotte.thomas796@example.com,+1-585-694-7896,Miami,FL,USA,2024-12-05,Social,45-54,Other
797,Amelia,Walker,amelia.walker797@example.com,+1-585-567-3823,Boston,MA,USA,2024-10-04,Organic Search,45-54,Other
798,Liam,Martinez,liam.martinez798@example.com,+1-585-732-1834,Miami,FL,USA,2024-07-27,Email,18-24,Male
799,Liam,Walker,liam.walker799@example.com,+1-585-677-3282,Seattle,WA,USA,2024-05-15,Social,35-44,Female
800,Benjamin,Jackson,benjamin.jackson800@example.com,+1-585-889-4167,Boston,MA,USA,2024-07-24,Referral,25-34,Male
801,Sophia,Taylor,sophia.taylor801@example.com,+1-585-940-9878,Miami,FL,USA,2024-07-01,Paid Search,18-24,Other
802,Lucas,Smith,lucas.smith802@example.com,+1-585-858-3772,San Francisco,CA,USA,2024-06-10,Social,18-24,Male
803,Henry,Anderson,henry.anderson803@example.com,+1-585-603-8568,New York,NY,USA,2024-04-14,Display,45-54,Other
804,Charlotte,Clark,charlotte.clark804@example.com,+1-585-181-3506,Chicago,IL,USA,2024-11-10,Email,18-24,Male
805,Elijah,Young,elijah.young805@example.com,+1-585-653-7121,Seattle,WA,USA,2024-03-03,Display,45-54,Female
806,James,Martin,james.martin806@example.com,+1-585-647-6521,New York,NY,USA,2024-04-26,Display,45-54,Other
807,Theodore,Harris,theodore.harris807@example.com,+1-585-903-9790,San Francisco,CA,USA,2024-09-12,Display,55+,Female
808,Noah,Johnson,noah.johnson808@example.com,+1-585-406-5407,Miami,FL,USA,2024-05-04,Social,45-54,Other
809,Elijah,Brown,elijah.brown809@example.com,+1-585-919-7302,Austin,TX,USA,2024-10-06,Referral,18-24,Female
810,William,Lewis,william.lewis810@example.com,+1-585-672-5462,Austin,TX,USA,2024-01-26,Email,18-24,Other
811,Harper,Harris,harper.harris811@example.com,+1-585-239-4505,Miami,FL,USA,2024-05-28,Social,55+,Male
812,Noah,Garcia,noah.garcia812@example.com,+1-585-285-5160,Austin,TX,USA,2024-03-31,Paid Search,35-44,Female
813,Emma,Davis,emma.davis813@example.com,+1-585-451-6824,Boston,MA,USA,2024-03-25,Organic Search,25-34,Other
814,James,Lee,james.lee814@example.com,+1-585-844-3085,Seattle,WA,USA,2024-04-20,Display,45-54,Other
815,Lucas,Smith,lucas.smith815@example.com,+1-585-210-3595,Atlanta,GA,USA,2024-11-03,Paid Search,18-24,Female
816,Emma,Harris,emma.harris816@example.com,+1-585-427-3648,Atlanta,GA,USA,2024-06-22,Email,55+,Male
817,Elijah,Martinez,elijah.martinez817@example.com,+1-585-919-7260,Dallas,TX,USA,2024-04-19,Paid Search,25-34,Other
818,Benjamin,Anderson,benjamin.anderson818@example.com,+1-585-317-6880,Denver,CO,USA,2024-07-09,Email,55+,Other
819,Charlotte,Thompson,charlotte.thompson819@example.com,+1-585-283-2641,San Francisco,CA,USA,2024-10-27,Email,35-44,Other
820,Noah,Harris,noah.harris820@example.com,+1-585-430-3635,Chicago,IL,USA,2024-03-14,Email,45-54,Male
821,Isabella,Harris,isabella.harris821@example.com,+1-585-158-5034,Miami,FL,USA,2024-06-01,Referral,35-44,Male
822,Henry,Lee,henry.lee822@example.com,+1-585-717-6380,Austin,TX,USA,2024-04-25,Referral,25-34,Other
823,Henry,Anderson,henry.anderson823@example.com,+1-585-446-6770,Chicago,IL,USA,2025-03-02,Referral,25-34,Male
824,Noah,Perez,noah.perez824@example.com,+1-585-136-5929,Atlanta,GA,USA,2024-03-25,Display,45-54,Other
825,Elijah,Brown,elijah.brown825@example.com,+1-585-148-5642,San Francisco,CA,USA,2024-04-07,Display,25-34,Male
826,Evelyn,Davis,evelyn.davis826@example.com,+1-585-838-7617,San Francisco,CA,USA,2024-11-12,Email,18-24,Male
827,Elijah,Perez,elijah.perez827@example.com,+1-585-616-9882,New York,NY,USA,2024-07-29,Social,35-44,Other
828,Mia,White,mia.white828@example.com,+1-585-413-9865,Chicago,IL,USA,2024-07-30,Referral,18-24,Male
829,Olivia,Smith,olivia.smith829@example.com,+1-585-760-9232,Boston,MA,USA,2024-06-25,Email,18-24,Male
830,Theodore,Lee,theodore.lee830@example.com,+1-585-264-6660,New York,NY,USA,2024-08-10,Referral,25-34,Male
831,Liam,Walker,liam.walker831@example.com,+1-585-749-1850,Dallas,TX,USA,2024-04-12,Social,25-34,Female
832,Mia,Lewis,mia.lewis832@example.com,+1-585-598-9874,New York,NY,USA,2024-07-20,Organic Search,35-44,Male
833,Harper,Young,harper.young833@example.com,+1-585-505-6991,Atlanta,GA,USA,2024-07-28,Paid Search,45-54,Male
834,Benjamin,Smith,benjamin.smith834@example.com,+1-585-713-2434,Chicago,IL,USA,2024-12-28,Organic Search,25-34,Other
835,Ava,Anderson,ava.anderson835@example.com,+1-585-242-1489,Dallas,TX,USA,2024-08-17,Referral,18-24,Female
836,Lucas,Jackson,lucas.jackson836@example.com,+1-585-200-9519,Boston,MA,USA,2024-08-30,Display,45-54,Female
837,Oliver,Taylor,oliver.taylor837@example.com,+1-585-315-2461,Chicago,IL,USA,2024-06-03,Paid Search,55+,Female
838,Olivia,Thomas,olivia.thomas838@example.com,+1-585-838-7276,Denver,CO,USA,2024-04-12,Paid Search,55+,Female
839,Mia,Martinez,mia.martinez839@example.com,+1-585-888-6183,Seattle,WA,USA,2024-07-28,Display,55+,Female
840,Theodore,Martinez,theodore.martinez840@example.com,+1-585-251-9554,Boston,MA,USA,2024-10-04,Organic Search,45-54,Male
841,Charlotte,White,charlotte.white841@example.com,+1-585-882-2841,Seattle,WA,USA,2024-04-11,Organic Search,45-54,Male
842,Isabella,Martinez,isabella.martinez842@example.com,+1-585-823-1625,Denver,CO,USA,2025-01-19,Social,35-44,Female
843,Evelyn,Harris,evelyn.harris843@example.com,+1-585-194-2943,Chicago,IL,USA,2024-06-29,Organic Search,18-24,Female
844,Ava,Johnson,ava.johnson844@example.com,+1-585-969-8705,Seattle,WA,USA,2024-05-15,Organic Search,55+,Female
845,Noah,Walker,noah.walker845@example.com,+1-585-175-7405,Seattle,WA,USA,2024-06-20,Organic Search,18-24,Other
846,Liam,Garcia,liam.garcia846@example.com,+1-585-640-9059,San Francisco,CA,USA,2024-09-16,Social,25-34,Other
847,Olivia,Johnson,olivia.johnson847@example.com,+1-585-403-8280,Seattle,WA,USA,2024-02-16,Display,45-54,Male
848,Isabella,Martin,isabella.martin848@example.com,+1-585-430-4415,Chicago,IL,USA,2024-11-15,Referral,18-24,Other
849,Charlotte,Thompson,charlotte.thompson849@example.com,+1-585-346-5948,Austin,TX,USA,2024-08-04,Paid Search,55+,Female
850,Emma,Martinez,emma.martinez850@example.com,+1-585-314-1389,Chicago,IL,USA,2024-05-11,Display,45-54,Female
851,Isabella,White,isabella.white851@example.com,+1-585-336-5467,San Francisco,CA,USA,2025-01-16,Display,35-44,Other
852,Benjamin,Lewis,benjamin.lewis852@example.com,+1-585-382-6179,Seattle,WA,USA,2024-03-27,Display,35-44,Male
853,Mia,Jackson,mia.jackson853@example.com,+1-585-108-2519,Dallas,TX,USA,2024-03-15,Referral,18-24,Female
854,James,Anderson,james.anderson854@example.com,+1-585-467-8285,Seattle,WA,USA,2024-11-15,Display,35-44,Male
855,James,Martinez,james.martinez855@example.com,+1-585-456-6084,Miami,FL,USA,2024-11-11,Display,18-24,Male
856,James,Clark,james.clark856@example.com,+1-585-550-2220,Seattle,WA,USA,2024-02-08,Display,55+,Male
857,Henry,Jackson,henry.jackson857@example.com,+1-585-419-2829,Seattle,WA,USA,2024-05-26,Email,35-44,Female
858,Sophia,White,sophia.white858@example.com,+1-585-243-1624,San Francisco,CA,USA,2024-12-13,Display,55+,Other
859,Harper,Clark,harper.clark859@example.com,+1-585-839-5734,Seattle,WA,USA,2024-02-29,Paid Search,25-34,Other
860,Benjamin,Clark,benjamin.clark860@example.com,+1-585-983-7342,Chicago,IL,USA,2024-03-23,Referral,45-54,Male
861,Elijah,White,elijah.white861@example.com,+1-585-813-2407,Atlanta,GA,USA,2024-04-10,Social,35-44,Other
862,Benjamin,White,benjamin.white862@example.com,+1-585-513-7690,Dallas,TX,USA,2024-05-24,Paid Search,55+,Female
863,Theodore,Perez,theodore.perez863@example.com,+1-585-556-4763,San Francisco,CA,USA,2024-11-10,Email,18-24,Female
864,Evelyn,Lee,evelyn.lee864@example.com,+1-585-489-9184,Austin,TX,USA,2024-11-15,Email,45-54,Male
865,Liam,Lewis,liam.lewis865@example.com,+1-585-221-8505,San Francisco,CA,USA,2024-08-15,Paid Search,55+,Other
866,William,Johnson,william.johnson866@example.com,+1-585-366-3167,Chicago,IL,USA,2025-03-27,Social,55+,Male
867,Theodore,Lewis,theodore.lewis867@example.com,+1-585-505-8219,Atlanta,GA,USA,2024-02-23,Organic Search,55+,Female
868,Mia,Davis,mia.davis868@example.com,+1-585-122-4904,New York,NY,USA,2024-07-11,Email,45-54,Male
869,Charlotte,Walker,charlotte.walker869@example.com,+1-585-978-3987,Miami,FL,USA,2024-12-24,Organic Search,25-34,Male
870,Noah,Taylor,noah.taylor870@example.com,+1-585-963-9097,Seattle,WA,USA,2024-10-22,Social,18-24,Other
871,Lucas,Lee,lucas.lee871@example.com,+1-585-966-9652,San Francisco,CA,USA,2024-02-14,Social,55+,Male
872,Noah,Jackson,noah.jackson872@example.com,+1-585-669-8239,Denver,CO,USA,2024-07-28,Social,18-24,Other
873,Amelia,Lee,amelia.lee873@example.com,+1-585-639-3966,Austin,TX,USA,2024-06-26,Referral,25-34,Female
874,Noah,Thompson,noah.thompson874@example.com,+1-585-450-4624,Denver,CO,USA,2024-08-16,Referral,35-44,Male
875,Evelyn,Harris,evelyn.harris875@example.com,+1-585-454-7866,Atlanta,GA,USA,2024-12-05,Organic Search,35-44,Male
876,Noah,Thomas,noah.thomas876@example.com,+1-585-265-1245,Chicago,IL,USA,2024-06-29,Paid Search,35-44,Female
877,Amelia,Johnson,amelia.johnson877@example.com,+1-585-492-9247,Boston,MA,USA,2024-09-28,Paid Search,25-34,Other
878,Evelyn,White,evelyn.white878@example.com,+1-585-946-9881,Dallas,TX,USA,2024-08-22,Paid Search,18-24,Male
879,Sophia,Clark,sophia.clark879@example.com,+1-585-226-4614,Seattle,WA,USA,2025-02-05,Social,35-44,Other
880,Lucas,Smith,lucas.smith880@example.com,+1-585-570-8142,Denver,CO,USA,2024-04-01,Referral,18-24,Male
881,Oliver,Davis,oliver.davis881@example.com,+1-585-638-5596,Atlanta,GA,USA,2024-09-16,Email,25-34,Other
882,William,Anderson,william.anderson882@example.com,+1-585-630-7639,New York,NY,USA,2024-10-01,Referral,45-54,Other
883,Mia,Perez,mia.perez883@example.com,+1-585-402-4169,Boston,MA,USA,2024-02-08,Paid Search,25-34,Other
884,Sophia,White,sophia.white884@example.com,+1-585-678-6422,Chicago,IL,USA,2024-12-29,Organic Search,45-54,Other
885,Liam,Johnson,liam.johnson885@example.com,+1-585-482-4342,San Francisco,CA,USA,2024-07-20,Display,55+,Female
886,Emma,Perez,emma.perez886@example.com,+1-585-835-7969,San Francisco,CA,USA,2024-09-24,Paid Search,18-24,Female
887,Liam,Thompson,liam.thompson887@example.com,+1-585-941-4221,Seattle,WA,USA,2024-03-30,Social,55+,Female
888,Olivia,Martinez,olivia.martinez888@example.com,+1-585-250-5819,Austin,TX,USA,2024-06-25,Paid Search,55+,Male
889,Sophia,Smith,sophia.smith889@example.com,+1-585-137-9663,San Francisco,CA,USA,2024-09-09,Paid Search,45-54,Other
890,Isabella,Perez,isabella.perez890@example.com,+1-585-267-1048,Seattle,WA,USA,2024-06-08,Organic Search,45-54,Female
891,Evelyn,White,evelyn.white891@example.com,+1-585-184-1152,Seattle,WA,USA,2024-02-09,Paid Search,18-24,Other
892,Emma,Clark,emma.clark892@example.com,+1-585-206-5815,New York,NY,USA,2024-05-13,Paid Search,18-24,Other
893,Liam,Jackson,liam.jackson893@example.com,+1-585-468-1102,Austin,TX,USA,2024-03-18,Email,25-34,Other
894,Noah,Martin,noah.martin894@example.com,+1-585-219-8222,Miami,FL,USA,2024-09-26,Social,18-24,Female
895,Emma,Johnson,emma.johnson895@example.com,+1-585-533-4415,Boston,MA,USA,2024-07-18,Email,55+,Other
896,Evelyn,Walker,evelyn.walker896@example.com,+1-585-197-7747,New York,NY,USA,2024-03-30,Paid Search,18-24,Other
897,Isabella,Thomas,isabella.thomas897@example.com,+1-585-250-9468,Chicago,IL,USA,2025-05-06,Social,45-54,Male
898,Evelyn,Young,evelyn.young898@example.com,+1-585-512-1666,Miami,FL,USA,2024-03-20,Display,25-34,Other
899,Noah,Lewis,noah.lewis899@example.com,+1-585-708-9103,Denver,CO,USA,2024-09-20,Organic Search,35-44,Male
900,Theodore,Harris,theodore.harris900@example.com,+1-585-106-6885,Seattle,WA,USA,2024-08-03,Organic Search,45-54,Other
901,Olivia,Davis,olivia.davis901@example.com,+1-585-711-9092,Seattle,WA,USA,2024-05-09,Referral,18-24,Male
902,William,Lee,william.lee902@example.com,+1-585-452-5391,Boston,MA,USA,2024-05-01,Organic Search,35-44,Male
903,Emma,White,emma.white903@example.com,+1-585-191-1758,New York,NY,USA,2024-01-30,Organic Search,35-44,Other
904,Amelia,Anderson,amelia.anderson904@example.com,+1-585-761-8748,Atlanta,GA,USA,2024-07-21,Email,35-44,Male
905,Lucas,Lewis,lucas.lewis905@example.com,+1-585-391-6025,San Francisco,CA,USA,2024-08-25,Display,25-34,Female
906,Lucas,Taylor,lucas.taylor906@example.com,+1-585-150-3196,San Francisco,CA,USA,2024-06-14,Social,45-54,Male
907,Oliver,Brown,oliver.brown907@example.com,+1-585-840-2932,New York,NY,USA,2024-09-04,Display,35-44,Other
908,Olivia,Davis,olivia.davis908@example.com,+1-585-103-1809,San Francisco,CA,USA,2024-08-10,Organic Search,18-24,Male
909,Henry,Thomas,henry.thomas909@example.com,+1-585-471-6456,Denver,CO,USA,2025-01-20,Referral,18-24,Female
910,Ava,Lee,ava.lee910@example.com,+1-585-663-2230,Atlanta,GA,USA,2024-08-17,Referral,35-44,Male
911,Mia,Clark,mia.clark911@example.com,+1-585-174-4172,Denver,CO,USA,2025-02-10,Email,18-24,Male
912,Sophia,Thomas,sophia.thomas912@example.com,+1-585-681-7548,Austin,TX,USA,2024-12-19,Social,18-24,Female
913,Charlotte,Thomas,charlotte.thomas913@example.com,+1-585-458-6327,Dallas,TX,USA,2024-07-16,Social,18-24,Male
914,Amelia,Young,amelia.young914@example.com,+1-585-673-3781,Denver,CO,USA,2024-11-27,Referral,55+,Other
915,Evelyn,Anderson,evelyn.anderson915@example.com,+1-585-599-8819,Dallas,TX,USA,2024-08-16,Paid Search,18-24,Other
916,James,Jackson,james.jackson916@example.com,+1-585-171-6422,Seattle,WA,USA,2024-04-12,Display,18-24,Male
917,Oliver,Garcia,oliver.garcia917@example.com,+1-585-461-6844,Chicago,IL,USA,2024-12-14,Paid Search,55+,Male
918,Noah,Lewis,noah.lewis918@example.com,+1-585-186-2867,Miami,FL,USA,2024-06-30,Referral,45-54,Female
919,Emma,Clark,emma.clark919@example.com,+1-585-607-8727,Denver,CO,USA,2024-09-08,Paid Search,55+,Other
920,Lucas,White,lucas.white920@example.com,+1-585-414-9234,San Francisco,CA,USA,2024-08-30,Organic Search,35-44,Male
921,Noah,Jackson,noah.jackson921@example.com,+1-585-618-7520,Chicago,IL,USA,2024-05-20,Referral,18-24,Other
922,Emma,Lee,emma.lee922@example.com,+1-585-419-5636,Chicago,IL,USA,2024-09-03,Social,55+,Female
923,Isabella,Walker,isabella.walker923@example.com,+1-585-441-1416,Miami,FL,USA,2025-03-04,Paid Search,18-24,Male
924,Oliver,Young,oliver.young924@example.com,+1-585-456-5273,Dallas,TX,USA,2024-09-20,Referral,45-54,Male
925,Olivia,Clark,olivia.clark925@example.com,+1-585-629-9607,Austin,TX,USA,2024-03-11,Referral,18-24,Female
926,William,Brown,william.brown926@example.com,+1-585-171-4173,Atlanta,GA,USA,2024-02-23,Referral,25-34,Other
927,Amelia,Lewis,amelia.lewis927@example.com,+1-585-511-7050,Chicago,IL,USA,2024-10-30,Organic Search,45-54,Female
928,Olivia,Smith,olivia.smith928@example.com,+1-585-519-5274,New York,NY,USA,2024-01-28,Organic Search,25-34,Other
929,Mia,Young,mia.young929@example.com,+1-585-924-5518,Seattle,WA,USA,2024-05-22,Email,18-24,Male
930,Theodore,Thomas,theodore.thomas930@example.com,+1-585-825-6503,Boston,MA,USA,2024-07-26,Social,45-54,Other
931,Oliver,Harris,oliver.harris931@example.com,+1-585-942-4139,New York,NY,USA,2024-10-12,Paid Search,45-54,Male
932,Emma,White,emma.white932@example.com,+1-585-352-9445,Austin,TX,USA,2024-12-20,Referral,18-24,Female
933,Henry,White,henry.white933@example.com,+1-585-206-6492,Atlanta,GA,USA,2025-06-13,Paid Search,45-54,Male
934,Henry,Davis,henry.davis934@example.com,+1-585-488-2606,Atlanta,GA,USA,2024-09-24,Referral,35-44,Other
935,Ava,Davis,ava.davis935@example.com,+1-585-207-4048,San Francisco,CA,USA,2024-05-12,Paid Search,55+,Other
936,Emma,Davis,emma.davis936@example.com,+1-585-325-9108,Denver,CO,USA,2025-08-23,Social,55+,Female
937,Olivia,Young,olivia.young937@example.com,+1-585-286-4615,Denver,CO,USA,2024-05-16,Email,55+,Female
938,Henry,Taylor,henry.taylor938@example.com,+1-585-216-9424,Miami,FL,USA,2024-02-16,Display,55+,Other
939,Ava,Perez,ava.perez939@example.com,+1-585-901-1607,Austin,TX,USA,2024-02-27,Referral,35-44,Female
940,Harper,Johnson,harper.johnson940@example.com,+1-585-636-2812,San Francisco,CA,USA,2024-07-04,Organic Search,18-24,Female
941,Theodore,Martinez,theodore.martinez941@example.com,+1-585-657-9561,Miami,FL,USA,2024-04-07,Email,25-34,Female
942,Isabella,White,isabella.white942@example.com,+1-585-809-2906,Miami,FL,USA,2024-06-18,Email,25-34,Female
943,Harper,Thomas,harper.thomas943@example.com,+1-585-605-3154,Denver,CO,USA,2025-03-17,Organic Search,25-34,Male
944,Theodore,Thomas,theodore.thomas944@example.com,+1-585-315-7106,Boston,MA,USA,2024-01-07,Email,18-24,Female
945,Sophia,Taylor,sophia.taylor945@example.com,+1-585-913-7540,Dallas,TX,USA,2024-02-18,Email,45-54,Female
946,Ava,Thompson,ava.thompson946@example.com,+1-585-301-9586,Austin,TX,USA,2024-05-31,Display,35-44,Female
947,Emma,Davis,emma.davis947@example.com,+1-585-751-3531,Miami,FL,USA,2024-03-21,Organic Search,18-24,Male
948,Olivia,Clark,olivia.clark948@example.com,+1-585-475-1909,New York,NY,USA,2024-11-21,Display,18-24,Male
949,Benjamin,Taylor,benjamin.taylor949@example.com,+1-585-185-8152,Atlanta,GA,USA,2024-02-19,Organic Search,25-34,Male
950,Lucas,Perez,lucas.perez950@example.com,+1-585-805-1452,New York,NY,USA,2024-07-31,Referral,25-34,Female
951,Lucas,Thompson,lucas.thompson951@example.com,+1-585-455-1790,Miami,FL,USA,2024-08-31,Paid Search,55+,Male
952,Charlotte,Clark,charlotte.clark952@example.com,+1-585-838-9352,Chicago,IL,USA,2024-05-14,Social,55+,Female
953,Elijah,Thomas,elijah.thomas953@example.com,+1-585-488-6395,Chicago,IL,USA,2024-05-25,Social,25-34,Other
954,Noah,Thompson,noah.thompson954@example.com,+1-585-459-4704,Miami,FL,USA,2024-02-02,Email,45-54,Male
955,Lucas,Taylor,lucas.taylor955@example.com,+1-585-954-9130,Miami,FL,USA,2024-05-29,Email,45-54,Female
956,Ava,Garcia,ava.garcia956@example.com,+1-585-269-1945,Atlanta,GA,USA,2024-01-10,Display,35-44,Male
957,Harper,Taylor,harper.taylor957@example.com,+1-585-471-8924,Dallas,TX,USA,2024-03-18,Social,45-54,Male
958,Elijah,Harris,elijah.harris958@example.com,+1-585-261-7940,Dallas,TX,USA,2024-05-20,Organic Search,45-54,Other
959,Ava,Perez,ava.perez959@example.com,+1-585-817-5477,Austin,TX,USA,2024-09-11,Referral,55+,Other
960,Benjamin,Garcia,benjamin.garcia960@example.com,+1-585-887-3318,Denver,CO,USA,2024-07-08,Paid Search,35-44,Other
961,Olivia,Taylor,olivia.taylor961@example.com,+1-585-991-8539,Atlanta,GA,USA,2024-01-27,Social,55+,Other
962,Harper,White,harper.white962@example.com,+1-585-938-3914,Austin,TX,USA,2024-09-02,Paid Search,18-24,Other
963,Charlotte,Brown,charlotte.brown963@example.com,+1-585-315-7304,Chicago,IL,USA,2024-04-02,Display,35-44,Other
964,Ava,Lewis,ava.lewis964@example.com,+1-585-899-8276,Denver,CO,USA,2025-04-23,Social,25-34,Other
965,Sophia,Perez,sophia.perez965@example.com,+1-585-212-3535,San Francisco,CA,USA,2024-03-11,Referral,45-54,Male
966,Lucas,Jackson,lucas.jackson966@example.com,+1-585-424-4252,Seattle,WA,USA,2024-03-06,Display,18-24,Male
967,Mia,Lee,mia.lee967@example.com,+1-585-157-1947,New York,NY,USA,2025-05-02,Display,45-54,Male
968,William,White,william.white968@example.com,+1-585-924-8415,New York,NY,USA,2024-05-26,Referral,18-24,Female
969,Noah,Lee,noah.lee969@example.com,+1-585-968-7903,Boston,MA,USA,2024-02-06,Display,55+,Female
970,Mia,Martin,mia.martin970@example.com,+1-585-116-1367,Miami,FL,USA,2025-06-30,Display,35-44,Male
971,Isabella,Smith,isabella.smith971@example.com,+1-585-544-5295,Miami,FL,USA,2024-04-02,Paid Search,55+,Male
972,Olivia,Young,olivia.young972@example.com,+1-585-779-5249,Dallas,TX,USA,2024-12-23,Paid Search,25-34,Other
973,Sophia,Young,sophia.young973@example.com,+1-585-198-3451,Austin,TX,USA,2024-09-09,Paid Search,55+,Other
974,Elijah,Thomas,elijah.thomas974@example.com,+1-585-716-7039,Boston,MA,USA,2024-07-21,Email,18-24,Male
975,William,White,william.white975@example.com,+1-585-497-4358,Boston,MA,USA,2024-03-15,Referral,18-24,Male
976,William,Walker,william.walker976@example.com,+1-585-464-8444,Miami,FL,USA,2024-05-19,Email,35-44,Male
977,Mia,Martinez,mia.martinez977@example.com,+1-585-701-1769,Miami,FL,USA,2024-05-28,Social,55+,Female
978,Henry,Martin,henry.martin978@example.com,+1-585-288-9985,San Francisco,CA,USA,2024-04-13,Paid Search,25-34,Female
979,Benjamin,Martin,benjamin.martin979@example.com,+1-585-472-2609,Seattle,WA,USA,2024-01-24,Paid Search,25-34,Male
980,Evelyn,White,evelyn.white980@example.com,+1-585-281-8057,Chicago,IL,USA,2024-06-06,Referral,45-54,Male
981,Harper,Johnson,harper.johnson981@example.com,+1-585-692-3462,Chicago,IL,USA,2024-04-28,Organic Search,45-54,Male
982,Isabella,Brown,isabella.brown982@example.com,+1-585-108-1636,Atlanta,GA,USA,2024-03-15,Email,35-44,Female
983,Isabella,Harris,isabella.harris983@example.com,+1-585-670-9752,Chicago,IL,USA,2024-10-05,Social,18-24,Male
984,Olivia,Johnson,olivia.johnson984@example.com,+1-585-184-6346,Austin,TX,USA,2025-03-14,Referral,18-24,Female
985,Amelia,Lewis,amelia.lewis985@example.com,+1-585-652-5673,Boston,MA,USA,2024-05-17,Organic Search,55+,Other
986,Theodore,Martin,theodore.martin986@example.com,+1-585-260-6207,Denver,CO,USA,2025-02-03,Paid Search,25-34,Female
987,Theodore,Martinez,theodore.martinez987@example.com,+1-585-589-8474,Miami,FL,USA,2024-10-30,Organic Search,45-54,Other
988,Theodore,Brown,theodore.brown988@example.com,+1-585-397-9049,Boston,MA,USA,2024-02-29,Paid Search,18-24,Other
989,Isabella,Martin,isabella.martin989@example.com,+1-585-947-7469,Denver,CO,USA,2024-07-31,Organic Search,18-24,Female
990,Charlotte,Perez,charlotte.perez990@example.com,+1-585-756-3093,Chicago,IL,USA,2024-07-07,Email,45-54,Male
991,Liam,Martin,liam.martin991@example.com,+1-585-677-2452,Chicago,IL,USA,2025-02-13,Email,25-34,Male
992,Benjamin,Jackson,benjamin.jackson992@example.com,+1-585-531-2175,Seattle,WA,USA,2024-07-06,Referral,25-34,Male
993,Elijah,Smith,elijah.smith993@example.com,+1-585-314-6742,San Francisco,CA,USA,2025-04-06,Email,45-54,Male
994,Henry,Thompson,henry.thompson994@example.com,+1-585-307-3147,Seattle,WA,USA,2025-08-12,Organic Search,55+,Female
995,William,Young,william.young995@example.com,+1-585-342-4344,Chicago,IL,USA,2024-04-05,Display,45-54,Male
996,Lucas,Clark,lucas.clark996@example.com,+1-585-148-2114,Miami,FL,USA,2024-07-02,Display,25-34,Other
997,James,Johnson,james.johnson997@example.com,+1-585-975-1855,Boston,MA,USA,2024-02-01,Organic Search,35-44,Female
998,Isabella,Perez,isabella.perez998@example.com,+1-585-993-3789,San Francisco,CA,USA,2025-01-13,Display,18-24,Male
999,Harper,Jackson,harper.jackson999@example.com,+1-585-598-4363,Austin,TX,USA,2024-09-02,Paid Search,18-24,Other
1000,William,Clark,william.clark1000@example.com,+1-585-733-9966,Atlanta,GA,USA,2024-12-12,Paid Search,18-24,Male
1001,Noah,Thomas,noah.thomas1001@example.com,+1-585-340-9191,Dallas,TX,USA,2024-06-26,Social,18-24,Male
1002,Charlotte,Lee,charlotte.lee1002@example.com,+1-585-273-8828,Chicago,IL,USA,2024-10-18,Referral,25-34,Other
1003,Charlotte,Johnson,charlotte.johnson1003@example.com,+1-585-418-4904,Atlanta,GA,USA,2024-04-16,Organic Search,35-44,Female
1004,Amelia,Young,amelia.young1004@example.com,+1-585-397-2328,Denver,CO,USA,2024-12-27,Display,45-54,Male
1005,Evelyn,Brown,evelyn.brown1005@example.com,+1-585-121-3465,Austin,TX,USA,2024-04-21,Organic Search,18-24,Female
1006,James,Brown,james.brown1006@example.com,+1-585-840-7413,Boston,MA,USA,2024-09-02,Organic Search,35-44,Male
1007,Harper,Clark,harper.clark1007@example.com,+1-585-235-7932,Seattle,WA,USA,2024-05-26,Organic Search,25-34,Other
1008,Ava,Davis,ava.davis1008@example.com,+1-585-937-7471,Denver,CO,USA,2024-12-22,Display,45-54,Female
1009,Emma,Walker,emma.walker1009@example.com,+1-585-536-2322,Miami,FL,USA,2024-10-30,Social,45-54,Female
1010,Olivia,Thompson,olivia.thompson1010@example.com,+1-585-138-2643,Boston,MA,USA,2024-12-31,Display,45-54,Other
1011,Evelyn,Davis,evelyn.davis1011@example.com,+1-585-203-2045,Denver,CO,USA,2024-10-11,Paid Search,45-54,Male
1012,Harper,Clark,harper.clark1012@example.com,+1-585-295-5250,Denver,CO,USA,2024-06-04,Organic Search,45-54,Female
1013,James,Lee,james.lee1013@example.com,+1-585-415-1971,Miami,FL,USA,2024-05-16,Social,45-54,Male
1014,William,Thomas,william.thomas1014@example.com,+1-585-681-2221,Dallas,TX,USA,2024-10-01,Display,35-44,Female
1015,Liam,Perez,liam.perez1015@example.com,+1-585-261-4088,Denver,CO,USA,2024-03-30,Paid Search,18-24,Female
1016,Oliver,Smith,oliver.smith1016@example.com,+1-585-738-5167,Austin,TX,USA,2024-07-10,Paid Search,35-44,Male
1017,Isabella,Lee,isabella.lee1017@example.com,+1-585-715-8001,Boston,MA,USA,2024-04-25,Referral,45-54,Female
1018,Charlotte,Thomas,charlotte.thomas1018@example.com,+1-585-457-1337,Boston,MA,USA,2024-08-04,Organic Search,25-34,Female
1019,Amelia,Johnson,amelia.johnson1019@example.com,+1-585-989-2347,Austin,TX,USA,2024-04-06,Paid Search,25-34,Male
1020,Charlotte,Taylor,charlotte.taylor1020@example.com,+1-585-491-2754,Atlanta,GA,USA,2024-10-26,Email,25-34,Male
1021,Henry,Walker,henry.walker1021@example.com,+1-585-740-3474,Atlanta,GA,USA,2024-07-09,Referral,18-24,Other
1022,Amelia,Thomas,amelia.thomas1022@example.com,+1-585-948-1080,Atlanta,GA,USA,2024-05-19,Organic Search,45-54,Female
1023,Amelia,Martinez,amelia.martinez1023@example.com,+1-585-583-7622,Austin,TX,USA,2025-02-11,Display,35-44,Female
1024,Charlotte,Young,charlotte.young1024@example.com,+1-585-763-3613,Seattle,WA,USA,2024-10-04,Paid Search,18-24,Female
1025,Lucas,White,lucas.white1025@example.com,+1-585-761-5069,Seattle,WA,USA,2024-09-19,Organic Search,55+,Other
1026,Theodore,Smith,theodore.smith1026@example.com,+1-585-207-7498,Austin,TX,USA,2024-06-12,Display,55+,Female
1027,Elijah,Smith,elijah.smith1027@example.com,+1-585-816-2136,Chicago,IL,USA,2024-01-26,Display,25-34,Male
1028,James,Smith,james.smith1028@example.com,+1-585-325-7230,Seattle,WA,USA,2024-04-03,Social,18-24,Other
1029,Olivia,Anderson,olivia.anderson1029@example.com,+1-585-631-7413,San Francisco,CA,USA,2024-08-27,Social,35-44,Female
1030,Sophia,Johnson,sophia.johnson1030@example.com,+1-585-132-2457,Atlanta,GA,USA,2024-04-05,Paid Search,25-34,Other
1031,William,Davis,william.davis1031@example.com,+1-585-540-6071,Seattle,WA,USA,2024-06-29,Social,45-54,Male
1032,Liam,Davis,liam.davis1032@example.com,+1-585-927-4331,San Francisco,CA,USA,2024-03-26,Display,55+,Male
1033,Charlotte,Martin,charlotte.martin1033@example.com,+1-585-592-6691,Denver,CO,USA,2024-04-12,Referral,45-54,Other
1034,Isabella,Perez,isabella.perez1034@example.com,+1-585-349-9427,Miami,FL,USA,2024-06-16,Display,18-24,Male
1035,Liam,Smith,liam.smith1035@example.com,+1-585-754-8769,Dallas,TX,USA,2024-11-04,Organic Search,18-24,Other
1036,Emma,Taylor,emma.taylor1036@example.com,+1-585-620-6379,Seattle,WA,USA,2024-07-21,Social,18-24,Male
1037,Benjamin,Smith,benjamin.smith1037@example.com,+1-585-799-5721,Austin,TX,USA,2024-04-07,Social,45-54,Male
1038,James,Thomas,james.thomas1038@example.com,+1-585-603-7769,Seattle,WA,USA,2024-04-22,Display,18-24,Male
1039,Charlotte,Martinez,charlotte.martinez1039@example.com,+1-585-870-9082,Denver,CO,USA,2024-08-23,Referral,45-54,Male
1040,Henry,Anderson,henry.anderson1040@example.com,+1-585-263-8865,Chicago,IL,USA,2024-10-22,Email,35-44,Male
1041,Henry,Davis,henry.davis1041@example.com,+1-585-137-1577,New York,NY,USA,2024-08-16,Social,25-34,Other
1042,Harper,Lee,harper.lee1042@example.com,+1-585-693-7122,New York,NY,USA,2024-06-23,Organic Search,18-24,Male
1043,Isabella,Harris,isabella.harris1043@example.com,+1-585-581-1675,Austin,TX,USA,2024-12-02,Social,45-54,Other
1044,Emma,Johnson,emma.johnson1044@example.com,+1-585-468-9821,Boston,MA,USA,2024-11-21,Display,55+,Male
1045,Henry,Lee,henry.lee1045@example.com,+1-585-632-9938,San Francisco,CA,USA,2024-09-03,Social,55+,Male
1046,Sophia,Taylor,sophia.taylor1046@example.com,+1-585-977-3090,Denver,CO,USA,2024-08-28,Organic Search,45-54,Male
1047,Elijah,Walker,elijah.walker1047@example.com,+1-585-802-6822,Dallas,TX,USA,2024-09-10,Paid Search,18-24,Male
1048,Ava,Smith,ava.smith1048@example.com,+1-585-268-5795,Austin,TX,USA,2024-03-23,Display,55+,Male
1049,Oliver,Walker,oliver.walker1049@example.com,+1-585-427-7763,Boston,MA,USA,2024-05-29,Paid Search,25-34,Male
1050,Liam,Young,liam.young1050@example.com,+1-585-312-3370,Atlanta,GA,USA,2024-08-30,Organic Search,35-44,Other
1051,Ava,Lewis,ava.lewis1051@example.com,+1-585-683-5316,Seattle,WA,USA,2024-07-03,Referral,25-34,Female
1052,Lucas,Taylor,lucas.taylor1052@example.com,+1-585-511-4229,Dallas,TX,USA,2024-12-25,Organic Search,35-44,Female
1053,Isabella,Harris,isabella.harris1053@example.com,+1-585-613-7558,San Francisco,CA,USA,2024-02-15,Referral,25-34,Female
1054,Ava,Harris,ava.harris1054@example.com,+1-585-361-6555,Miami,FL,USA,2025-07-26,Organic Search,18-24,Male
1055,Sophia,Lewis,sophia.lewis1055@example.com,+1-585-292-7135,Dallas,TX,USA,2024-04-21,Organic Search,18-24,Other
1056,Ava,Martinez,ava.martinez1056@example.com,+1-585-713-4501,Miami,FL,USA,2024-03-25,Referral,45-54,Female
1057,Olivia,Brown,olivia.brown1057@example.com,+1-585-940-6753,Denver,CO,USA,2024-02-12,Display,18-24,Male
1058,William,Taylor,william.taylor1058@example.com,+1-585-937-8047,Seattle,WA,USA,2024-07-21,Display,25-34,Female
1059,Ava,Lewis,ava.lewis1059@example.com,+1-585-158-7347,Dallas,TX,USA,2024-04-16,Social,45-54,Female
1060,Theodore,Walker,theodore.walker1060@example.com,+1-585-991-2396,New York,NY,USA,2024-05-03,Organic Search,25-34,Male
1061,Olivia,Walker,olivia.walker1061@example.com,+1-585-274-3005,Chicago,IL,USA,2025-01-22,Paid Search,18-24,Female
1062,Amelia,Martinez,amelia.martinez1062@example.com,+1-585-788-3489,Boston,MA,USA,2024-01-11,Display,45-54,Female
1063,Isabella,Garcia,isabella.garcia1063@example.com,+1-585-910-5744,Denver,CO,USA,2024-07-15,Display,25-34,Other
1064,Benjamin,Anderson,benjamin.anderson1064@example.com,+1-585-332-3970,Austin,TX,USA,2024-04-16,Paid Search,25-34,Other
1065,Lucas,Walker,lucas.walker1065@example.com,+1-585-549-7347,Boston,MA,USA,2024-10-13,Email,18-24,Male
1066,Theodore,Smith,theodore.smith1066@example.com,+1-585-797-4706,New York,NY,USA,2024-03-29,Social,25-34,Other
1067,Evelyn,Jackson,evelyn.jackson1067@example.com,+1-585-263-5535,Austin,TX,USA,2024-10-18,Social,25-34,Female
1068,Liam,Anderson,liam.anderson1068@example.com,+1-585-563-2665,Chicago,IL,USA,2024-03-06,Referral,55+,Female
1069,Olivia,Martinez,olivia.martinez1069@example.com,+1-585-958-9881,Boston,MA,USA,2024-08-24,Email,18-24,Female
1070,Charlotte,Young,charlotte.young1070@example.com,+1-585-192-6881,Seattle,WA,USA,2024-10-07,Referral,55+,Female
1071,Amelia,Perez,amelia.perez1071@example.com,+1-585-878-5356,Chicago,IL,USA,2024-10-18,Display,25-34,Female
1072,Olivia,Garcia,olivia.garcia1072@example.com,+1-585-336-7032,Austin,TX,USA,2024-09-04,Display,25-34,Other
1073,Isabella,Perez,isabella.perez1073@example.com,+1-585-314-3118,Chicago,IL,USA,2024-07-15,Referral,25-34,Other
1074,Benjamin,Thompson,benjamin.thompson1074@example.com,+1-585-832-6214,Austin,TX,USA,2024-03-20,Organic Search,35-44,Female
1075,Benjamin,Smith,benjamin.smith1075@example.com,+1-585-927-7620,Miami,FL,USA,2024-03-22,Email,35-44,Male
1076,Olivia,Martin,olivia.martin1076@example.com,+1-585-285-9970,Austin,TX,USA,2024-05-19,Organic Search,25-34,Other
1077,Benjamin,Thomas,benjamin.thomas1077@example.com,+1-585-758-8989,San Francisco,CA,USA,2024-09-18,Email,35-44,Female
1078,Sophia,Martin,sophia.martin1078@example.com,+1-585-128-5177,Denver,CO,USA,2024-04-08,Social,25-34,Female
1079,Evelyn,Jackson,evelyn.jackson1079@example.com,+1-585-207-6339,Atlanta,GA,USA,2024-06-02,Social,25-34,Female
1080,Harper,Walker,harper.walker1080@example.com,+1-585-502-6688,Chicago,IL,USA,2024-06-16,Referral,45-54,Other
1081,Harper,Harris,harper.harris1081@example.com,+1-585-262-9360,Dallas,TX,USA,2025-02-26,Organic Search,25-34,Female
1082,Ava,Lee,ava.lee1082@example.com,+1-585-368-5918,Chicago,IL,USA,2024-07-17,Referral,55+,Female
1083,Amelia,Clark,amelia.clark1083@example.com,+1-585-113-2347,Miami,FL,USA,2024-03-30,Organic Search,55+,Other
1084,Liam,Davis,liam.davis1084@example.com,+1-585-153-7912,New York,NY,USA,2024-07-31,Paid Search,25-34,Male
1085,Olivia,Martinez,olivia.martinez1085@example.com,+1-585-785-2426,Seattle,WA,USA,2024-11-16,Organic Search,25-34,Male
1086,Theodore,Clark,theodore.clark1086@example.com,+1-585-287-5104,Denver,CO,USA,2025-04-04,Email,25-34,Other
1087,Harper,Lewis,harper.lewis1087@example.com,+1-585-750-8914,Chicago,IL,USA,2024-03-30,Referral,18-24,Male
1088,Noah,Young,noah.young1088@example.com,+1-585-875-9806,Seattle,WA,USA,2024-06-15,Display,25-34,Male
1089,Isabella,Lewis,isabella.lewis1089@example.com,+1-585-165-7883,Denver,CO,USA,2024-05-19,Social,18-24,Female
1090,Evelyn,Harris,evelyn.harris1090@example.com,+1-585-463-7034,New York,NY,USA,2024-03-13,Paid Search,55+,Female
1091,Ava,White,ava.white1091@example.com,+1-585-614-1678,Denver,CO,USA,2024-09-03,Paid Search,45-54,Female
1092,William,Clark,william.clark1092@example.com,+1-585-717-1754,San Francisco,CA,USA,2024-06-25,Organic Search,35-44,Female
1093,Ava,Jackson,ava.jackson1093@example.com,+1-585-278-8214,Seattle,WA,USA,2025-03-22,Social,25-34,Female
1094,Charlotte,Thomas,charlotte.thomas1094@example.com,+1-585-691-2097,Boston,MA,USA,2024-06-03,Referral,35-44,Male
1095,Charlotte,Harris,charlotte.harris1095@example.com,+1-585-679-2354,Denver,CO,USA,2024-10-29,Referral,25-34,Male
1096,Isabella,Harris,isabella.harris1096@example.com,+1-585-798-8939,San Francisco,CA,USA,2024-09-18,Organic Search,45-54,Other
1097,Ava,White,ava.white1097@example.com,+1-585-794-6541,Chicago,IL,USA,2024-07-13,Email,25-34,Female
1098,Benjamin,Anderson,benjamin.anderson1098@example.com,+1-585-471-8295,San Francisco,CA,USA,2024-05-31,Paid Search,55+,Male
1099,Elijah,Harris,elijah.harris1099@example.com,+1-585-499-3904,New York,NY,USA,2024-07-02,Paid Search,25-34,Other
1100,Evelyn,Brown,evelyn.brown1100@example.com,+1-585-778-9822,Seattle,WA,USA,2024-07-03,Organic Search,55+,Male
1101,Olivia,Garcia,olivia.garcia1101@example.com,+1-585-986-6852,Atlanta,GA,USA,2024-04-15,Paid Search,55+,Male
1102,Harper,Thompson,harper.thompson1102@example.com,+1-585-671-9310,New York,NY,USA,2024-08-11,Organic Search,55+,Male
1103,Oliver,Clark,oliver.clark1103@example.com,+1-585-190-6707,Denver,CO,USA,2024-06-13,Display,18-24,Male
1104,Harper,Johnson,harper.johnson1104@example.com,+1-585-535-2850,Boston,MA,USA,2024-05-07,Social,18-24,Female
1105,Harper,Thompson,harper.thompson1105@example.com,+1-585-892-4106,Seattle,WA,USA,2024-10-22,Organic Search,25-34,Male
1106,Noah,Garcia,noah.garcia1106@example.com,+1-585-255-9708,San Francisco,CA,USA,2024-06-27,Email,18-24,Male
1107,Mia,Lewis,mia.lewis1107@example.com,+1-585-828-5363,San Francisco,CA,USA,2024-08-15,Email,55+,Other
1108,Evelyn,Lee,evelyn.lee1108@example.com,+1-585-895-9094,Dallas,TX,USA,2024-08-15,Display,45-54,Male
1109,Elijah,Smith,elijah.smith1109@example.com,+1-585-286-3449,Austin,TX,USA,2024-03-28,Referral,45-54,Female
1110,Olivia,White,olivia.white1110@example.com,+1-585-659-9217,Seattle,WA,USA,2024-03-14,Organic Search,35-44,Male
1111,Amelia,Smith,amelia.smith1111@example.com,+1-585-720-4778,New York,NY,USA,2024-11-23,Paid Search,35-44,Female
1112,Harper,White,harper.white1112@example.com,+1-585-384-4026,Seattle,WA,USA,2024-07-16,Email,18-24,Male
1113,James,Lee,james.lee1113@example.com,+1-585-490-9437,Austin,TX,USA,2024-04-07,Display,35-44,Other
1114,Evelyn,White,evelyn.white1114@example.com,+1-585-229-1714,Miami,FL,USA,2024-10-17,Social,25-34,Female
1115,Harper,Clark,harper.clark1115@example.com,+1-585-487-1062,Atlanta,GA,USA,2024-08-23,Email,55+,Female
1116,Amelia,Perez,amelia.perez1116@example.com,+1-585-365-5478,Denver,CO,USA,2024-03-26,Social,45-54,Male
1117,Harper,Davis,harper.davis1117@example.com,+1-585-380-8175,San Francisco,CA,USA,2024-06-14,Social,45-54,Female
1118,Charlotte,Jackson,charlotte.jackson1118@example.com,+1-585-351-8314,Dallas,TX,USA,2024-02-28,Referral,18-24,Other
1119,William,White,william.white1119@example.com,+1-585-454-6135,Dallas,TX,USA,2024-11-17,Email,45-54,Male
1120,Mia,Johnson,mia.johnson1120@example.com,+1-585-206-4049,Boston,MA,USA,2024-10-30,Email,55+,Female
1121,Henry,Thompson,henry.thompson1121@example.com,+1-585-266-2337,Austin,TX,USA,2024-03-10,Organic Search,25-34,Male
1122,James,Johnson,james.johnson1122@example.com,+1-585-756-1429,Dallas,TX,USA,2024-03-14,Organic Search,45-54,Other
1123,William,Harris,william.harris1123@example.com,+1-585-408-6058,New York,NY,USA,2024-10-15,Paid Search,18-24,Other
1124,Charlotte,Anderson,charlotte.anderson1124@example.com,+1-585-274-7720,Boston,MA,USA,2024-04-07,Social,18-24,Female
1125,Harper,Thomas,harper.thomas1125@example.com,+1-585-564-3869,Denver,CO,USA,2024-07-13,Organic Search,45-54,Other
1126,Henry,Brown,henry.brown1126@example.com,+1-585-825-7593,Denver,CO,USA,2024-09-07,Social,55+,Female
1127,Benjamin,Garcia,benjamin.garcia1127@example.com,+1-585-915-8684,Austin,TX,USA,2024-10-05,Organic Search,45-54,Other
1128,Benjamin,Thompson,benjamin.thompson1128@example.com,+1-585-766-8700,Atlanta,GA,USA,2024-02-27,Referral,45-54,Female
1129,Liam,Johnson,liam.johnson1129@example.com,+1-585-907-9589,San Francisco,CA,USA,2024-07-03,Organic Search,18-24,Other
1130,Elijah,Thompson,elijah.thompson1130@example.com,+1-585-368-2852,Atlanta,GA,USA,2024-07-07,Paid Search,55+,Other
1131,Amelia,Smith,amelia.smith1131@example.com,+1-585-670-8699,Chicago,IL,USA,2024-03-25,Email,18-24,Other
1132,James,Martin,james.martin1132@example.com,+1-585-285-3249,Miami,FL,USA,2024-11-07,Referral,18-24,Other
1133,William,Taylor,william.taylor1133@example.com,+1-585-679-9665,Seattle,WA,USA,2024-04-16,Organic Search,35-44,Male
1134,Charlotte,Brown,charlotte.brown1134@example.com,+1-585-213-5457,San Francisco,CA,USA,2024-02-28,Organic Search,18-24,Male
1135,Liam,Jackson,liam.jackson1135@example.com,+1-585-678-1948,New York,NY,USA,2024-08-27,Display,55+,Male
1136,Ava,Thomas,ava.thomas1136@example.com,+1-585-104-1136,Denver,CO,USA,2024-04-13,Referral,25-34,Female
1137,Henry,White,henry.white1137@example.com,+1-585-472-9652,Miami,FL,USA,2024-02-04,Paid Search,45-54,Male
1138,Oliver,Smith,oliver.smith1138@example.com,+1-585-656-5117,Denver,CO,USA,2024-03-04,Email,18-24,Other
1139,Lucas,Martin,lucas.martin1139@example.com,+1-585-900-1031,Denver,CO,USA,2024-04-05,Organic Search,45-54,Male
1140,Elijah,Thompson,elijah.thompson1140@example.com,+1-585-293-3469,Dallas,TX,USA,2024-04-04,Paid Search,45-54,Other
1141,Lucas,Taylor,lucas.taylor1141@example.com,+1-585-485-9714,San Francisco,CA,USA,2024-02-29,Social,45-54,Female
1142,James,Young,james.young1142@example.com,+1-585-790-2978,San Francisco,CA,USA,2024-04-13,Social,25-34,Other
1143,Benjamin,Young,benjamin.young1143@example.com,+1-585-614-5976,Austin,TX,USA,2024-12-07,Email,18-24,Female
1144,James,Brown,james.brown1144@example.com,+1-585-804-4099,Miami,FL,USA,2024-07-15,Display,55+,Other
1145,Lucas,Clark,lucas.clark1145@example.com,+1-585-431-3855,San Francisco,CA,USA,2025-01-08,Display,25-34,Male
1146,Elijah,Brown,elijah.brown1146@example.com,+1-585-685-6177,New York,NY,USA,2024-06-27,Email,18-24,Other
1147,Olivia,Johnson,olivia.johnson1147@example.com,+1-585-596-2266,Chicago,IL,USA,2024-08-28,Paid Search,45-54,Male
1148,Sophia,Davis,sophia.davis1148@example.com,+1-585-353-8775,Austin,TX,USA,2024-11-16,Social,18-24,Other
1149,Sophia,Davis,sophia.davis1149@example.com,+1-585-961-2628,Chicago,IL,USA,2024-10-09,Paid Search,25-34,Male
1150,Liam,Jackson,liam.jackson1150@example.com,+1-585-340-1965,Miami,FL,USA,2024-05-23,Email,45-54,Male
1151,Charlotte,Thomas,charlotte.thomas1151@example.com,+1-585-512-2160,Dallas,TX,USA,2024-10-28,Email,45-54,Female
1152,Olivia,Young,olivia.young1152@example.com,+1-585-224-3845,Chicago,IL,USA,2024-08-03,Display,35-44,Female
1153,Charlotte,Davis,charlotte.davis1153@example.com,+1-585-459-9528,Seattle,WA,USA,2024-05-30,Referral,35-44,Male
1154,Henry,Johnson,henry.johnson1154@example.com,+1-585-125-2326,Atlanta,GA,USA,2024-03-12,Referral,18-24,Female
1155,Mia,Smith,mia.smith1155@example.com,+1-585-408-7876,Chicago,IL,USA,2024-11-17,Organic Search,45-54,Female
1156,Benjamin,Jackson,benjamin.jackson1156@example.com,+1-585-238-6788,Atlanta,GA,USA,2025-05-01,Paid Search,55+,Male
1157,Oliver,Brown,oliver.brown1157@example.com,+1-585-575-1544,Chicago,IL,USA,2024-07-14,Social,35-44,Male
1158,Theodore,Young,theodore.young1158@example.com,+1-585-181-5682,Dallas,TX,USA,2024-07-21,Paid Search,55+,Other
1159,Mia,Jackson,mia.jackson1159@example.com,+1-585-551-2427,Dallas,TX,USA,2024-09-19,Social,25-34,Male
1160,Emma,Young,emma.young1160@example.com,+1-585-277-2081,Chicago,IL,USA,2025-01-15,Social,45-54,Male
1161,Emma,Harris,emma.harris1161@example.com,+1-585-873-7018,Denver,CO,USA,2024-11-30,Social,45-54,Female
1162,William,Jackson,william.jackson1162@example.com,+1-585-391-4724,Dallas,TX,USA,2025-01-14,Display,18-24,Male
1163,Lucas,Anderson,lucas.anderson1163@example.com,+1-585-663-1772,Denver,CO,USA,2024-11-21,Display,25-34,Other
1164,Henry,Thomas,henry.thomas1164@example.com,+1-585-922-8686,Seattle,WA,USA,2024-04-21,Email,25-34,Female
1165,Oliver,Anderson,oliver.anderson1165@example.com,+1-585-233-2328,Boston,MA,USA,2024-07-01,Referral,55+,Other
1166,Benjamin,Brown,benjamin.brown1166@example.com,+1-585-808-4414,Boston,MA,USA,2025-01-03,Display,35-44,Other
1167,Benjamin,Perez,benjamin.perez1167@example.com,+1-585-649-9728,Miami,FL,USA,2024-12-25,Referral,25-34,Female
1168,Evelyn,Clark,evelyn.clark1168@example.com,+1-585-230-9606,Chicago,IL,USA,2025-02-10,Paid Search,35-44,Other
1169,Evelyn,Harris,evelyn.harris1169@example.com,+1-585-352-9341,Boston,MA,USA,2024-08-14,Organic Search,18-24,Male
1170,Emma,Brown,emma.brown1170@example.com,+1-585-650-9608,Atlanta,GA,USA,2024-12-06,Social,45-54,Other
1171,Evelyn,Thompson,evelyn.thompson1171@example.com,+1-585-526-3285,Austin,TX,USA,2024-10-18,Organic Search,45-54,Male
1172,Evelyn,Lewis,evelyn.lewis1172@example.com,+1-585-227-2355,San Francisco,CA,USA,2024-03-14,Referral,45-54,Female
1173,Lucas,White,lucas.white1173@example.com,+1-585-146-2480,Seattle,WA,USA,2024-12-10,Organic Search,25-34,Other
1174,Benjamin,Brown,benjamin.brown1174@example.com,+1-585-759-7512,New York,NY,USA,2024-10-05,Organic Search,45-54,Male
1175,Isabella,White,isabella.white1175@example.com,+1-585-332-7308,Dallas,TX,USA,2024-04-16,Organic Search,45-54,Female
1176,Amelia,White,amelia.white1176@example.com,+1-585-928-9490,Seattle,WA,USA,2024-08-20,Paid Search,45-54,Male
1177,Harper,Martin,harper.martin1177@example.com,+1-585-243-3947,New York,NY,USA,2024-10-22,Social,18-24,Female
1178,Lucas,Harris,lucas.harris1178@example.com,+1-585-441-8443,Austin,TX,USA,2024-04-02,Organic Search,18-24,Other
1179,Theodore,Thompson,theodore.thompson1179@example.com,+1-585-213-1389,Denver,CO,USA,2024-06-04,Display,55+,Other
1180,Liam,Brown,liam.brown1180@example.com,+1-585-216-6264,Chicago,IL,USA,2024-10-29,Display,18-24,Female
1181,Lucas,Smith,lucas.smith1181@example.com,+1-585-550-6243,Denver,CO,USA,2024-09-29,Organic Search,18-24,Male
1182,William,Davis,william.davis1182@example.com,+1-585-716-9726,Dallas,TX,USA,2024-04-11,Organic Search,55+,Female
1183,Henry,Thompson,henry.thompson1183@example.com,+1-585-144-4817,Denver,CO,USA,2024-12-01,Social,35-44,Female
1184,James,Anderson,james.anderson1184@example.com,+1-585-809-2970,Miami,FL,USA,2024-08-30,Display,55+,Other
1185,Emma,Martin,emma.martin1185@example.com,+1-585-887-2232,Austin,TX,USA,2024-07-19,Display,45-54,Male
1186,James,Thomas,james.thomas1186@example.com,+1-585-121-1461,Denver,CO,USA,2024-04-22,Display,45-54,Other
1187,James,Davis,james.davis1187@example.com,+1-585-689-6095,Dallas,TX,USA,2024-09-03,Referral,55+,Other
1188,Henry,Thomas,henry.thomas1188@example.com,+1-585-569-4046,Austin,TX,USA,2024-03-05,Social,55+,Female
1189,William,Martinez,william.martinez1189@example.com,+1-585-392-2851,Miami,FL,USA,2024-04-21,Social,25-34,Female
1190,Olivia,Jackson,olivia.jackson1190@example.com,+1-585-670-6493,Boston,MA,USA,2024-05-03,Organic Search,25-34,Male
1191,Amelia,Martinez,amelia.martinez1191@example.com,+1-585-709-9405,San Francisco,CA,USA,2024-04-16,Organic Search,35-44,Other
1192,Elijah,Young,elijah.young1192@example.com,+1-585-910-4243,Austin,TX,USA,2024-04-29,Organic Search,25-34,Other
1193,Benjamin,Johnson,benjamin.johnson1193@example.com,+1-585-112-2269,Atlanta,GA,USA,2024-02-19,Social,45-54,Male
1194,Ava,Thompson,ava.thompson1194@example.com,+1-585-396-2674,Dallas,TX,USA,2024-08-26,Paid Search,25-34,Other
1195,James,Martinez,james.martinez1195@example.com,+1-585-781-4917,Boston,MA,USA,2024-07-03,Referral,25-34,Male
1196,Henry,Garcia,henry.garcia1196@example.com,+1-585-839-4134,Miami,FL,USA,2024-05-08,Referral,25-34,Other
1197,Oliver,White,oliver.white1197@example.com,+1-585-182-3123,Austin,TX,USA,2024-09-20,Social,55+,Other
1198,Benjamin,Perez,benjamin.perez1198@example.com,+1-585-709-1761,Dallas,TX,USA,2024-03-15,Paid Search,18-24,Other
1199,Sophia,Jackson,sophia.jackson1199@example.com,+1-585-276-7628,Atlanta,GA,USA,2025-06-02,Email,35-44,Male
1200,Olivia,Jackson,olivia.jackson1200@example.com,+1-585-877-8488,Austin,TX,USA,2024-08-07,Display,25-34,Other
1201,Theodore,Lewis,theodore.lewis1201@example.com,+1-585-125-6518,San Francisco,CA,USA,2024-11-08,Email,18-24,Other
1202,Ava,Harris,ava.harris1202@example.com,+1-585-429-4709,Miami,FL,USA,2024-07-14,Paid Search,45-54,Female
1203,Mia,Brown,mia.brown1203@example.com,+1-585-637-1987,Miami,FL,USA,2024-05-17,Referral,25-34,Male
1204,Charlotte,Jackson,charlotte.jackson1204@example.com,+1-585-889-9275,Miami,FL,USA,2024-04-05,Display,35-44,Other
1205,Benjamin,White,benjamin.white1205@example.com,+1-585-459-6573,Chicago,IL,USA,2025-03-14,Paid Search,25-34,Other
1206,Ava,Walker,ava.walker1206@example.com,+1-585-343-1980,Austin,TX,USA,2024-04-03,Display,25-34,Female
1207,Olivia,Martinez,olivia.martinez1207@example.com,+1-585-566-7717,Denver,CO,USA,2024-09-20,Paid Search,55+,Male
1208,Elijah,Clark,elijah.clark1208@example.com,+1-585-443-4889,San Francisco,CA,USA,2024-05-23,Referral,45-54,Other
1209,Oliver,Harris,oliver.harris1209@example.com,+1-585-760-5296,Atlanta,GA,USA,2024-06-18,Organic Search,55+,Female
1210,Theodore,Lewis,theodore.lewis1210@example.com,+1-585-587-1847,Austin,TX,USA,2024-06-02,Referral,25-34,Male
1211,Amelia,Lee,amelia.lee1211@example.com,+1-585-774-7146,Boston,MA,USA,2024-11-25,Email,45-54,Male
1212,Sophia,White,sophia.white1212@example.com,+1-585-145-7620,Atlanta,GA,USA,2024-11-23,Organic Search,18-24,Other
1213,Elijah,Harris,elijah.harris1213@example.com,+1-585-379-7536,Denver,CO,USA,2024-11-03,Display,45-54,Male
1214,Emma,Johnson,emma.johnson1214@example.com,+1-585-227-1243,Austin,TX,USA,2024-12-23,Paid Search,25-34,Other
1215,Ava,White,ava.white1215@example.com,+1-585-435-9887,Dallas,TX,USA,2024-06-23,Email,18-24,Female
1216,James,Smith,james.smith1216@example.com,+1-585-363-1316,Denver,CO,USA,2025-02-23,Paid Search,25-34,Male
1217,Harper,Young,harper.young1217@example.com,+1-585-346-1203,San Francisco,CA,USA,2024-10-04,Organic Search,55+,Other
1218,Elijah,Taylor,elijah.taylor1218@example.com,+1-585-188-2809,New York,NY,USA,2024-08-13,Referral,55+,Male
1219,Olivia,Walker,olivia.walker1219@example.com,+1-585-213-3246,New York,NY,USA,2024-07-09,Referral,45-54,Female
1220,Benjamin,White,benjamin.white1220@example.com,+1-585-100-1287,Denver,CO,USA,2024-04-13,Email,25-34,Female
1221,Benjamin,Young,benjamin.young1221@example.com,+1-585-886-4387,Miami,FL,USA,2024-05-23,Referral,25-34,Female
1222,Ava,Thomas,ava.thomas1222@example.com,+1-585-539-7756,New York,NY,USA,2024-04-17,Referral,55+,Male
1223,Evelyn,Anderson,evelyn.anderson1223@example.com,+1-585-903-7606,New York,NY,USA,2024-08-04,Social,55+,Male
1224,Harper,Young,harper.young1224@example.com,+1-585-488-1256,Atlanta,GA,USA,2024-04-03,Referral,18-24,Other
1225,Noah,Taylor,noah.taylor1225@example.com,+1-585-925-7867,Boston,MA,USA,2024-02-05,Organic Search,35-44,Other
1226,Elijah,Lee,elijah.lee1226@example.com,+1-585-481-8103,Boston,MA,USA,2024-06-05,Display,55+,Other
1227,Liam,Clark,liam.clark1227@example.com,+1-585-840-2510,Denver,CO,USA,2024-07-01,Organic Search,55+,Female
1228,Mia,Lee,mia.lee1228@example.com,+1-585-315-1308,Austin,TX,USA,2025-02-01,Email,25-34,Male
1229,Oliver,Jackson,oliver.jackson1229@example.com,+1-585-726-6471,Atlanta,GA,USA,2024-08-17,Paid Search,45-54,Female
1230,Ava,Clark,ava.clark1230@example.com,+1-585-865-6280,Miami,FL,USA,2024-11-29,Paid Search,35-44,Male
1231,Henry,Harris,henry.harris1231@example.com,+1-585-525-1792,Boston,MA,USA,2024-11-13,Display,55+,Other
1232,Noah,Young,noah.young1232@example.com,+1-585-207-6049,Boston,MA,USA,2024-06-29,Display,45-54,Male
1233,Noah,Clark,noah.clark1233@example.com,+1-585-897-6400,Seattle,WA,USA,2024-04-28,Organic Search,25-34,Female
1234,Emma,Davis,emma.davis1234@example.com,+1-585-647-1867,Miami,FL,USA,2024-04-27,Email,35-44,Male
1235,Oliver,Garcia,oliver.garcia1235@example.com,+1-585-795-5941,Boston,MA,USA,2024-08-15,Paid Search,45-54,Male
1236,Charlotte,Martinez,charlotte.martinez1236@example.com,+1-585-560-4389,New York,NY,USA,2024-09-27,Email,25-34,Male
1237,Elijah,Martinez,elijah.martinez1237@example.com,+1-585-101-6920,Dallas,TX,USA,2024-04-23,Paid Search,45-54,Female
1238,Lucas,Taylor,lucas.taylor1238@example.com,+1-585-627-8409,Boston,MA,USA,2024-08-21,Social,25-34,Female
1239,Sophia,Lee,sophia.lee1239@example.com,+1-585-760-5478,Atlanta,GA,USA,2024-05-07,Paid Search,45-54,Female
1240,Theodore,Perez,theodore.perez1240@example.com,+1-585-187-7796,Atlanta,GA,USA,2024-04-22,Social,25-34,Female
1241,Ava,Martin,ava.martin1241@example.com,+1-585-190-8740,Austin,TX,USA,2024-03-01,Paid Search,18-24,Male
1242,Noah,Thompson,noah.thompson1242@example.com,+1-585-299-4844,Austin,TX,USA,2024-03-13,Referral,25-34,Male
1243,James,Harris,james.harris1243@example.com,+1-585-891-7837,Dallas,TX,USA,2024-05-01,Email,35-44,Other
1244,Evelyn,Martinez,evelyn.martinez1244@example.com,+1-585-159-5444,San Francisco,CA,USA,2024-04-13,Paid Search,35-44,Male
1245,Noah,Brown,noah.brown1245@example.com,+1-585-347-9242,New York,NY,USA,2024-03-02,Email,18-24,Female
1246,Amelia,Walker,amelia.walker1246@example.com,+1-585-817-4323,Denver,CO,USA,2024-06-06,Paid Search,18-24,Male
1247,William,Perez,william.perez1247@example.com,+1-585-702-3410,Seattle,WA,USA,2024-04-29,Referral,45-54,Female
1248,Amelia,Smith,amelia.smith1248@example.com,+1-585-425-1673,Boston,MA,USA,2024-04-11,Paid Search,18-24,Male
1249,Henry,Perez,henry.perez1249@example.com,+1-585-269-6191,Austin,TX,USA,2024-08-26,Display,35-44,Female
1250,Ava,Harris,ava.harris1250@example.com,+1-585-757-5143,Atlanta,GA,USA,2024-06-13,Organic Search,45-54,Other
1251,Sophia,Johnson,sophia.johnson1251@example.com,+1-585-143-7241,Denver,CO,USA,2024-05-18,Paid Search,25-34,Other
1252,Amelia,Johnson,amelia.johnson1252@example.com,+1-585-274-2816,Dallas,TX,USA,2024-10-08,Display,18-24,Other
1253,Evelyn,Davis,evelyn.davis1253@example.com,+1-585-628-6342,Boston,MA,USA,2024-07-31,Organic Search,55+,Female
1254,Mia,Thomas,mia.thomas1254@example.com,+1-585-925-6180,Boston,MA,USA,2024-06-08,Social,25-34,Male
1255,Amelia,Clark,amelia.clark1255@example.com,+1-585-691-2588,Seattle,WA,USA,2024-09-04,Referral,35-44,Female
1256,James,Lewis,james.lewis1256@example.com,+1-585-206-7988,San Francisco,CA,USA,2024-04-26,Referral,25-34,Female
1257,Mia,Thompson,mia.thompson1257@example.com,+1-585-636-9195,Denver,CO,USA,2024-04-17,Referral,18-24,Female
1258,James,Garcia,james.garcia1258@example.com,+1-585-845-2891,New York,NY,USA,2024-07-27,Organic Search,45-54,Other
1259,Emma,White,emma.white1259@example.com,+1-585-246-3637,New York,NY,USA,2024-07-30,Organic Search,35-44,Female
1260,Elijah,Lewis,elijah.lewis1260@example.com,+1-585-471-5438,Miami,FL,USA,2025-03-22,Display,25-34,Male
1261,Mia,Thompson,mia.thompson1261@example.com,+1-585-898-2900,Atlanta,GA,USA,2024-07-11,Referral,35-44,Female
1262,Amelia,Brown,amelia.brown1262@example.com,+1-585-762-9513,Seattle,WA,USA,2024-05-22,Social,35-44,Other
1263,Benjamin,Lee,benjamin.lee1263@example.com,+1-585-960-1064,Chicago,IL,USA,2024-03-04,Organic Search,35-44,Male
1264,Elijah,Martin,elijah.martin1264@example.com,+1-585-447-7939,Dallas,TX,USA,2024-10-17,Organic Search,45-54,Male
1265,Ava,Harris,ava.harris1265@example.com,+1-585-210-2494,Austin,TX,USA,2024-02-01,Organic Search,25-34,Male
1266,Liam,Thomas,liam.thomas1266@example.com,+1-585-402-7369,New York,NY,USA,2024-09-13,Referral,55+,Other
1267,Sophia,Thompson,sophia.thompson1267@example.com,+1-585-644-7582,Seattle,WA,USA,2024-08-31,Paid Search,55+,Other
1268,Mia,Johnson,mia.johnson1268@example.com,+1-585-660-1385,Seattle,WA,USA,2025-01-18,Paid Search,35-44,Female
1269,Ava,Lewis,ava.lewis1269@example.com,+1-585-807-2083,Atlanta,GA,USA,2024-11-01,Social,55+,Other
1270,Charlotte,Clark,charlotte.clark1270@example.com,+1-585-126-3476,Boston,MA,USA,2024-06-13,Social,45-54,Female
1271,James,Jackson,james.jackson1271@example.com,+1-585-570-7027,Seattle,WA,USA,2024-03-14,Display,25-34,Male
1272,Noah,Taylor,noah.taylor1272@example.com,+1-585-101-3764,Seattle,WA,USA,2024-03-13,Social,45-54,Male
1273,Sophia,Walker,sophia.walker1273@example.com,+1-585-387-7737,Miami,FL,USA,2024-06-09,Social,35-44,Male
1274,Oliver,Young,oliver.young1274@example.com,+1-585-936-8662,Seattle,WA,USA,2024-04-25,Email,55+,Female
1275,Charlotte,Harris,charlotte.harris1275@example.com,+1-585-468-6848,Atlanta,GA,USA,2024-06-25,Referral,55+,Female
1276,William,Walker,william.walker1276@example.com,+1-585-788-9499,Miami,FL,USA,2024-06-14,Organic Search,18-24,Female
1277,Noah,Young,noah.young1277@example.com,+1-585-821-5769,Miami,FL,USA,2024-04-02,Display,55+,Female
1278,Oliver,Thomas,oliver.thomas1278@example.com,+1-585-159-2639,Austin,TX,USA,2025-02-19,Referral,25-34,Male
1279,Oliver,Walker,oliver.walker1279@example.com,+1-585-124-4089,San Francisco,CA,USA,2024-03-28,Referral,55+,Male
1280,Liam,Lee,liam.lee1280@example.com,+1-585-755-8451,Atlanta,GA,USA,2024-11-03,Social,45-54,Male
1281,Elijah,Davis,elijah.davis1281@example.com,+1-585-359-8953,Chicago,IL,USA,2024-09-19,Organic Search,45-54,Male
1282,Mia,Young,mia.young1282@example.com,+1-585-391-6258,Austin,TX,USA,2025-02-26,Paid Search,55+,Female
1283,Amelia,Taylor,amelia.taylor1283@example.com,+1-585-670-4465,Boston,MA,USA,2024-07-24,Paid Search,45-54,Other
1284,Liam,Young,liam.young1284@example.com,+1-585-219-7280,Dallas,TX,USA,2024-10-06,Referral,35-44,Other
1285,James,Garcia,james.garcia1285@example.com,+1-585-472-4585,Atlanta,GA,USA,2024-11-07,Social,45-54,Male
1286,Noah,Garcia,noah.garcia1286@example.com,+1-585-482-2091,Austin,TX,USA,2024-02-16,Email,35-44,Other
1287,Harper,Martinez,harper.martinez1287@example.com,+1-585-694-2011,Austin,TX,USA,2024-08-02,Paid Search,18-24,Male
1288,Oliver,Lewis,oliver.lewis1288@example.com,+1-585-621-7774,New York,NY,USA,2024-03-25,Social,55+,Female
1289,Ava,White,ava.white1289@example.com,+1-585-226-8195,Austin,TX,USA,2024-12-03,Display,35-44,Other
1290,Theodore,Brown,theodore.brown1290@example.com,+1-585-161-7787,Austin,TX,USA,2024-07-31,Paid Search,35-44,Male
1291,Noah,Davis,noah.davis1291@example.com,+1-585-413-7720,Boston,MA,USA,2024-03-08,Referral,55+,Other
1292,Noah,Taylor,noah.taylor1292@example.com,+1-585-990-7176,Dallas,TX,USA,2024-04-04,Paid Search,55+,Male
1293,Elijah,Thomas,elijah.thomas1293@example.com,+1-585-839-2527,Chicago,IL,USA,2024-09-29,Paid Search,45-54,Female
1294,James,White,james.white1294@example.com,+1-585-743-8900,Boston,MA,USA,2025-03-18,Social,35-44,Female
1295,Benjamin,Walker,benjamin.walker1295@example.com,+1-585-462-1626,Denver,CO,USA,2024-03-30,Email,25-34,Other
1296,Charlotte,Johnson,charlotte.johnson1296@example.com,+1-585-708-5633,Denver,CO,USA,2024-03-20,Email,55+,Female
1297,Liam,Martinez,liam.martinez1297@example.com,+1-585-103-2750,Austin,TX,USA,2024-04-17,Display,18-24,Female
1298,Henry,Johnson,henry.johnson1298@example.com,+1-585-725-3268,Seattle,WA,USA,2024-09-16,Display,35-44,Other
1299,Noah,Thompson,noah.thompson1299@example.com,+1-585-448-5718,Austin,TX,USA,2024-03-24,Organic Search,55+,Other
1300,William,Clark,william.clark1300@example.com,+1-585-868-1721,Chicago,IL,USA,2024-11-03,Paid Search,45-54,Male
1301,Benjamin,Young,benjamin.young1301@example.com,+1-585-951-7018,Austin,TX,USA,2024-06-20,Referral,55+,Male
1302,Harper,Martinez,harper.martinez1302@example.com,+1-585-652-8818,Atlanta,GA,USA,2024-09-20,Referral,35-44,Male
1303,William,Brown,william.brown1303@example.com,+1-585-352-9377,Atlanta,GA,USA,2024-05-24,Paid Search,18-24,Male
1304,James,Lewis,james.lewis1304@example.com,+1-585-846-3983,San Francisco,CA,USA,2024-12-04,Display,35-44,Female
1305,Isabella,Harris,isabella.harris1305@example.com,+1-585-527-7398,Dallas,TX,USA,2024-09-15,Organic Search,55+,Other
1306,William,Smith,william.smith1306@example.com,+1-585-604-2536,Boston,MA,USA,2024-05-03,Paid Search,18-24,Other
1307,Emma,Perez,emma.perez1307@example.com,+1-585-290-5586,New York,NY,USA,2024-04-10,Organic Search,35-44,Male
1308,William,Walker,william.walker1308@example.com,+1-585-657-2381,Denver,CO,USA,2025-05-18,Organic Search,18-24,Male
1309,Emma,Harris,emma.harris1309@example.com,+1-585-529-5163,Dallas,TX,USA,2024-05-21,Paid Search,18-24,Male
1310,Mia,Taylor,mia.taylor1310@example.com,+1-585-882-3646,New York,NY,USA,2024-04-20,Paid Search,45-54,Female
1311,Charlotte,Garcia,charlotte.garcia1311@example.com,+1-585-343-2816,Boston,MA,USA,2024-10-07,Social,55+,Female
1312,Sophia,Clark,sophia.clark1312@example.com,+1-585-284-9085,Boston,MA,USA,2025-04-02,Organic Search,18-24,Male
1313,Ava,Jackson,ava.jackson1313@example.com,+1-585-464-4425,Dallas,TX,USA,2024-10-19,Organic Search,35-44,Female
1314,James,Garcia,james.garcia1314@example.com,+1-585-484-5166,Boston,MA,USA,2024-08-28,Email,25-34,Male
1315,Liam,Lewis,liam.lewis1315@example.com,+1-585-552-1831,Boston,MA,USA,2025-04-18,Paid Search,35-44,Other
1316,William,Thomas,william.thomas1316@example.com,+1-585-479-3453,Chicago,IL,USA,2024-05-29,Email,55+,Other
1317,Ava,Davis,ava.davis1317@example.com,+1-585-487-9288,Seattle,WA,USA,2024-07-13,Organic Search,18-24,Other
1318,Lucas,Garcia,lucas.garcia1318@example.com,+1-585-569-7835,Boston,MA,USA,2024-05-10,Social,25-34,Other
1319,Harper,Smith,harper.smith1319@example.com,+1-585-177-6062,Denver,CO,USA,2024-11-07,Display,45-54,Other
1320,Olivia,Martin,olivia.martin1320@example.com,+1-585-806-6046,Chicago,IL,USA,2024-11-01,Paid Search,55+,Male
1321,Sophia,Martinez,sophia.martinez1321@example.com,+1-585-705-4230,Austin,TX,USA,2024-08-05,Paid Search,25-34,Female
1322,Elijah,Brown,elijah.brown1322@example.com,+1-585-225-3086,Miami,FL,USA,2024-01-12,Organic Search,25-34,Female
1323,Olivia,Thomas,olivia.thomas1323@example.com,+1-585-771-2079,Boston,MA,USA,2024-12-13,Display,45-54,Female
1324,Charlotte,Martinez,charlotte.martinez1324@example.com,+1-585-750-4074,Dallas,TX,USA,2024-05-09,Social,45-54,Male
1325,Harper,Smith,harper.smith1325@example.com,+1-585-142-4539,Atlanta,GA,USA,2024-09-12,Organic Search,18-24,Male
1326,Mia,Walker,mia.walker1326@example.com,+1-585-424-5378,Boston,MA,USA,2024-09-04,Paid Search,18-24,Female
1327,Sophia,Smith,sophia.smith1327@example.com,+1-585-453-3646,Seattle,WA,USA,2024-04-16,Organic Search,18-24,Male
1328,Henry,Davis,henry.davis1328@example.com,+1-585-150-4985,Atlanta,GA,USA,2024-07-06,Paid Search,25-34,Other
1329,Oliver,Lee,oliver.lee1329@example.com,+1-585-270-5374,Chicago,IL,USA,2025-01-30,Paid Search,25-34,Female
1330,James,Garcia,james.garcia1330@example.com,+1-585-884-3775,Chicago,IL,USA,2024-04-26,Display,25-34,Male
1331,Emma,Johnson,emma.johnson1331@example.com,+1-585-555-7130,Denver,CO,USA,2024-07-20,Display,35-44,Other
1332,Charlotte,White,charlotte.white1332@example.com,+1-585-698-4478,Boston,MA,USA,2025-01-10,Email,35-44,Male
1333,Sophia,Martinez,sophia.martinez1333@example.com,+1-585-510-8624,San Francisco,CA,USA,2025-03-12,Organic Search,18-24,Male
1334,Charlotte,White,charlotte.white1334@example.com,+1-585-946-8639,Seattle,WA,USA,2024-06-11,Organic Search,55+,Male
1335,Emma,Smith,emma.smith1335@example.com,+1-585-527-7866,Denver,CO,USA,2024-02-17,Organic Search,45-54,Other
1336,Benjamin,Garcia,benjamin.garcia1336@example.com,+1-585-687-1451,Miami,FL,USA,2024-06-30,Social,55+,Male
1337,Amelia,Garcia,amelia.garcia1337@example.com,+1-585-210-1337,Dallas,TX,USA,2024-03-21,Email,18-24,Male
1338,Henry,Davis,henry.davis1338@example.com,+1-585-134-7157,San Francisco,CA,USA,2024-09-21,Email,45-54,Female
1339,Elijah,Garcia,elijah.garcia1339@example.com,+1-585-849-9871,Dallas,TX,USA,2024-11-24,Email,55+,Other
1340,Lucas,Perez,lucas.perez1340@example.com,+1-585-322-5757,Miami,FL,USA,2024-08-24,Paid Search,45-54,Other
1341,Amelia,Smith,amelia.smith1341@example.com,+1-585-681-8629,Dallas,TX,USA,2024-07-26,Paid Search,55+,Other
1342,Noah,Walker,noah.walker1342@example.com,+1-585-199-1952,Miami,FL,USA,2024-04-19,Social,55+,Other
1343,Elijah,Walker,elijah.walker1343@example.com,+1-585-199-1564,Boston,MA,USA,2024-06-08,Email,25-34,Male
1344,Liam,Taylor,liam.taylor1344@example.com,+1-585-641-2889,Boston,MA,USA,2024-10-10,Display,35-44,Female
1345,Evelyn,Clark,evelyn.clark1345@example.com,+1-585-232-9544,New York,NY,USA,2024-08-21,Email,25-34,Male
1346,Sophia,Anderson,sophia.anderson1346@example.com,+1-585-394-8562,Atlanta,GA,USA,2024-07-27,Organic Search,18-24,Other
1347,Liam,Lewis,liam.lewis1347@example.com,+1-585-729-2851,San Francisco,CA,USA,2024-07-25,Social,45-54,Male
1348,Charlotte,Smith,charlotte.smith1348@example.com,+1-585-171-6072,Miami,FL,USA,2024-06-13,Organic Search,55+,Other
1349,Sophia,Clark,sophia.clark1349@example.com,+1-585-605-9533,Atlanta,GA,USA,2024-07-02,Display,45-54,Other
1350,Amelia,Young,amelia.young1350@example.com,+1-585-144-7170,New York,NY,USA,2024-04-28,Social,18-24,Male
1351,Sophia,Johnson,sophia.johnson1351@example.com,+1-585-696-1937,New York,NY,USA,2024-02-14,Social,18-24,Male
1352,Noah,Anderson,noah.anderson1352@example.com,+1-585-926-1268,Boston,MA,USA,2024-07-27,Social,35-44,Male
1353,James,Garcia,james.garcia1353@example.com,+1-585-217-4047,San Francisco,CA,USA,2025-02-18,Display,35-44,Other
1354,Oliver,Thompson,oliver.thompson1354@example.com,+1-585-828-7074,Dallas,TX,USA,2024-11-25,Social,55+,Other
1355,Liam,Martin,liam.martin1355@example.com,+1-585-569-6841,Miami,FL,USA,2024-05-28,Referral,35-44,Male
1356,Mia,Thomas,mia.thomas1356@example.com,+1-585-514-3594,Boston,MA,USA,2024-09-15,Paid Search,18-24,Male
1357,Henry,White,henry.white1357@example.com,+1-585-346-7004,Seattle,WA,USA,2024-11-30,Organic Search,18-24,Other
1358,Noah,Lewis,noah.lewis1358@example.com,+1-585-224-4683,Boston,MA,USA,2024-04-21,Display,18-24,Male
1359,Elijah,Harris,elijah.harris1359@example.com,+1-585-522-2502,Chicago,IL,USA,2024-08-02,Social,45-54,Female
1360,Charlotte,Martinez,charlotte.martinez1360@example.com,+1-585-627-2434,New York,NY,USA,2024-02-08,Display,35-44,Other
1361,Henry,Walker,henry.walker1361@example.com,+1-585-872-2215,Atlanta,GA,USA,2024-06-12,Display,35-44,Other
1362,Benjamin,Young,benjamin.young1362@example.com,+1-585-826-8572,Boston,MA,USA,2024-05-09,Organic Search,18-24,Other
1363,Ava,Davis,ava.davis1363@example.com,+1-585-494-5678,New York,NY,USA,2025-01-13,Email,18-24,Other
1364,Elijah,Thomas,elijah.thomas1364@example.com,+1-585-763-7409,San Francisco,CA,USA,2024-03-19,Social,45-54,Other
1365,Charlotte,Davis,charlotte.davis1365@example.com,+1-585-825-5297,Seattle,WA,USA,2024-05-01,Organic Search,25-34,Female
1366,Olivia,Perez,olivia.perez1366@example.com,+1-585-570-2277,New York,NY,USA,2025-04-07,Display,25-34,Male
1367,Theodore,Clark,theodore.clark1367@example.com,+1-585-921-9079,Boston,MA,USA,2024-09-13,Paid Search,35-44,Female
1368,Henry,Brown,henry.brown1368@example.com,+1-585-106-8230,Seattle,WA,USA,2024-10-18,Organic Search,45-54,Female
1369,Theodore,Lewis,theodore.lewis1369@example.com,+1-585-417-5445,Austin,TX,USA,2024-08-02,Paid Search,55+,Male
1370,Isabella,Johnson,isabella.johnson1370@example.com,+1-585-757-2859,Chicago,IL,USA,2024-01-14,Paid Search,55+,Other
1371,Theodore,Lee,theodore.lee1371@example.com,+1-585-705-2040,Boston,MA,USA,2024-05-07,Email,55+,Other
1372,Evelyn,Jackson,evelyn.jackson1372@example.com,+1-585-470-3758,Dallas,TX,USA,2024-10-13,Social,35-44,Other
1373,Theodore,Lee,theodore.lee1373@example.com,+1-585-204-2257,Boston,MA,USA,2024-09-27,Paid Search,55+,Female
1374,Benjamin,Thompson,benjamin.thompson1374@example.com,+1-585-196-5457,Miami,FL,USA,2024-06-18,Organic Search,55+,Female
1375,Noah,Thompson,noah.thompson1375@example.com,+1-585-274-7377,Austin,TX,USA,2024-08-26,Organic Search,45-54,Other
1376,Amelia,Thomas,amelia.thomas1376@example.com,+1-585-841-6462,Seattle,WA,USA,2024-10-19,Social,18-24,Other
1377,Emma,Lewis,emma.lewis1377@example.com,+1-585-488-8786,New York,NY,USA,2025-01-17,Paid Search,18-24,Female
1378,Isabella,Walker,isabella.walker1378@example.com,+1-585-536-6984,Denver,CO,USA,2024-02-08,Email,35-44,Female
1379,Liam,Martinez,liam.martinez1379@example.com,+1-585-825-8482,Atlanta,GA,USA,2024-03-24,Display,35-44,Male
1380,Elijah,Perez,elijah.perez1380@example.com,+1-585-975-9547,Chicago,IL,USA,2025-02-03,Organic Search,25-34,Male
1381,Ava,Martin,ava.martin1381@example.com,+1-585-832-2740,Chicago,IL,USA,2024-05-18,Referral,45-54,Other
1382,Olivia,Martinez,olivia.martinez1382@example.com,+1-585-629-2081,San Francisco,CA,USA,2024-09-28,Organic Search,55+,Female
1383,Noah,Thompson,noah.thompson1383@example.com,+1-585-622-9701,San Francisco,CA,USA,2024-03-31,Organic Search,35-44,Female
1384,Mia,Young,mia.young1384@example.com,+1-585-588-1856,Austin,TX,USA,2024-04-04,Email,55+,Other
1385,Harper,Jackson,harper.jackson1385@example.com,+1-585-613-5399,Miami,FL,USA,2024-04-15,Email,35-44,Female
1386,Isabella,Smith,isabella.smith1386@example.com,+1-585-530-2475,San Francisco,CA,USA,2024-01-17,Paid Search,18-24,Male
1387,Henry,Garcia,henry.garcia1387@example.com,+1-585-770-6448,Denver,CO,USA,2024-02-19,Organic Search,55+,Male
1388,Benjamin,Martinez,benjamin.martinez1388@example.com,+1-585-551-9119,Seattle,WA,USA,2024-07-19,Email,25-34,Male
1389,Benjamin,Lee,benjamin.lee1389@example.com,+1-585-320-3137,Denver,CO,USA,2024-08-02,Organic Search,55+,Other
1390,Olivia,Harris,olivia.harris1390@example.com,+1-585-717-9246,Denver,CO,USA,2024-05-17,Email,55+,Female
1391,Isabella,Clark,isabella.clark1391@example.com,+1-585-702-9883,Boston,MA,USA,2024-08-06,Email,35-44,Female
1392,Oliver,Garcia,oliver.garcia1392@example.com,+1-585-820-7613,Boston,MA,USA,2024-02-20,Organic Search,25-34,Female
1393,Mia,Perez,mia.perez1393@example.com,+1-585-735-3508,Dallas,TX,USA,2024-07-15,Referral,55+,Other
1394,Evelyn,White,evelyn.white1394@example.com,+1-585-193-6099,Austin,TX,USA,2024-01-23,Email,18-24,Other
1395,Elijah,Thomas,elijah.thomas1395@example.com,+1-585-190-1664,Boston,MA,USA,2024-09-09,Paid Search,18-24,Other
1396,Ava,Perez,ava.perez1396@example.com,+1-585-160-6574,Atlanta,GA,USA,2024-08-02,Social,35-44,Female
1397,Harper,Taylor,harper.taylor1397@example.com,+1-585-532-5340,Boston,MA,USA,2025-02-26,Paid Search,45-54,Other
1398,Benjamin,Harris,benjamin.harris1398@example.com,+1-585-717-5763,Miami,FL,USA,2024-10-10,Paid Search,18-24,Other
1399,Liam,Jackson,liam.jackson1399@example.com,+1-585-625-4794,Chicago,IL,USA,2024-03-10,Social,55+,Female
1400,Oliver,Taylor,oliver.taylor1400@example.com,+1-585-540-9221,Chicago,IL,USA,2024-04-19,Referral,35-44,Male
1401,Noah,Walker,noah.walker1401@example.com,+1-585-551-6051,Chicago,IL,USA,2024-05-06,Social,35-44,Male
1402,Emma,Perez,emma.perez1402@example.com,+1-585-252-4951,San Francisco,CA,USA,2024-03-07,Referral,25-34,Female
1403,Oliver,Thomas,oliver.thomas1403@example.com,+1-585-194-2973,New York,NY,USA,2024-02-24,Display,35-44,Male
1404,Sophia,Garcia,sophia.garcia1404@example.com,+1-585-443-7241,San Francisco,CA,USA,2024-05-12,Organic Search,35-44,Female
1405,Benjamin,Garcia,benjamin.garcia1405@example.com,+1-585-359-1928,Atlanta,GA,USA,2025-01-17,Paid Search,25-34,Male
1406,Theodore,Jackson,theodore.jackson1406@example.com,+1-585-499-4621,New York,NY,USA,2024-12-17,Display,18-24,Other
1407,Benjamin,Davis,benjamin.davis1407@example.com,+1-585-330-4575,Austin,TX,USA,2024-08-22,Organic Search,45-54,Male
1408,Ava,Taylor,ava.taylor1408@example.com,+1-585-741-6824,Denver,CO,USA,2024-10-05,Display,18-24,Female
1409,Sophia,Anderson,sophia.anderson1409@example.com,+1-585-405-8470,Seattle,WA,USA,2024-04-13,Email,55+,Other
1410,Mia,White,mia.white1410@example.com,+1-585-365-9096,Chicago,IL,USA,2025-02-10,Paid Search,25-34,Other
1411,Charlotte,White,charlotte.white1411@example.com,+1-585-370-3570,Austin,TX,USA,2024-10-16,Organic Search,55+,Other
1412,Noah,Thomas,noah.thomas1412@example.com,+1-585-717-2987,Atlanta,GA,USA,2024-10-27,Social,18-24,Female
1413,Henry,Martinez,henry.martinez1413@example.com,+1-585-125-9952,Austin,TX,USA,2024-05-19,Email,35-44,Other
1414,Emma,Lee,emma.lee1414@example.com,+1-585-985-8860,Seattle,WA,USA,2024-10-16,Email,18-24,Female
1415,Noah,Young,noah.young1415@example.com,+1-585-144-6431,San Francisco,CA,USA,2024-07-09,Display,35-44,Other
1416,Mia,Young,mia.young1416@example.com,+1-585-994-6865,San Francisco,CA,USA,2024-10-06,Email,35-44,Other
1417,Theodore,Martinez,theodore.martinez1417@example.com,+1-585-563-7512,Seattle,WA,USA,2024-04-04,Social,18-24,Other
1418,James,Harris,james.harris1418@example.com,+1-585-724-2344,Austin,TX,USA,2024-04-03,Display,55+,Male
1419,Theodore,Young,theodore.young1419@example.com,+1-585-245-9524,New York,NY,USA,2024-03-24,Email,25-34,Other
1420,Noah,Walker,noah.walker1420@example.com,+1-585-166-8507,Austin,TX,USA,2024-10-15,Paid Search,25-34,Male
1421,Elijah,Young,elijah.young1421@example.com,+1-585-327-4542,New York,NY,USA,2024-03-08,Email,55+,Female
1422,Isabella,White,isabella.white1422@example.com,+1-585-273-5810,Austin,TX,USA,2024-12-04,Display,25-34,Other
1423,Benjamin,Young,benjamin.young1423@example.com,+1-585-569-4349,Miami,FL,USA,2024-07-01,Email,55+,Female
1424,Noah,Davis,noah.davis1424@example.com,+1-585-501-1966,Boston,MA,USA,2024-07-05,Social,55+,Other
1425,Theodore,Perez,theodore.perez1425@example.com,+1-585-376-5170,Austin,TX,USA,2024-04-07,Organic Search,25-34,Female
1426,Charlotte,Thomas,charlotte.thomas1426@example.com,+1-585-489-7658,Denver,CO,USA,2024-02-01,Display,25-34,Male
1427,Ava,Martinez,ava.martinez1427@example.com,+1-585-292-8553,Dallas,TX,USA,2024-12-07,Social,55+,Female
1428,Ava,Walker,ava.walker1428@example.com,+1-585-751-1479,Atlanta,GA,USA,2024-04-02,Display,45-54,Male
1429,Harper,Jackson,harper.jackson1429@example.com,+1-585-553-5965,Chicago,IL,USA,2024-02-11,Email,18-24,Other
1430,Harper,Lewis,harper.lewis1430@example.com,+1-585-955-5870,Boston,MA,USA,2024-03-14,Organic Search,55+,Other
1431,Noah,Jackson,noah.jackson1431@example.com,+1-585-959-3758,Denver,CO,USA,2024-12-09,Paid Search,25-34,Other
1432,James,Walker,james.walker1432@example.com,+1-585-337-7428,Boston,MA,USA,2024-06-30,Display,35-44,Other
1433,Oliver,Jackson,oliver.jackson1433@example.com,+1-585-954-8398,Dallas,TX,USA,2024-05-01,Display,45-54,Other
1434,Henry,Brown,henry.brown1434@example.com,+1-585-871-4288,Dallas,TX,USA,2024-06-18,Organic Search,35-44,Male
1435,Theodore,Garcia,theodore.garcia1435@example.com,+1-585-279-8779,Chicago,IL,USA,2024-07-12,Referral,45-54,Female
1436,Noah,Smith,noah.smith1436@example.com,+1-585-704-7090,Atlanta,GA,USA,2024-04-04,Display,55+,Other
1437,Lucas,Thomas,lucas.thomas1437@example.com,+1-585-360-2089,New York,NY,USA,2024-04-11,Organic Search,35-44,Male
1438,Amelia,Garcia,amelia.garcia1438@example.com,+1-585-883-1149,Dallas,TX,USA,2024-08-21,Paid Search,45-54,Female
1439,James,Taylor,james.taylor1439@example.com,+1-585-853-6592,Boston,MA,USA,2024-07-23,Social,25-34,Other
1440,Oliver,Johnson,oliver.johnson1440@example.com,+1-585-901-2270,Dallas,TX,USA,2024-06-06,Email,25-34,Male
1441,Harper,Perez,harper.perez1441@example.com,+1-585-270-4833,New York,NY,USA,2025-09-13,Social,45-54,Female
1442,Henry,Young,henry.young1442@example.com,+1-585-480-5756,Atlanta,GA,USA,2025-01-08,Organic Search,25-34,Female
1443,Isabella,Lee,isabella.lee1443@example.com,+1-585-955-2915,San Francisco,CA,USA,2024-03-01,Paid Search,25-34,Male
1444,Harper,Garcia,harper.garcia1444@example.com,+1-585-876-9451,Atlanta,GA,USA,2025-01-22,Organic Search,55+,Other
1445,Evelyn,White,evelyn.white1445@example.com,+1-585-665-1289,Atlanta,GA,USA,2024-04-21,Email,45-54,Male
1446,Henry,Martin,henry.martin1446@example.com,+1-585-562-3318,Atlanta,GA,USA,2024-10-27,Organic Search,45-54,Female
1447,Elijah,Clark,elijah.clark1447@example.com,+1-585-801-9832,Denver,CO,USA,2024-12-01,Referral,18-24,Male
1448,Sophia,Thomas,sophia.thomas1448@example.com,+1-585-620-4852,Chicago,IL,USA,2024-06-07,Referral,45-54,Male
1449,Harper,Martin,harper.martin1449@example.com,+1-585-186-5358,Atlanta,GA,USA,2024-04-05,Social,18-24,Female
1450,Oliver,Harris,oliver.harris1450@example.com,+1-585-495-3038,Denver,CO,USA,2024-07-14,Paid Search,45-54,Male
1451,Olivia,Taylor,olivia.taylor1451@example.com,+1-585-842-9349,Seattle,WA,USA,2025-06-29,Social,25-34,Male
1452,Benjamin,Jackson,benjamin.jackson1452@example.com,+1-585-273-2943,Miami,FL,USA,2024-08-20,Organic Search,25-34,Male
1453,Henry,White,henry.white1453@example.com,+1-585-827-3905,San Francisco,CA,USA,2024-04-16,Email,45-54,Other
1454,Harper,Taylor,harper.taylor1454@example.com,+1-585-697-1919,Miami,FL,USA,2024-04-11,Organic Search,45-54,Male
1455,James,White,james.white1455@example.com,+1-585-474-8286,Denver,CO,USA,2024-11-18,Paid Search,35-44,Other
1456,Liam,Harris,liam.harris1456@example.com,+1-585-354-7014,Austin,TX,USA,2024-08-07,Display,25-34,Male
1457,Benjamin,Thomas,benjamin.thomas1457@example.com,+1-585-788-1462,Austin,TX,USA,2024-08-27,Referral,25-34,Male
1458,Evelyn,Garcia,evelyn.garcia1458@example.com,+1-585-366-3902,New York,NY,USA,2024-10-31,Email,18-24,Female
1459,Benjamin,Thomas,benjamin.thomas1459@example.com,+1-585-637-6851,Atlanta,GA,USA,2024-05-01,Referral,25-34,Female
1460,Isabella,Garcia,isabella.garcia1460@example.com,+1-585-472-1547,Boston,MA,USA,2024-02-29,Email,35-44,Other
1461,Isabella,Harris,isabella.harris1461@example.com,+1-585-723-5218,Chicago,IL,USA,2024-07-20,Email,45-54,Other
1462,Liam,Lewis,liam.lewis1462@example.com,+1-585-867-3255,New York,NY,USA,2024-04-16,Organic Search,55+,Male
1463,Emma,Taylor,emma.taylor1463@example.com,+1-585-527-7856,Atlanta,GA,USA,2024-08-12,Email,18-24,Male
1464,Mia,White,mia.white1464@example.com,+1-585-365-2685,Boston,MA,USA,2024-03-31,Organic Search,18-24,Male
1465,Amelia,Clark,amelia.clark1465@example.com,+1-585-916-8373,Austin,TX,USA,2024-10-10,Organic Search,35-44,Male
1466,Liam,Martinez,liam.martinez1466@example.com,+1-585-243-1023,Atlanta,GA,USA,2025-02-23,Paid Search,25-34,Female
1467,Emma,White,emma.white1467@example.com,+1-585-770-4196,Dallas,TX,USA,2024-06-25,Email,45-54,Female
1468,Theodore,Perez,theodore.perez1468@example.com,+1-585-906-9183,Austin,TX,USA,2024-03-23,Social,35-44,Female
1469,Charlotte,Smith,charlotte.smith1469@example.com,+1-585-669-5896,Austin,TX,USA,2024-11-18,Paid Search,35-44,Female
1470,Henry,Taylor,henry.taylor1470@example.com,+1-585-195-4242,Chicago,IL,USA,2024-07-19,Organic Search,45-54,Female
1471,Emma,Garcia,emma.garcia1471@example.com,+1-585-836-2022,Miami,FL,USA,2024-08-18,Email,18-24,Other
1472,Isabella,Anderson,isabella.anderson1472@example.com,+1-585-105-9681,Denver,CO,USA,2024-08-27,Paid Search,55+,Female
1473,Isabella,Clark,isabella.clark1473@example.com,+1-585-974-9198,Austin,TX,USA,2024-04-02,Social,55+,Female
1474,Lucas,Thomas,lucas.thomas1474@example.com,+1-585-377-1822,Dallas,TX,USA,2024-08-20,Social,18-24,Male
1475,James,Young,james.young1475@example.com,+1-585-845-7869,Boston,MA,USA,2024-03-02,Paid Search,55+,Female
1476,Amelia,Perez,amelia.perez1476@example.com,+1-585-236-2519,Miami,FL,USA,2024-04-16,Social,25-34,Male
1477,Olivia,Lee,olivia.lee1477@example.com,+1-585-776-1920,Dallas,TX,USA,2024-06-25,Email,55+,Male
1478,Isabella,Smith,isabella.smith1478@example.com,+1-585-430-7329,Atlanta,GA,USA,2024-10-31,Display,25-34,Male
1479,Benjamin,White,benjamin.white1479@example.com,+1-585-743-6743,Chicago,IL,USA,2024-06-07,Social,25-34,Female
1480,James,Lewis,james.lewis1480@example.com,+1-585-543-4751,Chicago,IL,USA,2024-08-04,Paid Search,35-44,Female
1481,Henry,White,henry.white1481@example.com,+1-585-809-3260,Seattle,WA,USA,2024-10-08,Referral,18-24,Female
1482,James,Lewis,james.lewis1482@example.com,+1-585-689-8356,Dallas,TX,USA,2024-03-18,Organic Search,55+,Female
1483,Elijah,Thompson,elijah.thompson1483@example.com,+1-585-460-4639,Boston,MA,USA,2025-01-08,Paid Search,25-34,Female
1484,Oliver,Harris,oliver.harris1484@example.com,+1-585-511-3294,Boston,MA,USA,2024-05-17,Display,25-34,Female
1485,Theodore,White,theodore.white1485@example.com,+1-585-115-1605,New York,NY,USA,2024-06-27,Email,35-44,Other
1486,Sophia,Walker,sophia.walker1486@example.com,+1-585-446-4433,Chicago,IL,USA,2024-10-15,Paid Search,18-24,Other
1487,Charlotte,Brown,charlotte.brown1487@example.com,+1-585-828-3602,Miami,FL,USA,2024-05-21,Organic Search,55+,Other
1488,William,Johnson,william.johnson1488@example.com,+1-585-126-8425,Atlanta,GA,USA,2024-03-30,Paid Search,45-54,Other
1489,Noah,Lee,noah.lee1489@example.com,+1-585-111-2982,Atlanta,GA,USA,2024-07-22,Social,55+,Other
1490,Ava,Lewis,ava.lewis1490@example.com,+1-585-701-8891,Denver,CO,USA,2024-06-16,Display,25-34,Other
1491,Liam,Perez,liam.perez1491@example.com,+1-585-525-2064,San Francisco,CA,USA,2024-08-16,Referral,18-24,Female
1492,Oliver,Walker,oliver.walker1492@example.com,+1-585-202-8247,Boston,MA,USA,2024-06-01,Email,35-44,Female
1493,Ava,Martinez,ava.martinez1493@example.com,+1-585-666-5334,Austin,TX,USA,2024-10-14,Referral,35-44,Female
1494,Benjamin,Martinez,benjamin.martinez1494@example.com,+1-585-972-4753,Boston,MA,USA,2024-07-07,Referral,55+,Female
1495,Emma,Garcia,emma.garcia1495@example.com,+1-585-586-1463,Boston,MA,USA,2025-05-24,Organic Search,55+,Female
1496,Harper,Garcia,harper.garcia1496@example.com,+1-585-774-6911,Miami,FL,USA,2024-05-11,Social,18-24,Other
1497,Elijah,Walker,elijah.walker1497@example.com,+1-585-150-2930,Austin,TX,USA,2024-09-09,Referral,35-44,Male
1498,Sophia,Harris,sophia.harris1498@example.com,+1-585-852-1621,Boston,MA,USA,2024-09-24,Social,45-54,Other
1499,Amelia,Jackson,amelia.jackson1499@example.com,+1-585-509-3884,Seattle,WA,USA,2024-03-08,Organic Search,25-34,Female
1500,Sophia,Johnson,sophia.johnson1500@example.com,+1-585-419-4731,Austin,TX,USA,2024-06-19,Organic Search,55+,Male
1501,Sophia,Clark,sophia.clark1501@example.com,+1-585-494-3643,Denver,CO,USA,2024-07-23,Paid Search,55+,Other
1502,Benjamin,Walker,benjamin.walker1502@example.com,+1-585-663-3120,Denver,CO,USA,2024-05-24,Email,35-44,Male
1503,Emma,Brown,emma.brown1503@example.com,+1-585-640-2651,Seattle,WA,USA,2024-05-02,Email,55+,Male
1504,Amelia,Young,amelia.young1504@example.com,+1-585-867-5235,Miami,FL,USA,2024-08-11,Social,25-34,Female
1505,Amelia,Jackson,amelia.jackson1505@example.com,+1-585-699-2344,Seattle,WA,USA,2024-07-27,Display,18-24,Other
1506,Theodore,White,theodore.white1506@example.com,+1-585-668-3259,San Francisco,CA,USA,2024-04-09,Referral,55+,Male
1507,Oliver,Clark,oliver.clark1507@example.com,+1-585-809-6873,Atlanta,GA,USA,2024-06-20,Organic Search,25-34,Male
1508,Emma,Walker,emma.walker1508@example.com,+1-585-222-5526,Dallas,TX,USA,2024-05-02,Organic Search,55+,Female
1509,Henry,Martinez,henry.martinez1509@example.com,+1-585-735-1899,Miami,FL,USA,2024-10-10,Referral,45-54,Other
1510,Charlotte,Clark,charlotte.clark1510@example.com,+1-585-703-1772,San Francisco,CA,USA,2024-09-09,Display,18-24,Female
1511,Amelia,Martin,amelia.martin1511@example.com,+1-585-992-7661,Atlanta,GA,USA,2024-07-23,Referral,25-34,Female
1512,Harper,Garcia,harper.garcia1512@example.com,+1-585-695-1403,New York,NY,USA,2024-06-19,Referral,35-44,Male
1513,Henry,Anderson,henry.anderson1513@example.com,+1-585-717-9492,Austin,TX,USA,2024-08-20,Email,25-34,Other
1514,Lucas,Young,lucas.young1514@example.com,+1-585-969-6354,Chicago,IL,USA,2024-11-12,Social,25-34,Male
1515,Oliver,Walker,oliver.walker1515@example.com,+1-585-206-6423,Denver,CO,USA,2024-01-29,Referral,18-24,Female
1516,Benjamin,Jackson,benjamin.jackson1516@example.com,+1-585-993-7787,Seattle,WA,USA,2024-11-09,Email,55+,Female
1517,Oliver,Perez,oliver.perez1517@example.com,+1-585-590-3439,Seattle,WA,USA,2024-05-16,Paid Search,25-34,Female
1518,Mia,Lewis,mia.lewis1518@example.com,+1-585-554-5035,Dallas,TX,USA,2024-04-24,Social,45-54,Male
1519,Emma,Thompson,emma.thompson1519@example.com,+1-585-353-3726,Boston,MA,USA,2024-07-23,Organic Search,55+,Male
1520,Benjamin,Harris,benjamin.harris1520@example.com,+1-585-200-3098,Atlanta,GA,USA,2024-12-15,Referral,35-44,Female
1521,Theodore,Smith,theodore.smith1521@example.com,+1-585-469-6424,Dallas,TX,USA,2024-04-11,Social,18-24,Female
1522,William,Harris,william.harris1522@example.com,+1-585-270-3347,Miami,FL,USA,2024-07-25,Email,35-44,Male
1523,Harper,Young,harper.young1523@example.com,+1-585-928-7190,Boston,MA,USA,2024-05-22,Social,35-44,Male
1524,Oliver,Harris,oliver.harris1524@example.com,+1-585-771-3595,Atlanta,GA,USA,2024-10-10,Social,45-54,Other
1525,Charlotte,Davis,charlotte.davis1525@example.com,+1-585-743-7334,Seattle,WA,USA,2024-08-10,Referral,55+,Female
1526,Ava,Brown,ava.brown1526@example.com,+1-585-720-9134,New York,NY,USA,2025-03-18,Social,18-24,Female
1527,Oliver,Brown,oliver.brown1527@example.com,+1-585-918-2819,Boston,MA,USA,2024-10-04,Referral,45-54,Male
1528,Elijah,Lee,elijah.lee1528@example.com,+1-585-279-4902,Denver,CO,USA,2024-06-16,Paid Search,25-34,Other
1529,Evelyn,Thomas,evelyn.thomas1529@example.com,+1-585-486-7143,Miami,FL,USA,2024-04-10,Social,45-54,Female
1530,Oliver,Lewis,oliver.lewis1530@example.com,+1-585-503-9015,Austin,TX,USA,2024-08-02,Organic Search,25-34,Female
1531,Olivia,Garcia,olivia.garcia1531@example.com,+1-585-540-6455,Dallas,TX,USA,2024-12-29,Referral,25-34,Female
1532,Sophia,Lewis,sophia.lewis1532@example.com,+1-585-428-9395,Seattle,WA,USA,2024-03-15,Display,55+,Male
1533,Benjamin,White,benjamin.white1533@example.com,+1-585-737-9202,Seattle,WA,USA,2024-10-30,Referral,35-44,Female
1534,Olivia,Jackson,olivia.jackson1534@example.com,+1-585-438-5823,Seattle,WA,USA,2025-03-22,Social,55+,Other
1535,Mia,Thomas,mia.thomas1535@example.com,+1-585-830-3211,Denver,CO,USA,2024-03-05,Display,35-44,Male
1536,Mia,Lewis,mia.lewis1536@example.com,+1-585-137-2121,Dallas,TX,USA,2024-06-18,Paid Search,25-34,Female
1537,Isabella,Young,isabella.young1537@example.com,+1-585-410-4544,Austin,TX,USA,2024-05-22,Referral,45-54,Other
1538,Amelia,Harris,amelia.harris1538@example.com,+1-585-275-4184,Seattle,WA,USA,2024-08-06,Referral,55+,Male
1539,Ava,Lewis,ava.lewis1539@example.com,+1-585-495-2210,Seattle,WA,USA,2024-03-17,Display,35-44,Other
1540,Ava,Thompson,ava.thompson1540@example.com,+1-585-801-1464,Atlanta,GA,USA,2024-07-28,Organic Search,25-34,Other
1541,Benjamin,Taylor,benjamin.taylor1541@example.com,+1-585-240-2608,Seattle,WA,USA,2024-08-06,Social,18-24,Female
1542,Mia,Young,mia.young1542@example.com,+1-585-541-7178,Denver,CO,USA,2024-03-08,Paid Search,55+,Female
1543,Henry,White,henry.white1543@example.com,+1-585-395-4454,Denver,CO,USA,2024-09-21,Display,18-24,Female
1544,Benjamin,Anderson,benjamin.anderson1544@example.com,+1-585-384-5474,Atlanta,GA,USA,2024-06-18,Email,18-24,Other
1545,Emma,Garcia,emma.garcia1545@example.com,+1-585-968-4526,Chicago,IL,USA,2024-01-24,Display,45-54,Male
1546,Emma,Young,emma.young1546@example.com,+1-585-680-2629,Miami,FL,USA,2024-02-04,Email,55+,Other
1547,Sophia,Perez,sophia.perez1547@example.com,+1-585-978-7888,Denver,CO,USA,2024-01-27,Paid Search,55+,Other
1548,William,Young,william.young1548@example.com,+1-585-302-7649,Atlanta,GA,USA,2024-06-11,Display,35-44,Other
1549,Theodore,Davis,theodore.davis1549@example.com,+1-585-298-8621,San Francisco,CA,USA,2024-08-19,Referral,18-24,Other
1550,Henry,Thompson,henry.thompson1550@example.com,+1-585-383-6817,New York,NY,USA,2024-06-16,Referral,18-24,Other
1551,Amelia,Taylor,amelia.taylor1551@example.com,+1-585-928-9327,Dallas,TX,USA,2025-02-11,Email,55+,Male
1552,Evelyn,Jackson,evelyn.jackson1552@example.com,+1-585-552-3876,San Francisco,CA,USA,2024-09-13,Display,55+,Female
1553,Lucas,Lewis,lucas.lewis1553@example.com,+1-585-493-4700,Dallas,TX,USA,2024-09-19,Paid Search,45-54,Other
1554,Amelia,Harris,amelia.harris1554@example.com,+1-585-857-6360,San Francisco,CA,USA,2025-02-27,Social,35-44,Other
1555,Sophia,Davis,sophia.davis1555@example.com,+1-585-576-5374,Dallas,TX,USA,2024-06-19,Social,55+,Other
1556,Amelia,Davis,amelia.davis1556@example.com,+1-585-690-8390,Miami,FL,USA,2024-03-23,Organic Search,18-24,Male
1557,Ava,Davis,ava.davis1557@example.com,+1-585-301-2028,San Francisco,CA,USA,2024-01-22,Email,25-34,Other
1558,Henry,Brown,henry.brown1558@example.com,+1-585-745-7315,San Francisco,CA,USA,2024-09-11,Organic Search,55+,Male
1559,Benjamin,Taylor,benjamin.taylor1559@example.com,+1-585-309-9576,Boston,MA,USA,2024-05-03,Organic Search,25-34,Female
1560,Benjamin,Jackson,benjamin.jackson1560@example.com,+1-585-937-3694,Austin,TX,USA,2024-02-27,Referral,45-54,Other
1561,Benjamin,Jackson,benjamin.jackson1561@example.com,+1-585-220-1438,Dallas,TX,USA,2024-07-27,Display,25-34,Male
1562,Oliver,Jackson,oliver.jackson1562@example.com,+1-585-764-8686,San Francisco,CA,USA,2024-08-12,Paid Search,45-54,Female
1563,Charlotte,Jackson,charlotte.jackson1563@example.com,+1-585-590-5598,Dallas,TX,USA,2024-03-27,Display,45-54,Male
1564,Lucas,Martin,lucas.martin1564@example.com,+1-585-649-9020,Chicago,IL,USA,2024-06-09,Display,18-24,Male
1565,Amelia,Walker,amelia.walker1565@example.com,+1-585-707-7052,Denver,CO,USA,2024-06-19,Organic Search,55+,Other
1566,Amelia,Thomas,amelia.thomas1566@example.com,+1-585-257-3641,Denver,CO,USA,2024-02-15,Paid Search,25-34,Other
1567,Emma,Clark,emma.clark1567@example.com,+1-585-810-5044,Austin,TX,USA,2025-02-26,Paid Search,45-54,Other
1568,Liam,Thompson,liam.thompson1568@example.com,+1-585-641-6439,Dallas,TX,USA,2024-09-13,Organic Search,18-24,Female
1569,Sophia,Martinez,sophia.martinez1569@example.com,+1-585-258-7815,San Francisco,CA,USA,2024-08-14,Social,55+,Female
1570,Noah,Lewis,noah.lewis1570@example.com,+1-585-605-5378,Dallas,TX,USA,2024-09-19,Social,25-34,Male
1571,William,Thompson,william.thompson1571@example.com,+1-585-229-6078,Atlanta,GA,USA,2024-07-11,Display,55+,Other
1572,Lucas,Harris,lucas.harris1572@example.com,+1-585-462-4928,Chicago,IL,USA,2024-02-02,Referral,55+,Female
1573,Lucas,Lee,lucas.lee1573@example.com,+1-585-670-9832,Boston,MA,USA,2024-10-03,Social,35-44,Female
1574,Elijah,Clark,elijah.clark1574@example.com,+1-585-315-6768,Atlanta,GA,USA,2024-11-27,Display,35-44,Female
1575,William,Thomas,william.thomas1575@example.com,+1-585-263-4359,Atlanta,GA,USA,2024-04-19,Email,55+,Other
1576,Mia,Smith,mia.smith1576@example.com,+1-585-698-4492,Boston,MA,USA,2024-12-19,Paid Search,25-34,Other
1577,Charlotte,Davis,charlotte.davis1577@example.com,+1-585-599-3881,Denver,CO,USA,2024-09-15,Display,55+,Female
1578,Sophia,Brown,sophia.brown1578@example.com,+1-585-347-4222,Atlanta,GA,USA,2024-04-11,Paid Search,18-24,Female
1579,Olivia,Garcia,olivia.garcia1579@example.com,+1-585-853-1924,Atlanta,GA,USA,2024-04-20,Paid Search,45-54,Male
1580,Noah,Lewis,noah.lewis1580@example.com,+1-585-685-8305,Miami,FL,USA,2024-05-04,Referral,25-34,Male
1581,Oliver,Davis,oliver.davis1581@example.com,+1-585-459-4287,Denver,CO,USA,2024-10-08,Social,18-24,Female
1582,Henry,Jackson,henry.jackson1582@example.com,+1-585-627-8342,New York,NY,USA,2024-12-18,Social,25-34,Male
1583,Ava,Martinez,ava.martinez1583@example.com,+1-585-238-6662,Seattle,WA,USA,2025-02-12,Organic Search,25-34,Female
1584,Harper,Jackson,harper.jackson1584@example.com,+1-585-383-4504,Seattle,WA,USA,2024-11-13,Referral,18-24,Female
1585,Isabella,Anderson,isabella.anderson1585@example.com,+1-585-450-4931,Miami,FL,USA,2024-08-02,Paid Search,18-24,Male
1586,James,Brown,james.brown1586@example.com,+1-585-798-2184,Boston,MA,USA,2024-11-26,Organic Search,25-34,Other
1587,Theodore,Anderson,theodore.anderson1587@example.com,+1-585-793-6162,Austin,TX,USA,2024-09-21,Organic Search,35-44,Male
1588,Sophia,Taylor,sophia.taylor1588@example.com,+1-585-351-3534,Dallas,TX,USA,2024-09-09,Paid Search,45-54,Female
1589,Theodore,Young,theodore.young1589@example.com,+1-585-904-5390,New York,NY,USA,2025-05-26,Social,18-24,Male
1590,Emma,Perez,emma.perez1590@example.com,+1-585-547-3018,Atlanta,GA,USA,2024-05-30,Social,55+,Other
1591,Sophia,Perez,sophia.perez1591@example.com,+1-585-437-6236,Chicago,IL,USA,2024-10-21,Organic Search,35-44,Male
1592,Olivia,Thompson,olivia.thompson1592@example.com,+1-585-978-1528,Seattle,WA,USA,2024-11-29,Email,35-44,Female
1593,Benjamin,Johnson,benjamin.johnson1593@example.com,+1-585-553-7719,Austin,TX,USA,2025-02-13,Email,55+,Male
1594,Benjamin,Martin,benjamin.martin1594@example.com,+1-585-374-4027,Atlanta,GA,USA,2024-05-26,Organic Search,55+,Other
1595,Charlotte,Lewis,charlotte.lewis1595@example.com,+1-585-901-1239,Denver,CO,USA,2024-09-12,Social,25-34,Female
1596,Elijah,Lee,elijah.lee1596@example.com,+1-585-822-2540,Seattle,WA,USA,2024-06-30,Paid Search,18-24,Other
1597,Ava,Garcia,ava.garcia1597@example.com,+1-585-463-4068,Miami,FL,USA,2024-03-22,Referral,55+,Other
1598,Henry,Thompson,henry.thompson1598@example.com,+1-585-859-8387,Miami,FL,USA,2024-05-29,Referral,45-54,Male
1599,Liam,Perez,liam.perez1599@example.com,+1-585-454-2909,Seattle,WA,USA,2024-06-19,Display,18-24,Male
1600,Theodore,White,theodore.white1600@example.com,+1-585-712-5336,Austin,TX,USA,2024-04-19,Email,45-54,Female
1601,Benjamin,White,benjamin.white1601@example.com,+1-585-460-8148,Austin,TX,USA,2024-07-08,Organic Search,25-34,Female
1602,Benjamin,Thompson,benjamin.thompson1602@example.com,+1-585-801-6099,Denver,CO,USA,2024-05-26,Organic Search,25-34,Male
1603,James,Lewis,james.lewis1603@example.com,+1-585-336-7901,Seattle,WA,USA,2024-06-04,Display,25-34,Other
1604,Sophia,Anderson,sophia.anderson1604@example.com,+1-585-324-9514,Atlanta,GA,USA,2024-10-09,Referral,35-44,Female
1605,Noah,Thomas,noah.thomas1605@example.com,+1-585-663-9712,Seattle,WA,USA,2024-12-05,Email,18-24,Male
1606,Mia,Garcia,mia.garcia1606@example.com,+1-585-418-3213,New York,NY,USA,2024-08-24,Referral,35-44,Female
1607,Henry,Davis,henry.davis1607@example.com,+1-585-516-9557,Miami,FL,USA,2025-04-06,Organic Search,18-24,Other
1608,Evelyn,Smith,evelyn.smith1608@example.com,+1-585-740-2269,Atlanta,GA,USA,2025-02-22,Email,35-44,Male
1609,Elijah,Young,elijah.young1609@example.com,+1-585-690-5512,Denver,CO,USA,2024-09-08,Email,18-24,Other
1610,Evelyn,Clark,evelyn.clark1610@example.com,+1-585-109-3692,Dallas,TX,USA,2024-12-31,Organic Search,55+,Female
1611,Liam,Thomas,liam.thomas1611@example.com,+1-585-780-4340,Atlanta,GA,USA,2024-04-03,Social,55+,Male
1612,Lucas,Thompson,lucas.thompson1612@example.com,+1-585-947-4385,Atlanta,GA,USA,2024-09-09,Email,18-24,Other
1613,James,Taylor,james.taylor1613@example.com,+1-585-178-1533,Chicago,IL,USA,2024-07-21,Display,35-44,Other
1614,William,Walker,william.walker1614@example.com,+1-585-721-7103,Austin,TX,USA,2024-02-06,Referral,25-34,Female
1615,Ava,Clark,ava.clark1615@example.com,+1-585-156-7091,Denver,CO,USA,2024-06-30,Display,35-44,Other
1616,Theodore,Young,theodore.young1616@example.com,+1-585-258-5519,Austin,TX,USA,2024-04-03,Social,55+,Male
1617,Lucas,Thompson,lucas.thompson1617@example.com,+1-585-402-9686,Miami,FL,USA,2025-01-24,Referral,25-34,Female
1618,Theodore,Clark,theodore.clark1618@example.com,+1-585-846-7395,Boston,MA,USA,2024-09-17,Paid Search,55+,Male
1619,Mia,Garcia,mia.garcia1619@example.com,+1-585-840-8638,Seattle,WA,USA,2024-11-23,Display,25-34,Other
1620,Henry,Anderson,henry.anderson1620@example.com,+1-585-506-4840,Seattle,WA,USA,2024-06-05,Display,25-34,Male
1621,Evelyn,Martin,evelyn.martin1621@example.com,+1-585-481-8661,San Francisco,CA,USA,2024-07-02,Referral,35-44,Male
1622,Emma,Martin,emma.martin1622@example.com,+1-585-840-2724,Boston,MA,USA,2024-07-23,Referral,55+,Female
1623,Liam,Smith,liam.smith1623@example.com,+1-585-272-4515,Chicago,IL,USA,2024-09-11,Display,45-54,Female
1624,Emma,Taylor,emma.taylor1624@example.com,+1-585-437-3571,Denver,CO,USA,2024-04-30,Organic Search,45-54,Other
1625,Amelia,Thompson,amelia.thompson1625@example.com,+1-585-787-7150,Denver,CO,USA,2024-06-19,Organic Search,35-44,Female
1626,Sophia,Harris,sophia.harris1626@example.com,+1-585-204-7886,Seattle,WA,USA,2024-09-22,Paid Search,45-54,Female
1627,Isabella,Perez,isabella.perez1627@example.com,+1-585-399-5907,New York,NY,USA,2024-04-19,Email,18-24,Female
1628,Mia,Anderson,mia.anderson1628@example.com,+1-585-233-9501,Chicago,IL,USA,2024-04-13,Display,55+,Male
1629,Evelyn,Anderson,evelyn.anderson1629@example.com,+1-585-995-9792,San Francisco,CA,USA,2024-05-17,Paid Search,45-54,Other
1630,Ava,Perez,ava.perez1630@example.com,+1-585-918-4352,Chicago,IL,USA,2024-06-12,Referral,18-24,Female
1631,Charlotte,White,charlotte.white1631@example.com,+1-585-534-8008,New York,NY,USA,2025-02-04,Organic Search,55+,Female
1632,Benjamin,Perez,benjamin.perez1632@example.com,+1-585-453-1974,San Francisco,CA,USA,2024-04-13,Referral,55+,Female
1633,Sophia,Walker,sophia.walker1633@example.com,+1-585-847-5912,Boston,MA,USA,2024-03-15,Email,25-34,Other
1634,Lucas,Harris,lucas.harris1634@example.com,+1-585-956-9209,Seattle,WA,USA,2024-10-07,Organic Search,55+,Female
1635,Mia,Lee,mia.lee1635@example.com,+1-585-512-1978,San Francisco,CA,USA,2025-01-01,Referral,55+,Male
1636,Liam,Thomas,liam.thomas1636@example.com,+1-585-643-9360,Boston,MA,USA,2024-09-12,Organic Search,35-44,Other
1637,Olivia,Lewis,olivia.lewis1637@example.com,+1-585-955-9247,San Francisco,CA,USA,2025-01-04,Social,45-54,Other
1638,Evelyn,Taylor,evelyn.taylor1638@example.com,+1-585-753-9154,San Francisco,CA,USA,2024-08-12,Referral,45-54,Other
1639,Sophia,Clark,sophia.clark1639@example.com,+1-585-413-5941,Denver,CO,USA,2024-09-23,Email,18-24,Male
1640,Oliver,Martin,oliver.martin1640@example.com,+1-585-808-8872,Miami,FL,USA,2024-05-23,Social,25-34,Male
1641,Isabella,Martinez,isabella.martinez1641@example.com,+1-585-454-6956,San Francisco,CA,USA,2024-10-23,Display,45-54,Female
1642,Ava,Clark,ava.clark1642@example.com,+1-585-363-8492,Miami,FL,USA,2024-04-02,Social,45-54,Other
1643,Benjamin,Taylor,benjamin.taylor1643@example.com,+1-585-776-8084,San Francisco,CA,USA,2024-06-05,Referral,25-34,Male
1644,Elijah,Brown,elijah.brown1644@example.com,+1-585-274-2004,New York,NY,USA,2024-08-27,Referral,25-34,Other
1645,Olivia,Clark,olivia.clark1645@example.com,+1-585-645-4781,Seattle,WA,USA,2024-07-09,Referral,25-34,Male
1646,Sophia,Thompson,sophia.thompson1646@example.com,+1-585-327-5445,Denver,CO,USA,2024-05-22,Referral,35-44,Other
1647,James,Anderson,james.anderson1647@example.com,+1-585-582-6167,Denver,CO,USA,2024-11-11,Display,18-24,Male
1648,Charlotte,Johnson,charlotte.johnson1648@example.com,+1-585-468-1477,San Francisco,CA,USA,2024-11-10,Organic Search,45-54,Male
1649,Theodore,Lee,theodore.lee1649@example.com,+1-585-124-5911,Seattle,WA,USA,2024-09-03,Paid Search,18-24,Female
1650,William,Thomas,william.thomas1650@example.com,+1-585-567-3185,Chicago,IL,USA,2024-06-25,Display,18-24,Female
1651,Lucas,Davis,lucas.davis1651@example.com,+1-585-843-1310,Miami,FL,USA,2024-12-17,Referral,25-34,Female
1652,Lucas,Walker,lucas.walker1652@example.com,+1-585-963-2119,Austin,TX,USA,2024-05-09,Referral,45-54,Male
1653,Emma,Martinez,emma.martinez1653@example.com,+1-585-619-1332,Austin,TX,USA,2024-06-04,Display,18-24,Female
1654,Theodore,Walker,theodore.walker1654@example.com,+1-585-744-2967,Chicago,IL,USA,2024-06-02,Organic Search,35-44,Male
1655,Theodore,Garcia,theodore.garcia1655@example.com,+1-585-477-9103,Seattle,WA,USA,2024-07-24,Organic Search,45-54,Male
1656,Noah,Perez,noah.perez1656@example.com,+1-585-479-2921,Atlanta,GA,USA,2024-02-16,Paid Search,25-34,Female
1657,Liam,Young,liam.young1657@example.com,+1-585-850-7136,Seattle,WA,USA,2024-12-28,Referral,35-44,Female
1658,Ava,Jackson,ava.jackson1658@example.com,+1-585-604-2857,San Francisco,CA,USA,2024-06-08,Email,55+,Other
1659,Oliver,Lewis,oliver.lewis1659@example.com,+1-585-802-5274,Austin,TX,USA,2024-03-10,Referral,25-34,Other
1660,Sophia,Brown,sophia.brown1660@example.com,+1-585-577-6734,Denver,CO,USA,2025-04-13,Referral,25-34,Other
1661,Charlotte,Garcia,charlotte.garcia1661@example.com,+1-585-329-8174,Denver,CO,USA,2024-02-14,Display,45-54,Male
1662,Benjamin,Anderson,benjamin.anderson1662@example.com,+1-585-673-8374,Miami,FL,USA,2024-05-15,Organic Search,55+,Female
1663,Elijah,Thomas,elijah.thomas1663@example.com,+1-585-703-2876,Boston,MA,USA,2024-07-16,Social,55+,Female
1664,William,Martinez,william.martinez1664@example.com,+1-585-207-7275,Chicago,IL,USA,2024-09-02,Referral,35-44,Female
1665,James,Lee,james.lee1665@example.com,+1-585-973-6386,Miami,FL,USA,2024-07-22,Paid Search,18-24,Other
1666,Sophia,Walker,sophia.walker1666@example.com,+1-585-303-1765,Boston,MA,USA,2024-08-21,Paid Search,25-34,Other
1667,Olivia,Lewis,olivia.lewis1667@example.com,+1-585-506-4894,San Francisco,CA,USA,2025-04-11,Paid Search,55+,Other
1668,Charlotte,Perez,charlotte.perez1668@example.com,+1-585-953-5074,Seattle,WA,USA,2024-08-26,Referral,35-44,Male
1669,Harper,Martinez,harper.martinez1669@example.com,+1-585-934-4598,Atlanta,GA,USA,2024-05-04,Display,18-24,Other
1670,Benjamin,Smith,benjamin.smith1670@example.com,+1-585-662-7458,Dallas,TX,USA,2024-03-01,Organic Search,25-34,Other
1671,Olivia,Harris,olivia.harris1671@example.com,+1-585-614-7387,Seattle,WA,USA,2024-04-16,Email,45-54,Other
1672,Benjamin,Clark,benjamin.clark1672@example.com,+1-585-366-8643,Boston,MA,USA,2024-03-27,Social,18-24,Male
1673,Theodore,Harris,theodore.harris1673@example.com,+1-585-894-5689,Seattle,WA,USA,2024-03-26,Referral,45-54,Female
1674,Liam,Thompson,liam.thompson1674@example.com,+1-585-726-1862,Miami,FL,USA,2024-04-08,Organic Search,45-54,Male
1675,Henry,Smith,henry.smith1675@example.com,+1-585-335-2763,Dallas,TX,USA,2024-06-27,Paid Search,25-34,Male
1676,Harper,Harris,harper.harris1676@example.com,+1-585-599-8544,Chicago,IL,USA,2024-05-19,Paid Search,25-34,Male
1677,Liam,Davis,liam.davis1677@example.com,+1-585-974-3715,Dallas,TX,USA,2024-02-29,Organic Search,55+,Female
1678,James,Martinez,james.martinez1678@example.com,+1-585-936-8154,Chicago,IL,USA,2024-02-08,Organic Search,55+,Other
1679,Evelyn,Martin,evelyn.martin1679@example.com,+1-585-275-9607,Boston,MA,USA,2024-10-27,Organic Search,45-54,Male
1680,Olivia,White,olivia.white1680@example.com,+1-585-471-4802,Denver,CO,USA,2024-07-14,Organic Search,35-44,Female
1681,James,Perez,james.perez1681@example.com,+1-585-833-2350,Chicago,IL,USA,2024-06-27,Referral,55+,Female
1682,Sophia,Lee,sophia.lee1682@example.com,+1-585-956-8574,New York,NY,USA,2025-01-10,Organic Search,25-34,Male
1683,Evelyn,Walker,evelyn.walker1683@example.com,+1-585-219-3875,Atlanta,GA,USA,2025-06-16,Email,18-24,Male
1684,Lucas,Davis,lucas.davis1684@example.com,+1-585-158-4082,San Francisco,CA,USA,2024-06-14,Email,55+,Other
1685,Henry,Anderson,henry.anderson1685@example.com,+1-585-648-1676,Chicago,IL,USA,2024-07-17,Email,18-24,Other
1686,William,Thompson,william.thompson1686@example.com,+1-585-786-8496,Miami,FL,USA,2024-02-18,Social,55+,Male
1687,Theodore,Martinez,theodore.martinez1687@example.com,+1-585-998-4659,Austin,TX,USA,2024-06-24,Organic Search,45-54,Other
1688,Charlotte,Taylor,charlotte.taylor1688@example.com,+1-585-138-2733,Miami,FL,USA,2025-03-29,Organic Search,18-24,Other
1689,Elijah,Johnson,elijah.johnson1689@example.com,+1-585-462-5549,San Francisco,CA,USA,2024-03-16,Email,18-24,Other
1690,Lucas,Taylor,lucas.taylor1690@example.com,+1-585-110-1269,Dallas,TX,USA,2024-03-20,Organic Search,35-44,Female
1691,Isabella,Smith,isabella.smith1691@example.com,+1-585-683-7715,Miami,FL,USA,2024-02-23,Display,45-54,Female
1692,Sophia,Thomas,sophia.thomas1692@example.com,+1-585-897-3385,Austin,TX,USA,2024-07-19,Referral,25-34,Female
1693,Harper,Davis,harper.davis1693@example.com,+1-585-983-8586,Atlanta,GA,USA,2024-06-02,Referral,18-24,Female
1694,Amelia,Lee,amelia.lee1694@example.com,+1-585-622-3602,Chicago,IL,USA,2024-10-26,Display,45-54,Male
1695,William,Davis,william.davis1695@example.com,+1-585-554-3202,Atlanta,GA,USA,2024-08-19,Email,55+,Other
1696,Evelyn,Thomas,evelyn.thomas1696@example.com,+1-585-286-4204,New York,NY,USA,2024-05-11,Referral,55+,Other
1697,Noah,Anderson,noah.anderson1697@example.com,+1-585-741-9116,Boston,MA,USA,2024-12-06,Organic Search,55+,Female
1698,Charlotte,Lee,charlotte.lee1698@example.com,+1-585-756-9892,Boston,MA,USA,2024-06-02,Organic Search,18-24,Female
1699,Mia,Johnson,mia.johnson1699@example.com,+1-585-525-3320,Atlanta,GA,USA,2024-07-25,Email,18-24,Female
1700,Mia,Martinez,mia.martinez1700@example.com,+1-585-856-5576,Chicago,IL,USA,2024-03-29,Email,45-54,Male
1701,Lucas,Johnson,lucas.johnson1701@example.com,+1-585-877-6512,Denver,CO,USA,2024-04-02,Display,25-34,Female
1702,Emma,Young,emma.young1702@example.com,+1-585-756-8167,Chicago,IL,USA,2024-04-10,Email,55+,Female
1703,Theodore,Thomas,theodore.thomas1703@example.com,+1-585-876-2760,Miami,FL,USA,2024-08-29,Social,25-34,Other
1704,Harper,Brown,harper.brown1704@example.com,+1-585-246-7534,Atlanta,GA,USA,2024-04-02,Email,25-34,Male
1705,Noah,Garcia,noah.garcia1705@example.com,+1-585-590-8980,Denver,CO,USA,2025-07-24,Paid Search,18-24,Other
1706,Olivia,Perez,olivia.perez1706@example.com,+1-585-238-2192,New York,NY,USA,2024-12-24,Email,55+,Other
1707,Isabella,Lewis,isabella.lewis1707@example.com,+1-585-369-7654,New York,NY,USA,2024-08-02,Email,55+,Female
1708,Ava,Garcia,ava.garcia1708@example.com,+1-585-389-1659,New York,NY,USA,2025-01-21,Email,45-54,Other
1709,Noah,Brown,noah.brown1709@example.com,+1-585-728-2685,New York,NY,USA,2024-03-01,Display,55+,Other
1710,James,Smith,james.smith1710@example.com,+1-585-478-6094,Chicago,IL,USA,2024-05-08,Referral,45-54,Other
1711,Theodore,Martin,theodore.martin1711@example.com,+1-585-634-7560,Boston,MA,USA,2024-08-13,Referral,18-24,Female
1712,Olivia,Garcia,olivia.garcia1712@example.com,+1-585-774-2521,Austin,TX,USA,2024-10-15,Organic Search,18-24,Male
1713,Sophia,Martin,sophia.martin1713@example.com,+1-585-584-4256,New York,NY,USA,2024-06-09,Organic Search,55+,Male
1714,Ava,Garcia,ava.garcia1714@example.com,+1-585-766-8527,Seattle,WA,USA,2024-04-30,Referral,55+,Other
1715,Theodore,Perez,theodore.perez1715@example.com,+1-585-154-6940,Boston,MA,USA,2024-08-11,Organic Search,18-24,Female
1716,Emma,Davis,emma.davis1716@example.com,+1-585-602-5483,Dallas,TX,USA,2024-06-29,Display,35-44,Female
1717,Noah,Martinez,noah.martinez1717@example.com,+1-585-940-2773,Chicago,IL,USA,2024-08-31,Social,55+,Other
1718,Amelia,Martinez,amelia.martinez1718@example.com,+1-585-629-8751,San Francisco,CA,USA,2024-04-22,Organic Search,35-44,Male
1719,Theodore,Martin,theodore.martin1719@example.com,+1-585-664-8004,Miami,FL,USA,2024-10-29,Referral,55+,Male
1720,Henry,Thomas,henry.thomas1720@example.com,+1-585-394-3924,San Francisco,CA,USA,2024-03-31,Referral,25-34,Female
1721,Noah,Brown,noah.brown1721@example.com,+1-585-619-8485,New York,NY,USA,2024-05-05,Organic Search,18-24,Female
1722,Ava,Walker,ava.walker1722@example.com,+1-585-612-1600,Miami,FL,USA,2024-03-27,Email,45-54,Other
1723,Mia,Davis,mia.davis1723@example.com,+1-585-760-4995,Seattle,WA,USA,2025-01-31,Social,18-24,Other
1724,Elijah,Lewis,elijah.lewis1724@example.com,+1-585-222-8599,Austin,TX,USA,2024-05-10,Display,18-24,Male
1725,Isabella,Young,isabella.young1725@example.com,+1-585-981-8166,Miami,FL,USA,2024-09-07,Referral,35-44,Female
1726,Evelyn,Lee,evelyn.lee1726@example.com,+1-585-616-1225,New York,NY,USA,2024-11-09,Organic Search,35-44,Other
1727,Emma,Taylor,emma.taylor1727@example.com,+1-585-876-7689,San Francisco,CA,USA,2024-01-30,Display,55+,Male
1728,Emma,Davis,emma.davis1728@example.com,+1-585-150-3013,Dallas,TX,USA,2024-07-18,Organic Search,45-54,Other
1729,Harper,Lee,harper.lee1729@example.com,+1-585-398-3966,Atlanta,GA,USA,2024-08-30,Display,35-44,Female
1730,James,White,james.white1730@example.com,+1-585-754-9774,Miami,FL,USA,2024-10-17,Social,45-54,Female
1731,James,Johnson,james.johnson1731@example.com,+1-585-371-3976,New York,NY,USA,2024-08-10,Social,35-44,Male
1732,Elijah,Thompson,elijah.thompson1732@example.com,+1-585-621-2585,New York,NY,USA,2024-07-13,Social,45-54,Female
1733,Sophia,White,sophia.white1733@example.com,+1-585-814-9525,Dallas,TX,USA,2024-09-27,Email,35-44,Male
1734,Emma,Taylor,emma.taylor1734@example.com,+1-585-642-6352,Atlanta,GA,USA,2024-04-09,Display,45-54,Male
1735,Lucas,Martinez,lucas.martinez1735@example.com,+1-585-601-1543,San Francisco,CA,USA,2024-06-22,Email,25-34,Male
1736,Noah,Lee,noah.lee1736@example.com,+1-585-855-3796,San Francisco,CA,USA,2025-02-07,Paid Search,35-44,Other
1737,Sophia,Jackson,sophia.jackson1737@example.com,+1-585-303-6748,San Francisco,CA,USA,2024-03-03,Display,35-44,Female
1738,James,Jackson,james.jackson1738@example.com,+1-585-502-8676,Miami,FL,USA,2024-07-29,Organic Search,18-24,Male
1739,Noah,Thompson,noah.thompson1739@example.com,+1-585-466-8395,Dallas,TX,USA,2024-07-11,Paid Search,35-44,Male
1740,Theodore,Perez,theodore.perez1740@example.com,+1-585-246-1058,Dallas,TX,USA,2024-08-24,Social,55+,Female
1741,Emma,Taylor,emma.taylor1741@example.com,+1-585-454-9613,San Francisco,CA,USA,2024-02-06,Referral,18-24,Male
1742,Benjamin,Lee,benjamin.lee1742@example.com,+1-585-739-2686,Boston,MA,USA,2024-07-19,Referral,55+,Female
1743,Elijah,Garcia,elijah.garcia1743@example.com,+1-585-733-8663,Boston,MA,USA,2025-01-16,Paid Search,18-24,Female
1744,Charlotte,Davis,charlotte.davis1744@example.com,+1-585-856-2439,Dallas,TX,USA,2025-01-13,Paid Search,45-54,Female
1745,Harper,Thompson,harper.thompson1745@example.com,+1-585-762-2716,Atlanta,GA,USA,2025-02-05,Social,18-24,Male
1746,Theodore,Smith,theodore.smith1746@example.com,+1-585-203-5084,Austin,TX,USA,2024-04-24,Email,35-44,Female
1747,Lucas,Anderson,lucas.anderson1747@example.com,+1-585-229-3936,Miami,FL,USA,2025-02-19,Organic Search,18-24,Female
1748,Evelyn,Jackson,evelyn.jackson1748@example.com,+1-585-774-5146,Seattle,WA,USA,2024-08-30,Organic Search,55+,Other
1749,Benjamin,Taylor,benjamin.taylor1749@example.com,+1-585-480-2081,Chicago,IL,USA,2025-05-11,Paid Search,55+,Other
1750,Theodore,White,theodore.white1750@example.com,+1-585-326-9805,San Francisco,CA,USA,2024-04-22,Referral,55+,Other
1751,Emma,Perez,emma.perez1751@example.com,+1-585-514-8282,Miami,FL,USA,2024-07-11,Paid Search,55+,Female
1752,Benjamin,Anderson,benjamin.anderson1752@example.com,+1-585-224-9874,San Francisco,CA,USA,2024-05-16,Social,25-34,Female
1753,William,Jackson,william.jackson1753@example.com,+1-585-508-6817,Atlanta,GA,USA,2024-06-03,Referral,55+,Female
1754,Evelyn,Harris,evelyn.harris1754@example.com,+1-585-957-9257,Austin,TX,USA,2024-03-17,Paid Search,35-44,Male
1755,Oliver,Taylor,oliver.taylor1755@example.com,+1-585-268-1912,Chicago,IL,USA,2025-04-13,Email,45-54,Female
1756,Harper,Smith,harper.smith1756@example.com,+1-585-367-7588,San Francisco,CA,USA,2024-08-06,Paid Search,45-54,Other
1757,Emma,Smith,emma.smith1757@example.com,+1-585-473-7234,Boston,MA,USA,2024-10-21,Referral,35-44,Other
1758,Theodore,White,theodore.white1758@example.com,+1-585-475-2535,Austin,TX,USA,2024-03-31,Email,35-44,Male
1759,Olivia,Perez,olivia.perez1759@example.com,+1-585-101-7752,Austin,TX,USA,2024-08-11,Paid Search,45-54,Male
1760,Sophia,Thompson,sophia.thompson1760@example.com,+1-585-299-9265,Dallas,TX,USA,2024-11-21,Email,55+,Male
1761,Amelia,Johnson,amelia.johnson1761@example.com,+1-585-639-7155,San Francisco,CA,USA,2024-07-04,Social,45-54,Male
1762,Emma,Davis,emma.davis1762@example.com,+1-585-410-8804,Denver,CO,USA,2024-07-15,Paid Search,55+,Other
1763,Emma,Perez,emma.perez1763@example.com,+1-585-634-8537,Dallas,TX,USA,2024-09-22,Referral,18-24,Other
1764,Noah,Smith,noah.smith1764@example.com,+1-585-145-8616,Miami,FL,USA,2024-11-02,Email,18-24,Other
1765,James,Thomas,james.thomas1765@example.com,+1-585-883-2612,San Francisco,CA,USA,2024-10-04,Email,18-24,Other
1766,Olivia,Walker,olivia.walker1766@example.com,+1-585-853-6860,Seattle,WA,USA,2024-05-16,Email,55+,Female
1767,Lucas,Thomas,lucas.thomas1767@example.com,+1-585-665-5754,Dallas,TX,USA,2024-09-08,Organic Search,25-34,Other
1768,Henry,Anderson,henry.anderson1768@example.com,+1-585-662-8173,Seattle,WA,USA,2024-07-31,Display,35-44,Other
1769,Evelyn,Thomas,evelyn.thomas1769@example.com,+1-585-975-1926,Dallas,TX,USA,2024-06-14,Email,25-34,Female
1770,Isabella,Walker,isabella.walker1770@example.com,+1-585-919-5593,Boston,MA,USA,2024-09-17,Referral,35-44,Female
1771,Harper,Thompson,harper.thompson1771@example.com,+1-585-170-2210,Austin,TX,USA,2024-06-20,Paid Search,25-34,Female
1772,Harper,Lee,harper.lee1772@example.com,+1-585-485-2564,New York,NY,USA,2024-05-16,Organic Search,35-44,Female
1773,Olivia,Jackson,olivia.jackson1773@example.com,+1-585-301-1938,Chicago,IL,USA,2024-08-27,Paid Search,45-54,Male
1774,Lucas,Johnson,lucas.johnson1774@example.com,+1-585-392-4413,San Francisco,CA,USA,2024-09-21,Referral,18-24,Other
1775,William,White,william.white1775@example.com,+1-585-192-1484,Boston,MA,USA,2024-10-20,Social,25-34,Other
1776,Theodore,Jackson,theodore.jackson1776@example.com,+1-585-411-6905,Dallas,TX,USA,2024-07-13,Referral,55+,Other
1777,William,Young,william.young1777@example.com,+1-585-614-8887,New York,NY,USA,2024-05-13,Referral,35-44,Male
1778,Benjamin,Smith,benjamin.smith1778@example.com,+1-585-591-6384,Atlanta,GA,USA,2024-10-02,Referral,18-24,Male
1779,William,Walker,william.walker1779@example.com,+1-585-129-5443,Seattle,WA,USA,2024-07-22,Referral,45-54,Male
1780,Evelyn,Martin,evelyn.martin1780@example.com,+1-585-773-2604,Boston,MA,USA,2024-03-06,Social,18-24,Male
1781,Amelia,Thompson,amelia.thompson1781@example.com,+1-585-817-8033,Chicago,IL,USA,2024-10-08,Email,25-34,Female
1782,Isabella,Martin,isabella.martin1782@example.com,+1-585-376-3247,New York,NY,USA,2025-01-02,Organic Search,25-34,Male
1783,Amelia,Lee,amelia.lee1783@example.com,+1-585-434-5710,San Francisco,CA,USA,2024-09-20,Email,18-24,Female
1784,Evelyn,Martinez,evelyn.martinez1784@example.com,+1-585-856-6400,Chicago,IL,USA,2025-04-29,Email,55+,Female
1785,Theodore,Clark,theodore.clark1785@example.com,+1-585-135-5290,Seattle,WA,USA,2024-02-29,Social,55+,Female
1786,Mia,Smith,mia.smith1786@example.com,+1-585-338-5901,Boston,MA,USA,2024-04-18,Social,25-34,Male
1787,Noah,Young,noah.young1787@example.com,+1-585-638-7549,New York,NY,USA,2024-11-03,Referral,18-24,Female
1788,Liam,Walker,liam.walker1788@example.com,+1-585-923-7340,Boston,MA,USA,2024-09-12,Social,25-34,Other
1789,Sophia,Smith,sophia.smith1789@example.com,+1-585-448-5792,Chicago,IL,USA,2024-04-30,Referral,25-34,Other
1790,James,Lewis,james.lewis1790@example.com,+1-585-592-2060,San Francisco,CA,USA,2024-11-17,Email,18-24,Other
1791,Charlotte,Johnson,charlotte.johnson1791@example.com,+1-585-203-1239,Chicago,IL,USA,2024-04-13,Referral,35-44,Male
1792,Lucas,Jackson,lucas.jackson1792@example.com,+1-585-280-2176,Dallas,TX,USA,2024-09-19,Referral,25-34,Male
1793,Elijah,White,elijah.white1793@example.com,+1-585-168-5800,Denver,CO,USA,2024-07-22,Paid Search,25-34,Other
1794,Charlotte,Lewis,charlotte.lewis1794@example.com,+1-585-766-7274,New York,NY,USA,2024-11-12,Organic Search,55+,Other
1795,Mia,Taylor,mia.taylor1795@example.com,+1-585-547-1023,Seattle,WA,USA,2024-11-29,Paid Search,18-24,Other
1796,Harper,Harris,harper.harris1796@example.com,+1-585-892-2970,New York,NY,USA,2024-09-05,Paid Search,18-24,Female
1797,Evelyn,Young,evelyn.young1797@example.com,+1-585-426-7515,Austin,TX,USA,2024-03-16,Organic Search,45-54,Other
1798,Olivia,Martin,olivia.martin1798@example.com,+1-585-357-6468,New York,NY,USA,2024-12-23,Display,25-34,Female
1799,Amelia,Jackson,amelia.jackson1799@example.com,+1-585-290-6568,Seattle,WA,USA,2024-08-06,Social,25-34,Other
1800,Isabella,Perez,isabella.perez1800@example.com,+1-585-724-2231,New York,NY,USA,2025-02-14,Referral,35-44,Female
1801,Noah,Brown,noah.brown1801@example.com,+1-585-297-8419,Austin,TX,USA,2024-06-19,Paid Search,55+,Other
1802,Mia,Young,mia.young1802@example.com,+1-585-832-1446,Denver,CO,USA,2024-05-31,Social,25-34,Other
1803,Mia,White,mia.white1803@example.com,+1-585-639-3982,Chicago,IL,USA,2024-08-06,Organic Search,55+,Other
1804,Charlotte,White,charlotte.white1804@example.com,+1-585-986-8447,Miami,FL,USA,2024-12-07,Paid Search,45-54,Female
1805,Henry,Johnson,henry.johnson1805@example.com,+1-585-770-2564,Atlanta,GA,USA,2024-05-11,Paid Search,35-44,Other
1806,Harper,Smith,harper.smith1806@example.com,+1-585-181-6718,Denver,CO,USA,2024-10-07,Paid Search,45-54,Other
1807,Evelyn,Walker,evelyn.walker1807@example.com,+1-585-721-8222,Chicago,IL,USA,2024-10-08,Organic Search,45-54,Female
1808,Henry,Clark,henry.clark1808@example.com,+1-585-149-1224,Atlanta,GA,USA,2024-07-30,Display,55+,Other
1809,Emma,Harris,emma.harris1809@example.com,+1-585-220-8910,Dallas,TX,USA,2024-11-01,Organic Search,25-34,Male
1810,Ava,Clark,ava.clark1810@example.com,+1-585-622-6665,Chicago,IL,USA,2024-05-24,Email,18-24,Female
1811,Amelia,Clark,amelia.clark1811@example.com,+1-585-212-8063,Boston,MA,USA,2025-03-01,Social,25-34,Female
1812,James,Clark,james.clark1812@example.com,+1-585-235-1114,Denver,CO,USA,2024-02-17,Display,18-24,Male
1813,Evelyn,Walker,evelyn.walker1813@example.com,+1-585-646-5529,San Francisco,CA,USA,2024-07-16,Social,25-34,Male
1814,James,Davis,james.davis1814@example.com,+1-585-900-9060,Boston,MA,USA,2024-11-20,Paid Search,18-24,Other
1815,Sophia,Clark,sophia.clark1815@example.com,+1-585-250-6499,San Francisco,CA,USA,2024-03-20,Organic Search,55+,Female
1816,Noah,White,noah.white1816@example.com,+1-585-536-1229,Seattle,WA,USA,2024-08-03,Social,45-54,Male
1817,Ava,Smith,ava.smith1817@example.com,+1-585-317-6258,Chicago,IL,USA,2024-08-03,Social,55+,Other
1818,Charlotte,Thompson,charlotte.thompson1818@example.com,+1-585-351-2014,Miami,FL,USA,2024-06-24,Paid Search,45-54,Other
1819,Olivia,Perez,olivia.perez1819@example.com,+1-585-446-2556,Austin,TX,USA,2024-12-20,Email,55+,Male
1820,Harper,Garcia,harper.garcia1820@example.com,+1-585-474-9801,Austin,TX,USA,2024-05-28,Referral,25-34,Male
1821,Benjamin,Perez,benjamin.perez1821@example.com,+1-585-803-5381,San Francisco,CA,USA,2024-04-24,Social,35-44,Female
1822,Evelyn,Lee,evelyn.lee1822@example.com,+1-585-664-6620,Atlanta,GA,USA,2024-04-24,Organic Search,25-34,Other
1823,William,Thomas,william.thomas1823@example.com,+1-585-123-9478,San Francisco,CA,USA,2024-10-22,Organic Search,45-54,Other
1824,James,Smith,james.smith1824@example.com,+1-585-223-2458,New York,NY,USA,2025-01-13,Display,55+,Other
1825,Sophia,Anderson,sophia.anderson1825@example.com,+1-585-365-4003,Atlanta,GA,USA,2024-10-15,Organic Search,25-34,Male
1826,Emma,Johnson,emma.johnson1826@example.com,+1-585-453-6966,Seattle,WA,USA,2025-03-16,Display,55+,Female
1827,Henry,White,henry.white1827@example.com,+1-585-444-6459,Chicago,IL,USA,2024-12-26,Social,45-54,Male
1828,Emma,White,emma.white1828@example.com,+1-585-870-4709,New York,NY,USA,2024-06-29,Email,18-24,Male
1829,Emma,Taylor,emma.taylor1829@example.com,+1-585-204-3044,Boston,MA,USA,2024-06-26,Paid Search,45-54,Other
1830,James,Thomas,james.thomas1830@example.com,+1-585-122-1191,Seattle,WA,USA,2024-01-16,Organic Search,18-24,Other
1831,Benjamin,Harris,benjamin.harris1831@example.com,+1-585-687-8571,San Francisco,CA,USA,2024-09-18,Display,55+,Female
1832,Benjamin,Johnson,benjamin.johnson1832@example.com,+1-585-280-7067,Miami,FL,USA,2024-02-25,Display,25-34,Male
1833,Olivia,White,olivia.white1833@example.com,+1-585-540-3383,Atlanta,GA,USA,2024-06-14,Email,18-24,Male
1834,Elijah,Brown,elijah.brown1834@example.com,+1-585-153-5946,New York,NY,USA,2024-11-05,Organic Search,25-34,Male
1835,Sophia,Martin,sophia.martin1835@example.com,+1-585-344-2129,Denver,CO,USA,2024-03-06,Organic Search,35-44,Female
1836,Benjamin,Smith,benjamin.smith1836@example.com,+1-585-810-7652,Atlanta,GA,USA,2024-02-18,Referral,25-34,Male
1837,Oliver,Anderson,oliver.anderson1837@example.com,+1-585-329-7872,Atlanta,GA,USA,2025-03-19,Referral,45-54,Male
1838,Amelia,Johnson,amelia.johnson1838@example.com,+1-585-529-2804,Dallas,TX,USA,2024-10-12,Paid Search,35-44,Other
1839,Henry,Thompson,henry.thompson1839@example.com,+1-585-981-3525,Seattle,WA,USA,2024-04-23,Organic Search,55+,Other
1840,Elijah,Brown,elijah.brown1840@example.com,+1-585-326-3740,Dallas,TX,USA,2024-06-12,Paid Search,18-24,Male
1841,Henry,Taylor,henry.taylor1841@example.com,+1-585-160-7726,Atlanta,GA,USA,2024-11-17,Social,18-24,Male
1842,Theodore,Harris,theodore.harris1842@example.com,+1-585-461-7577,Dallas,TX,USA,2024-07-16,Referral,45-54,Female
1843,Oliver,Smith,oliver.smith1843@example.com,+1-585-434-4703,Miami,FL,USA,2024-02-10,Paid Search,18-24,Male
1844,Benjamin,Walker,benjamin.walker1844@example.com,+1-585-218-8715,New York,NY,USA,2024-03-30,Social,45-54,Other
1845,Liam,Davis,liam.davis1845@example.com,+1-585-940-9304,New York,NY,USA,2024-04-14,Referral,35-44,Female
1846,Evelyn,Martinez,evelyn.martinez1846@example.com,+1-585-743-7363,Seattle,WA,USA,2024-04-10,Paid Search,55+,Other
1847,William,Johnson,william.johnson1847@example.com,+1-585-345-7663,Austin,TX,USA,2024-12-23,Email,55+,Other
1848,Sophia,Walker,sophia.walker1848@example.com,+1-585-838-2781,Atlanta,GA,USA,2024-02-19,Paid Search,18-24,Other
1849,Evelyn,Thompson,evelyn.thompson1849@example.com,+1-585-191-6499,Austin,TX,USA,2024-04-23,Display,55+,Other
1850,Charlotte,Davis,charlotte.davis1850@example.com,+1-585-807-2274,New York,NY,USA,2025-04-03,Organic Search,18-24,Other
1851,Ava,Smith,ava.smith1851@example.com,+1-585-349-1834,Chicago,IL,USA,2024-10-16,Paid Search,25-34,Female
1852,Olivia,Martinez,olivia.martinez1852@example.com,+1-585-540-6935,Chicago,IL,USA,2024-10-14,Referral,55+,Male
1853,Olivia,Martinez,olivia.martinez1853@example.com,+1-585-287-9354,Austin,TX,USA,2024-12-09,Organic Search,45-54,Male
1854,Charlotte,Lee,charlotte.lee1854@example.com,+1-585-588-4892,Dallas,TX,USA,2024-09-12,Email,45-54,Other
1855,Benjamin,Harris,benjamin.harris1855@example.com,+1-585-670-9839,New York,NY,USA,2024-09-20,Referral,18-24,Other
1856,Evelyn,Walker,evelyn.walker1856@example.com,+1-585-785-1781,Dallas,TX,USA,2024-11-03,Organic Search,25-34,Other
1857,Mia,Johnson,mia.johnson1857@example.com,+1-585-101-2241,Boston,MA,USA,2024-11-21,Display,35-44,Other
1858,Emma,White,emma.white1858@example.com,+1-585-936-9233,Miami,FL,USA,2024-08-15,Email,55+,Male
1859,Isabella,White,isabella.white1859@example.com,+1-585-274-4000,Atlanta,GA,USA,2024-10-02,Email,35-44,Other
1860,Oliver,Thompson,oliver.thompson1860@example.com,+1-585-628-7763,Miami,FL,USA,2024-04-15,Referral,45-54,Male
1861,Ava,Taylor,ava.taylor1861@example.com,+1-585-679-5731,Atlanta,GA,USA,2025-05-18,Paid Search,25-34,Male
1862,Olivia,Thompson,olivia.thompson1862@example.com,+1-585-358-6210,Boston,MA,USA,2025-03-05,Referral,55+,Male
1863,Liam,Garcia,liam.garcia1863@example.com,+1-585-436-7511,Chicago,IL,USA,2024-09-30,Referral,25-34,Other
1864,Liam,Lee,liam.lee1864@example.com,+1-585-386-5538,Chicago,IL,USA,2024-02-22,Email,45-54,Female
1865,Ava,Johnson,ava.johnson1865@example.com,+1-585-860-7894,Seattle,WA,USA,2024-11-25,Paid Search,35-44,Other
1866,Amelia,Harris,amelia.harris1866@example.com,+1-585-696-2112,Boston,MA,USA,2024-05-10,Organic Search,45-54,Male
1867,Sophia,White,sophia.white1867@example.com,+1-585-845-8453,Chicago,IL,USA,2024-10-11,Email,55+,Male
1868,Noah,Anderson,noah.anderson1868@example.com,+1-585-437-9654,Seattle,WA,USA,2024-08-19,Email,55+,Female
1869,Lucas,Harris,lucas.harris1869@example.com,+1-585-876-3852,San Francisco,CA,USA,2024-05-16,Organic Search,18-24,Other
1870,Oliver,Brown,oliver.brown1870@example.com,+1-585-476-6037,Boston,MA,USA,2024-10-01,Referral,55+,Female
1871,Ava,Garcia,ava.garcia1871@example.com,+1-585-312-5453,New York,NY,USA,2024-09-04,Paid Search,18-24,Male
1872,Charlotte,Thomas,charlotte.thomas1872@example.com,+1-585-478-5624,Chicago,IL,USA,2024-05-08,Paid Search,25-34,Male
1873,William,Martin,william.martin1873@example.com,+1-585-919-5191,San Francisco,CA,USA,2024-02-07,Display,25-34,Male
1874,Noah,Lewis,noah.lewis1874@example.com,+1-585-263-2887,New York,NY,USA,2024-04-28,Organic Search,45-54,Male
1875,Harper,Thompson,harper.thompson1875@example.com,+1-585-427-1539,Chicago,IL,USA,2024-12-21,Referral,35-44,Other
1876,Oliver,Thompson,oliver.thompson1876@example.com,+1-585-133-9680,Atlanta,GA,USA,2024-03-08,Paid Search,45-54,Male
1877,James,Lewis,james.lewis1877@example.com,+1-585-880-1320,New York,NY,USA,2025-02-01,Organic Search,45-54,Other
1878,Olivia,Perez,olivia.perez1878@example.com,+1-585-948-8610,Seattle,WA,USA,2025-01-05,Display,55+,Female
1879,Mia,Martinez,mia.martinez1879@example.com,+1-585-690-7518,San Francisco,CA,USA,2024-10-02,Paid Search,35-44,Female
1880,James,Lewis,james.lewis1880@example.com,+1-585-422-9027,Atlanta,GA,USA,2024-05-13,Display,18-24,Female
1881,Elijah,Thomas,elijah.thomas1881@example.com,+1-585-651-5934,Boston,MA,USA,2024-09-21,Paid Search,35-44,Male
1882,Henry,Lee,henry.lee1882@example.com,+1-585-403-5289,Dallas,TX,USA,2024-04-02,Email,35-44,Other
1883,Amelia,Thomas,amelia.thomas1883@example.com,+1-585-611-4890,Boston,MA,USA,2024-09-20,Social,35-44,Other
1884,Isabella,Davis,isabella.davis1884@example.com,+1-585-104-7294,New York,NY,USA,2024-08-18,Paid Search,55+,Male
1885,Theodore,Martin,theodore.martin1885@example.com,+1-585-175-3196,San Francisco,CA,USA,2024-06-09,Email,35-44,Other
1886,Henry,Taylor,henry.taylor1886@example.com,+1-585-241-6179,Atlanta,GA,USA,2024-03-10,Display,35-44,Other
1887,Ava,Perez,ava.perez1887@example.com,+1-585-632-9301,Austin,TX,USA,2024-05-18,Paid Search,25-34,Male
1888,Henry,Perez,henry.perez1888@example.com,+1-585-168-7467,Denver,CO,USA,2024-06-09,Referral,18-24,Female
1889,Benjamin,Garcia,benjamin.garcia1889@example.com,+1-585-712-1070,Dallas,TX,USA,2024-05-26,Referral,55+,Other
1890,Harper,Young,harper.young1890@example.com,+1-585-629-8087,Austin,TX,USA,2024-07-28,Organic Search,35-44,Female
1891,Henry,Clark,henry.clark1891@example.com,+1-585-448-7997,Chicago,IL,USA,2024-09-19,Email,25-34,Male
1892,Olivia,Harris,olivia.harris1892@example.com,+1-585-902-1998,San Francisco,CA,USA,2024-06-23,Organic Search,18-24,Male
1893,Harper,Smith,harper.smith1893@example.com,+1-585-355-4070,Atlanta,GA,USA,2024-03-31,Email,18-24,Female
1894,Isabella,Clark,isabella.clark1894@example.com,+1-585-107-8904,New York,NY,USA,2024-04-19,Email,55+,Female
1895,William,Martinez,william.martinez1895@example.com,+1-585-477-5076,Seattle,WA,USA,2024-09-12,Display,45-54,Female
1896,Amelia,Lewis,amelia.lewis1896@example.com,+1-585-879-3142,Dallas,TX,USA,2024-07-04,Social,18-24,Other
1897,Sophia,Smith,sophia.smith1897@example.com,+1-585-278-4395,Boston,MA,USA,2024-12-01,Social,25-34,Male
1898,Henry,Garcia,henry.garcia1898@example.com,+1-585-870-2717,Dallas,TX,USA,2024-04-10,Email,45-54,Female
1899,Isabella,Walker,isabella.walker1899@example.com,+1-585-735-7822,Denver,CO,USA,2024-11-04,Paid Search,25-34,Male
1900,Ava,White,ava.white1900@example.com,+1-585-914-7920,Miami,FL,USA,2024-01-08,Social,35-44,Other
1901,Sophia,Perez,sophia.perez1901@example.com,+1-585-399-5742,Boston,MA,USA,2025-01-22,Referral,45-54,Male
1902,Liam,Young,liam.young1902@example.com,+1-585-794-9368,San Francisco,CA,USA,2024-05-01,Social,25-34,Male
1903,Lucas,Thompson,lucas.thompson1903@example.com,+1-585-388-9157,Miami,FL,USA,2025-04-06,Social,55+,Male
1904,Lucas,Taylor,lucas.taylor1904@example.com,+1-585-235-2433,Boston,MA,USA,2024-07-24,Display,55+,Male
1905,Sophia,Perez,sophia.perez1905@example.com,+1-585-641-6549,Chicago,IL,USA,2024-03-16,Organic Search,18-24,Male
1906,Lucas,Taylor,lucas.taylor1906@example.com,+1-585-138-1839,New York,NY,USA,2024-09-17,Email,45-54,Other
1907,Henry,Clark,henry.clark1907@example.com,+1-585-215-7593,Miami,FL,USA,2024-04-14,Paid Search,55+,Other
1908,Charlotte,Martinez,charlotte.martinez1908@example.com,+1-585-731-5330,Chicago,IL,USA,2024-09-10,Social,45-54,Other
1909,Benjamin,Brown,benjamin.brown1909@example.com,+1-585-374-5612,Boston,MA,USA,2024-03-20,Email,35-44,Male
1910,Ava,Clark,ava.clark1910@example.com,+1-585-253-6004,Chicago,IL,USA,2024-11-02,Organic Search,55+,Female
1911,Amelia,Anderson,amelia.anderson1911@example.com,+1-585-914-7464,San Francisco,CA,USA,2024-09-18,Organic Search,55+,Female
1912,Oliver,Thomas,oliver.thomas1912@example.com,+1-585-760-1473,New York,NY,USA,2024-06-30,Social,55+,Female
1913,Sophia,Clark,sophia.clark1913@example.com,+1-585-260-4955,New York,NY,USA,2024-03-19,Referral,45-54,Female
1914,Emma,Martinez,emma.martinez1914@example.com,+1-585-959-7373,New York,NY,USA,2024-02-24,Referral,25-34,Female
1915,Elijah,Johnson,elijah.johnson1915@example.com,+1-585-666-3971,Miami,FL,USA,2025-02-17,Social,25-34,Female
1916,James,Anderson,james.anderson1916@example.com,+1-585-567-2091,San Francisco,CA,USA,2024-08-25,Email,35-44,Male
1917,Charlotte,Anderson,charlotte.anderson1917@example.com,+1-585-127-8233,Chicago,IL,USA,2024-11-26,Paid Search,45-54,Female
1918,Sophia,White,sophia.white1918@example.com,+1-585-475-4364,Atlanta,GA,USA,2024-12-28,Referral,45-54,Other
1919,Charlotte,Martinez,charlotte.martinez1919@example.com,+1-585-891-7311,Boston,MA,USA,2024-06-25,Display,25-34,Female
1920,Harper,White,harper.white1920@example.com,+1-585-169-6053,Dallas,TX,USA,2024-10-19,Organic Search,45-54,Female
1921,Benjamin,Jackson,benjamin.jackson1921@example.com,+1-585-372-4911,Chicago,IL,USA,2025-02-28,Social,25-34,Female
1922,Noah,Lewis,noah.lewis1922@example.com,+1-585-610-7400,Atlanta,GA,USA,2024-10-24,Social,45-54,Male
1923,Theodore,Johnson,theodore.johnson1923@example.com,+1-585-978-5824,Atlanta,GA,USA,2025-01-14,Email,18-24,Male
1924,James,Taylor,james.taylor1924@example.com,+1-585-897-9005,Miami,FL,USA,2024-06-20,Display,55+,Other
1925,Ava,Jackson,ava.jackson1925@example.com,+1-585-684-2754,Seattle,WA,USA,2024-05-17,Organic Search,55+,Female
1926,Liam,Davis,liam.davis1926@example.com,+1-585-976-1239,Denver,CO,USA,2024-02-18,Display,45-54,Other
1927,Olivia,Brown,olivia.brown1927@example.com,+1-585-526-6246,New York,NY,USA,2024-05-18,Paid Search,55+,Other
1928,Oliver,Young,oliver.young1928@example.com,+1-585-527-1291,Austin,TX,USA,2025-01-03,Organic Search,35-44,Male
1929,Mia,Martin,mia.martin1929@example.com,+1-585-147-5926,Miami,FL,USA,2024-06-21,Email,55+,Male
1930,Henry,White,henry.white1930@example.com,+1-585-239-6838,New York,NY,USA,2024-03-21,Social,35-44,Other
1931,Mia,Thompson,mia.thompson1931@example.com,+1-585-844-3845,Miami,FL,USA,2024-05-31,Paid Search,25-34,Other
1932,Theodore,Harris,theodore.harris1932@example.com,+1-585-503-1501,Atlanta,GA,USA,2025-03-19,Email,35-44,Male
1933,Sophia,Harris,sophia.harris1933@example.com,+1-585-145-6604,Denver,CO,USA,2025-04-14,Paid Search,55+,Other
1934,Ava,Clark,ava.clark1934@example.com,+1-585-703-7330,Seattle,WA,USA,2024-03-20,Email,18-24,Other
1935,Evelyn,Walker,evelyn.walker1935@example.com,+1-585-889-1064,Denver,CO,USA,2024-12-12,Referral,55+,Other
1936,Benjamin,White,benjamin.white1936@example.com,+1-585-750-8109,Denver,CO,USA,2024-10-04,Email,18-24,Female
1937,Isabella,Perez,isabella.perez1937@example.com,+1-585-333-5101,Boston,MA,USA,2024-03-08,Paid Search,35-44,Male
1938,Henry,Brown,henry.brown1938@example.com,+1-585-908-3617,Miami,FL,USA,2024-03-01,Email,55+,Male
1939,Elijah,Taylor,elijah.taylor1939@example.com,+1-585-638-5355,Austin,TX,USA,2024-07-31,Display,18-24,Other
1940,Harper,Walker,harper.walker1940@example.com,+1-585-948-6344,Chicago,IL,USA,2025-02-21,Display,35-44,Female
1941,Oliver,Perez,oliver.perez1941@example.com,+1-585-196-7266,Atlanta,GA,USA,2025-05-31,Referral,25-34,Female
1942,Henry,Taylor,henry.taylor1942@example.com,+1-585-856-9396,Seattle,WA,USA,2024-07-06,Referral,18-24,Male
1943,Mia,Garcia,mia.garcia1943@example.com,+1-585-705-7059,Miami,FL,USA,2025-04-28,Display,25-34,Female
1944,Oliver,Anderson,oliver.anderson1944@example.com,+1-585-668-3857,Denver,CO,USA,2024-09-17,Referral,55+,Other
1945,Ava,Harris,ava.harris1945@example.com,+1-585-378-8204,New York,NY,USA,2024-05-14,Display,18-24,Other
1946,Charlotte,Smith,charlotte.smith1946@example.com,+1-585-756-1293,Miami,FL,USA,2024-02-11,Paid Search,25-34,Other
1947,Noah,White,noah.white1947@example.com,+1-585-226-4057,New York,NY,USA,2024-07-27,Paid Search,25-34,Male
1948,Evelyn,Young,evelyn.young1948@example.com,+1-585-775-2367,Boston,MA,USA,2024-03-27,Paid Search,35-44,Male
1949,Evelyn,Young,evelyn.young1949@example.com,+1-585-667-5735,Atlanta,GA,USA,2025-01-03,Paid Search,35-44,Other
1950,Noah,Lewis,noah.lewis1950@example.com,+1-585-108-2685,San Francisco,CA,USA,2024-03-01,Organic Search,55+,Other
1951,Isabella,Anderson,isabella.anderson1951@example.com,+1-585-437-7297,Dallas,TX,USA,2024-03-24,Referral,18-24,Other
1952,Theodore,Garcia,theodore.garcia1952@example.com,+1-585-356-8196,San Francisco,CA,USA,2024-11-30,Paid Search,25-34,Other
1953,Oliver,Smith,oliver.smith1953@example.com,+1-585-555-3406,Miami,FL,USA,2024-11-03,Display,25-34,Female
1954,Amelia,Taylor,amelia.taylor1954@example.com,+1-585-412-4673,Miami,FL,USA,2024-07-03,Display,45-54,Male
1955,Oliver,Brown,oliver.brown1955@example.com,+1-585-979-5029,Atlanta,GA,USA,2025-04-29,Organic Search,18-24,Male
1956,Evelyn,White,evelyn.white1956@example.com,+1-585-129-3428,Denver,CO,USA,2024-03-22,Referral,55+,Other
1957,Charlotte,Lee,charlotte.lee1957@example.com,+1-585-336-2950,Dallas,TX,USA,2025-01-06,Display,18-24,Male
1958,James,Johnson,james.johnson1958@example.com,+1-585-933-1318,San Francisco,CA,USA,2024-03-01,Organic Search,45-54,Male
1959,Emma,Harris,emma.harris1959@example.com,+1-585-431-9477,Boston,MA,USA,2024-02-14,Referral,25-34,Female
1960,William,Garcia,william.garcia1960@example.com,+1-585-985-2732,Dallas,TX,USA,2024-09-08,Referral,55+,Other
1961,William,Thomas,william.thomas1961@example.com,+1-585-175-6276,Dallas,TX,USA,2025-01-02,Referral,55+,Other
1962,Amelia,Johnson,amelia.johnson1962@example.com,+1-585-300-7405,Chicago,IL,USA,2024-09-29,Organic Search,35-44,Other
1963,Noah,Clark,noah.clark1963@example.com,+1-585-973-5591,Seattle,WA,USA,2024-03-03,Email,45-54,Other
1964,William,Garcia,william.garcia1964@example.com,+1-585-431-3268,Seattle,WA,USA,2024-02-20,Referral,55+,Other
1965,Noah,Lee,noah.lee1965@example.com,+1-585-647-6948,Denver,CO,USA,2024-05-21,Referral,55+,Female
1966,Oliver,Brown,oliver.brown1966@example.com,+1-585-179-8816,New York,NY,USA,2024-07-19,Social,45-54,Female
1967,Amelia,Perez,amelia.perez1967@example.com,+1-585-220-6053,Miami,FL,USA,2025-09-04,Social,18-24,Female
1968,Noah,Young,noah.young1968@example.com,+1-585-728-1202,Seattle,WA,USA,2024-03-18,Social,45-54,Female
1969,Theodore,Clark,theodore.clark1969@example.com,+1-585-791-5209,Boston,MA,USA,2024-06-23,Social,45-54,Male
1970,Benjamin,Thomas,benjamin.thomas1970@example.com,+1-585-116-1301,New York,NY,USA,2024-06-07,Social,18-24,Other
1971,Charlotte,Smith,charlotte.smith1971@example.com,+1-585-177-9683,Denver,CO,USA,2024-06-13,Organic Search,55+,Male
1972,Ava,Taylor,ava.taylor1972@example.com,+1-585-319-4396,Dallas,TX,USA,2024-06-22,Referral,45-54,Male
1973,Lucas,Harris,lucas.harris1973@example.com,+1-585-279-5075,Austin,TX,USA,2024-04-08,Referral,18-24,Male
1974,Ava,Thomas,ava.thomas1974@example.com,+1-585-153-2941,Dallas,TX,USA,2024-07-15,Paid Search,55+,Male
1975,Sophia,Taylor,sophia.taylor1975@example.com,+1-585-761-4284,Austin,TX,USA,2024-06-03,Referral,55+,Female
1976,Oliver,Anderson,oliver.anderson1976@example.com,+1-585-326-6021,Chicago,IL,USA,2024-07-13,Social,18-24,Male
1977,Isabella,Taylor,isabella.taylor1977@example.com,+1-585-325-3199,New York,NY,USA,2024-11-24,Referral,45-54,Other
1978,Theodore,Davis,theodore.davis1978@example.com,+1-585-321-8073,Boston,MA,USA,2024-01-16,Paid Search,18-24,Male
1979,Mia,Davis,mia.davis1979@example.com,+1-585-391-9275,New York,NY,USA,2024-07-25,Display,45-54,Female
1980,Theodore,Lee,theodore.lee1980@example.com,+1-585-498-3660,Chicago,IL,USA,2024-03-21,Email,18-24,Female
1981,Liam,Taylor,liam.taylor1981@example.com,+1-585-975-3459,Seattle,WA,USA,2024-07-13,Organic Search,35-44,Female
1982,Oliver,Anderson,oliver.anderson1982@example.com,+1-585-409-9709,Chicago,IL,USA,2024-03-20,Display,45-54,Male
1983,Elijah,Perez,elijah.perez1983@example.com,+1-585-965-3526,San Francisco,CA,USA,2024-08-31,Paid Search,55+,Male
1984,Evelyn,Young,evelyn.young1984@example.com,+1-585-272-7234,Chicago,IL,USA,2024-11-04,Organic Search,45-54,Male
1985,Amelia,White,amelia.white1985@example.com,+1-585-974-8537,Boston,MA,USA,2025-03-16,Social,55+,Male
1986,Amelia,Martin,amelia.martin1986@example.com,+1-585-886-9141,Atlanta,GA,USA,2024-03-11,Organic Search,45-54,Female
1987,Mia,Garcia,mia.garcia1987@example.com,+1-585-681-4525,New York,NY,USA,2024-07-21,Email,55+,Female
1988,Mia,Anderson,mia.anderson1988@example.com,+1-585-185-1393,Chicago,IL,USA,2024-11-23,Paid Search,45-54,Female
1989,Evelyn,Perez,evelyn.perez1989@example.com,+1-585-750-4959,Denver,CO,USA,2024-04-07,Organic Search,55+,Male
1990,William,Young,william.young1990@example.com,+1-585-854-4659,Seattle,WA,USA,2025-02-12,Referral,55+,Female
1991,Isabella,Clark,isabella.clark1991@example.com,+1-585-507-7427,Boston,MA,USA,2024-09-01,Social,25-34,Other
1992,Harper,Young,harper.young1992@example.com,+1-585-801-9392,Miami,FL,USA,2024-11-15,Email,45-54,Other
1993,Lucas,Martinez,lucas.martinez1993@example.com,+1-585-282-8505,Dallas,TX,USA,2024-06-27,Email,55+,Other
1994,Harper,Smith,harper.smith1994@example.com,+1-585-574-6616,Dallas,TX,USA,2024-09-27,Display,18-24,Male
1995,Elijah,Martin,elijah.martin1995@example.com,+1-585-959-7280,San Francisco,CA,USA,2024-08-07,Referral,35-44,Male
1996,Theodore,Young,theodore.young1996@example.com,+1-585-152-1467,Atlanta,GA,USA,2024-09-13,Paid Search,45-54,Male
1997,Isabella,Johnson,isabella.johnson1997@example.com,+1-585-709-2146,Miami,FL,USA,2024-08-05,Display,55+,Female
1998,Olivia,Taylor,olivia.taylor1998@example.com,+1-585-326-5197,Seattle,WA,USA,2024-04-10,Organic Search,25-34,Other
1999,Elijah,Walker,elijah.walker1999@example.com,+1-585-341-9831,Boston,MA,USA,2024-09-18,Paid Search,45-54,Female
2000,James,Davis,james.davis2000@example.com,+1-585-308-5092,Chicago,IL,USA,2024-04-02,Paid Search,25-34,Other
2001,Emma,Martinez,emma.martinez2001@example.com,+1-585-905-7725,Atlanta,GA,USA,2025-05-20,Display,25-34,Other
2002,Henry,Thompson,henry.thompson2002@example.com,+1-585-912-4021,Atlanta,GA,USA,2024-03-18,Paid Search,55+,Male
2003,Olivia,Jackson,olivia.jackson2003@example.com,+1-585-235-4493,Denver,CO,USA,2024-11-16,Social,25-34,Female
2004,Noah,Davis,noah.davis2004@example.com,+1-585-819-6753,Seattle,WA,USA,2024-05-24,Organic Search,55+,Other
2005,Noah,Walker,noah.walker2005@example.com,+1-585-820-7240,Boston,MA,USA,2024-10-01,Display,55+,Female
2006,Mia,Thompson,mia.thompson2006@example.com,+1-585-425-4430,Dallas,TX,USA,2024-06-20,Email,35-44,Other
2007,William,Thomas,william.thomas2007@example.com,+1-585-593-7378,Boston,MA,USA,2024-10-07,Paid Search,18-24,Male
2008,Mia,Martinez,mia.martinez2008@example.com,+1-585-507-6715,Miami,FL,USA,2024-05-30,Referral,55+,Other
2009,Henry,Garcia,henry.garcia2009@example.com,+1-585-704-6146,Dallas,TX,USA,2024-10-08,Social,25-34,Male
2010,Sophia,Johnson,sophia.johnson2010@example.com,+1-585-987-3120,Dallas,TX,USA,2024-01-16,Email,45-54,Male
2011,Ava,White,ava.white2011@example.com,+1-585-738-1804,Austin,TX,USA,2024-07-04,Email,18-24,Other
2012,Sophia,Young,sophia.young2012@example.com,+1-585-830-6802,Atlanta,GA,USA,2024-07-17,Social,45-54,Male
2013,Evelyn,Harris,evelyn.harris2013@example.com,+1-585-180-3058,Miami,FL,USA,2024-11-15,Organic Search,55+,Male
2014,Benjamin,Brown,benjamin.brown2014@example.com,+1-585-451-7348,San Francisco,CA,USA,2024-12-05,Organic Search,45-54,Other
2015,Noah,Walker,noah.walker2015@example.com,+1-585-203-2395,Dallas,TX,USA,2024-02-23,Display,18-24,Female
2016,Emma,Johnson,emma.johnson2016@example.com,+1-585-716-6162,Atlanta,GA,USA,2025-03-13,Organic Search,18-24,Female
2017,Liam,Jackson,liam.jackson2017@example.com,+1-585-222-3115,San Francisco,CA,USA,2025-09-18,Social,18-24,Male
2018,Benjamin,Walker,benjamin.walker2018@example.com,+1-585-593-7409,Seattle,WA,USA,2024-06-30,Display,55+,Other
2019,James,Martin,james.martin2019@example.com,+1-585-381-7013,Chicago,IL,USA,2024-09-18,Referral,25-34,Male
2020,Noah,Young,noah.young2020@example.com,+1-585-921-7876,New York,NY,USA,2024-03-02,Email,35-44,Other
2021,Isabella,Martin,isabella.martin2021@example.com,+1-585-845-1643,Atlanta,GA,USA,2024-05-05,Email,18-24,Female
2022,Charlotte,Perez,charlotte.perez2022@example.com,+1-585-984-4889,Miami,FL,USA,2024-07-24,Display,25-34,Male
2023,Sophia,Thomas,sophia.thomas2023@example.com,+1-585-466-3820,New York,NY,USA,2025-02-02,Organic Search,18-24,Female
2024,Charlotte,Martin,charlotte.martin2024@example.com,+1-585-737-2059,Austin,TX,USA,2024-05-04,Social,45-54,Other
2025,Sophia,Brown,sophia.brown2025@example.com,+1-585-416-4005,Chicago,IL,USA,2024-09-27,Email,55+,Male
2026,Ava,Jackson,ava.jackson2026@example.com,+1-585-130-4068,Miami,FL,USA,2024-10-19,Organic Search,35-44,Other
2027,Theodore,White,theodore.white2027@example.com,+1-585-872-9231,Miami,FL,USA,2025-01-08,Organic Search,45-54,Female
2028,Henry,Taylor,henry.taylor2028@example.com,+1-585-562-9243,Dallas,TX,USA,2024-06-09,Organic Search,25-34,Female
2029,Noah,Lewis,noah.lewis2029@example.com,+1-585-388-8367,San Francisco,CA,USA,2024-04-22,Display,45-54,Other
2030,Noah,Clark,noah.clark2030@example.com,+1-585-223-6338,San Francisco,CA,USA,2025-06-19,Display,55+,Female
2031,Isabella,Harris,isabella.harris2031@example.com,+1-585-187-9158,Dallas,TX,USA,2024-06-05,Referral,35-44,Female
2032,Liam,Brown,liam.brown2032@example.com,+1-585-518-8885,Denver,CO,USA,2025-01-13,Paid Search,45-54,Other
2033,Harper,Smith,harper.smith2033@example.com,+1-585-186-9762,San Francisco,CA,USA,2024-09-30,Paid Search,45-54,Male
2034,Benjamin,Young,benjamin.young2034@example.com,+1-585-447-8694,Dallas,TX,USA,2024-10-07,Display,35-44,Male
2035,Noah,Clark,noah.clark2035@example.com,+1-585-615-5401,Seattle,WA,USA,2024-04-21,Display,25-34,Other
2036,Elijah,Brown,elijah.brown2036@example.com,+1-585-125-2382,Denver,CO,USA,2024-05-31,Organic Search,45-54,Male
2037,Olivia,Garcia,olivia.garcia2037@example.com,+1-585-789-4777,Seattle,WA,USA,2024-10-16,Email,45-54,Other
2038,Oliver,Martin,oliver.martin2038@example.com,+1-585-276-8280,San Francisco,CA,USA,2024-06-12,Display,45-54,Male
2039,Oliver,Thomas,oliver.thomas2039@example.com,+1-585-571-5102,Austin,TX,USA,2024-07-17,Referral,25-34,Other
2040,Amelia,Anderson,amelia.anderson2040@example.com,+1-585-556-1666,Boston,MA,USA,2025-05-22,Paid Search,25-34,Other
2041,Olivia,White,olivia.white2041@example.com,+1-585-440-7934,Chicago,IL,USA,2024-05-16,Social,55+,Male
2042,Lucas,Harris,lucas.harris2042@example.com,+1-585-452-4244,Seattle,WA,USA,2024-12-08,Social,18-24,Male
2043,Emma,Young,emma.young2043@example.com,+1-585-600-7360,New York,NY,USA,2025-04-04,Social,25-34,Other
2044,Elijah,Walker,elijah.walker2044@example.com,+1-585-349-9077,Austin,TX,USA,2024-07-10,Social,55+,Female
2045,Noah,Thompson,noah.thompson2045@example.com,+1-585-213-9021,Denver,CO,USA,2024-01-17,Social,18-24,Other
2046,Oliver,Smith,oliver.smith2046@example.com,+1-585-557-6372,Dallas,TX,USA,2024-03-14,Paid Search,25-34,Other
2047,Sophia,Walker,sophia.walker2047@example.com,+1-585-740-6248,Austin,TX,USA,2024-07-19,Social,18-24,Female
2048,Ava,Jackson,ava.jackson2048@example.com,+1-585-501-1873,Miami,FL,USA,2024-06-19,Email,25-34,Female
2049,James,Garcia,james.garcia2049@example.com,+1-585-998-7023,Denver,CO,USA,2024-02-25,Paid Search,35-44,Female
2050,Olivia,Martin,olivia.martin2050@example.com,+1-585-109-3831,Austin,TX,USA,2024-10-02,Display,55+,Female
2051,James,Martinez,james.martinez2051@example.com,+1-585-584-9311,San Francisco,CA,USA,2024-05-14,Email,18-24,Male
2052,Harper,Davis,harper.davis2052@example.com,+1-585-621-3460,Dallas,TX,USA,2024-02-12,Display,35-44,Male
2053,Elijah,Walker,elijah.walker2053@example.com,+1-585-282-5038,San Francisco,CA,USA,2024-03-21,Email,18-24,Other
2054,William,Thompson,william.thompson2054@example.com,+1-585-494-1049,Dallas,TX,USA,2024-01-28,Social,25-34,Male
2055,Mia,Clark,mia.clark2055@example.com,+1-585-255-8526,Miami,FL,USA,2024-09-15,Email,55+,Female
2056,Benjamin,Walker,benjamin.walker2056@example.com,+1-585-937-5617,New York,NY,USA,2024-03-08,Display,18-24,Other
2057,Lucas,Taylor,lucas.taylor2057@example.com,+1-585-693-3778,Atlanta,GA,USA,2024-04-20,Referral,18-24,Other
2058,William,Perez,william.perez2058@example.com,+1-585-460-4383,Chicago,IL,USA,2024-10-25,Organic Search,55+,Female
2059,William,Martinez,william.martinez2059@example.com,+1-585-480-7892,Atlanta,GA,USA,2024-08-04,Organic Search,18-24,Female
2060,James,White,james.white2060@example.com,+1-585-296-7975,Miami,FL,USA,2024-04-28,Referral,25-34,Male
2061,Noah,Garcia,noah.garcia2061@example.com,+1-585-514-6343,Boston,MA,USA,2024-07-07,Display,18-24,Male
2062,Henry,Martinez,henry.martinez2062@example.com,+1-585-878-2574,Atlanta,GA,USA,2025-03-27,Paid Search,18-24,Male
2063,Mia,Thompson,mia.thompson2063@example.com,+1-585-363-3920,Denver,CO,USA,2024-04-07,Paid Search,25-34,Female
2064,Elijah,Lee,elijah.lee2064@example.com,+1-585-299-6849,Austin,TX,USA,2024-08-08,Referral,35-44,Other
2065,William,Taylor,william.taylor2065@example.com,+1-585-281-8493,Atlanta,GA,USA,2024-12-11,Paid Search,18-24,Other
2066,Evelyn,Lewis,evelyn.lewis2066@example.com,+1-585-572-7698,Atlanta,GA,USA,2024-09-16,Social,55+,Male
2067,Emma,Walker,emma.walker2067@example.com,+1-585-470-5885,Seattle,WA,USA,2024-03-17,Social,45-54,Female
2068,Lucas,Walker,lucas.walker2068@example.com,+1-585-542-9367,Miami,FL,USA,2024-07-25,Paid Search,35-44,Other
2069,Harper,Thompson,harper.thompson2069@example.com,+1-585-195-5472,Austin,TX,USA,2024-04-11,Email,35-44,Male
2070,Isabella,Lee,isabella.lee2070@example.com,+1-585-608-6019,Denver,CO,USA,2024-06-09,Display,45-54,Male
2071,Mia,Martin,mia.martin2071@example.com,+1-585-311-9416,Chicago,IL,USA,2025-03-22,Organic Search,35-44,Other
2072,Harper,Young,harper.young2072@example.com,+1-585-645-8982,Boston,MA,USA,2024-09-17,Referral,45-54,Other
2073,Olivia,Brown,olivia.brown2073@example.com,+1-585-121-7539,Seattle,WA,USA,2025-04-14,Organic Search,45-54,Other
2074,Amelia,Lee,amelia.lee2074@example.com,+1-585-965-9444,Chicago,IL,USA,2024-09-12,Display,25-34,Female
2075,Emma,Young,emma.young2075@example.com,+1-585-962-3021,Seattle,WA,USA,2024-10-31,Referral,35-44,Female
2076,Henry,White,henry.white2076@example.com,+1-585-450-5894,Chicago,IL,USA,2024-03-24,Organic Search,55+,Female
2077,Henry,Jackson,henry.jackson2077@example.com,+1-585-555-2669,Atlanta,GA,USA,2024-05-05,Email,25-34,Male
2078,Charlotte,Young,charlotte.young2078@example.com,+1-585-174-1083,Dallas,TX,USA,2024-09-09,Email,35-44,Other
2079,Theodore,Jackson,theodore.jackson2079@example.com,+1-585-803-4377,Denver,CO,USA,2024-04-11,Referral,18-24,Other
2080,Charlotte,Walker,charlotte.walker2080@example.com,+1-585-530-8033,San Francisco,CA,USA,2024-01-22,Paid Search,55+,Female
2081,Lucas,Smith,lucas.smith2081@example.com,+1-585-672-6520,Chicago,IL,USA,2024-03-11,Social,55+,Other
2082,William,Lewis,william.lewis2082@example.com,+1-585-465-8773,Chicago,IL,USA,2025-02-24,Email,35-44,Male
2083,Sophia,Thomas,sophia.thomas2083@example.com,+1-585-863-4192,Chicago,IL,USA,2024-02-16,Paid Search,45-54,Female
2084,Lucas,Johnson,lucas.johnson2084@example.com,+1-585-314-5228,Seattle,WA,USA,2024-06-01,Email,35-44,Female
2085,William,Johnson,william.johnson2085@example.com,+1-585-942-1432,Austin,TX,USA,2024-04-16,Social,18-24,Male
2086,Mia,Taylor,mia.taylor2086@example.com,+1-585-666-2871,Denver,CO,USA,2024-05-25,Paid Search,18-24,Other
2087,James,Brown,james.brown2087@example.com,+1-585-940-8895,Atlanta,GA,USA,2024-04-10,Paid Search,35-44,Other
2088,Theodore,Anderson,theodore.anderson2088@example.com,+1-585-515-8235,Chicago,IL,USA,2025-02-22,Paid Search,18-24,Other
2089,Benjamin,Martinez,benjamin.martinez2089@example.com,+1-585-193-4669,Dallas,TX,USA,2024-06-26,Paid Search,45-54,Female
2090,Sophia,Garcia,sophia.garcia2090@example.com,+1-585-970-8908,Miami,FL,USA,2024-09-29,Referral,18-24,Male
2091,Amelia,Lewis,amelia.lewis2091@example.com,+1-585-910-2660,Austin,TX,USA,2024-08-25,Organic Search,18-24,Female
2092,Noah,Taylor,noah.taylor2092@example.com,+1-585-764-6722,Atlanta,GA,USA,2024-10-25,Organic Search,45-54,Female
2093,Amelia,Martin,amelia.martin2093@example.com,+1-585-120-1011,Miami,FL,USA,2024-11-23,Email,55+,Male
2094,Olivia,Walker,olivia.walker2094@example.com,+1-585-647-9784,Dallas,TX,USA,2024-07-15,Paid Search,45-54,Other
2095,Mia,Taylor,mia.taylor2095@example.com,+1-585-846-6750,Dallas,TX,USA,2024-09-03,Social,35-44,Female
2096,William,Anderson,william.anderson2096@example.com,+1-585-947-6441,Miami,FL,USA,2025-06-26,Email,18-24,Female
2097,Sophia,Clark,sophia.clark2097@example.com,+1-585-559-9602,Boston,MA,USA,2024-05-24,Organic Search,45-54,Female
2098,James,Johnson,james.johnson2098@example.com,+1-585-940-5540,Austin,TX,USA,2024-11-18,Display,18-24,Other
2099,Emma,White,emma.white2099@example.com,+1-585-117-8211,Miami,FL,USA,2024-10-16,Referral,45-54,Male
2100,Elijah,Martin,elijah.martin2100@example.com,+1-585-244-8261,Austin,TX,USA,2024-05-08,Social,25-34,Other
2101,Charlotte,Walker,charlotte.walker2101@example.com,+1-585-872-3280,Atlanta,GA,USA,2024-07-02,Organic Search,25-34,Female
2102,James,Harris,james.harris2102@example.com,+1-585-865-5433,Austin,TX,USA,2024-03-31,Email,55+,Male
2103,Henry,Lee,henry.lee2103@example.com,+1-585-454-1708,New York,NY,USA,2024-01-15,Display,18-24,Other
2104,Olivia,Anderson,olivia.anderson2104@example.com,+1-585-390-2759,Seattle,WA,USA,2024-03-07,Paid Search,55+,Female
2105,Olivia,Davis,olivia.davis2105@example.com,+1-585-809-5084,Austin,TX,USA,2024-04-11,Organic Search,18-24,Male
2106,Emma,Martin,emma.martin2106@example.com,+1-585-315-8595,Denver,CO,USA,2024-04-06,Email,18-24,Male
2107,Mia,Martinez,mia.martinez2107@example.com,+1-585-958-1791,Dallas,TX,USA,2024-07-02,Email,55+,Male
2108,Theodore,White,theodore.white2108@example.com,+1-585-227-7981,Chicago,IL,USA,2025-01-03,Social,18-24,Other
2109,Mia,Smith,mia.smith2109@example.com,+1-585-817-9669,Denver,CO,USA,2024-10-23,Social,35-44,Other
2110,Elijah,Anderson,elijah.anderson2110@example.com,+1-585-590-6724,Dallas,TX,USA,2024-09-25,Organic Search,45-54,Male
2111,Lucas,White,lucas.white2111@example.com,+1-585-742-4249,Seattle,WA,USA,2024-03-20,Paid Search,55+,Female
2112,Sophia,Brown,sophia.brown2112@example.com,+1-585-927-2861,Austin,TX,USA,2025-01-20,Social,55+,Other
2113,Isabella,Davis,isabella.davis2113@example.com,+1-585-679-5419,Denver,CO,USA,2024-11-12,Paid Search,45-54,Other
2114,Henry,White,henry.white2114@example.com,+1-585-919-1919,Chicago,IL,USA,2024-07-27,Email,45-54,Other
2115,Amelia,Perez,amelia.perez2115@example.com,+1-585-265-3773,New York,NY,USA,2024-07-29,Referral,25-34,Other
2116,Sophia,Garcia,sophia.garcia2116@example.com,+1-585-349-6640,Dallas,TX,USA,2024-04-13,Display,55+,Male
2117,Charlotte,Martinez,charlotte.martinez2117@example.com,+1-585-808-1433,Boston,MA,USA,2024-06-15,Organic Search,25-34,Other
2118,Amelia,Harris,amelia.harris2118@example.com,+1-585-792-4600,Dallas,TX,USA,2024-11-18,Email,18-24,Female
2119,Isabella,Anderson,isabella.anderson2119@example.com,+1-585-134-1993,Boston,MA,USA,2024-05-21,Paid Search,35-44,Female
2120,Mia,White,mia.white2120@example.com,+1-585-831-5656,Boston,MA,USA,2025-05-09,Email,18-24,Other
2121,Henry,Lewis,henry.lewis2121@example.com,+1-585-796-6281,Miami,FL,USA,2024-09-01,Social,45-54,Male
2122,Sophia,Thompson,sophia.thompson2122@example.com,+1-585-989-9308,Denver,CO,USA,2024-10-16,Display,45-54,Female
2123,Elijah,Taylor,elijah.taylor2123@example.com,+1-585-285-5261,Austin,TX,USA,2024-03-20,Organic Search,55+,Female
2124,Emma,Clark,emma.clark2124@example.com,+1-585-342-6170,Seattle,WA,USA,2024-10-19,Display,55+,Male
2125,Oliver,Smith,oliver.smith2125@example.com,+1-585-230-7127,Boston,MA,USA,2024-08-31,Social,25-34,Male
2126,Olivia,Martin,olivia.martin2126@example.com,+1-585-157-3033,Austin,TX,USA,2024-07-05,Referral,25-34,Other
2127,Noah,Martin,noah.martin2127@example.com,+1-585-588-8022,Chicago,IL,USA,2024-06-08,Paid Search,55+,Female
2128,Lucas,Lewis,lucas.lewis2128@example.com,+1-585-226-9240,Chicago,IL,USA,2024-08-08,Display,35-44,Male
2129,Isabella,Johnson,isabella.johnson2129@example.com,+1-585-340-3629,Dallas,TX,USA,2024-05-21,Organic Search,25-34,Male
2130,Amelia,Anderson,amelia.anderson2130@example.com,+1-585-877-5480,Dallas,TX,USA,2024-04-15,Organic Search,35-44,Male
2131,Amelia,Perez,amelia.perez2131@example.com,+1-585-357-3118,Seattle,WA,USA,2024-05-17,Paid Search,45-54,Male
2132,Mia,Davis,mia.davis2132@example.com,+1-585-863-9275,Austin,TX,USA,2024-05-23,Email,55+,Male
2133,Elijah,Johnson,elijah.johnson2133@example.com,+1-585-198-5663,Boston,MA,USA,2024-07-24,Display,35-44,Male
2134,Liam,Lewis,liam.lewis2134@example.com,+1-585-641-7478,Boston,MA,USA,2025-02-07,Email,45-54,Female
2135,Isabella,Thompson,isabella.thompson2135@example.com,+1-585-918-4793,Chicago,IL,USA,2024-03-14,Social,55+,Other
2136,Lucas,Jackson,lucas.jackson2136@example.com,+1-585-717-3649,Dallas,TX,USA,2024-05-18,Paid Search,18-24,Female
2137,Amelia,Young,amelia.young2137@example.com,+1-585-696-7555,Miami,FL,USA,2024-11-13,Display,55+,Other
2138,Theodore,Martin,theodore.martin2138@example.com,+1-585-832-8140,Atlanta,GA,USA,2024-09-14,Referral,55+,Female
2139,Amelia,Walker,amelia.walker2139@example.com,+1-585-270-9756,Miami,FL,USA,2024-03-09,Email,55+,Female
2140,Henry,Johnson,henry.johnson2140@example.com,+1-585-520-4102,Miami,FL,USA,2024-01-30,Social,35-44,Female
2141,Benjamin,Davis,benjamin.davis2141@example.com,+1-585-924-5549,Austin,TX,USA,2024-10-03,Organic Search,25-34,Other
2142,Benjamin,Martin,benjamin.martin2142@example.com,+1-585-482-2339,New York,NY,USA,2024-08-16,Paid Search,45-54,Female
2143,Evelyn,Thompson,evelyn.thompson2143@example.com,+1-585-235-8291,Dallas,TX,USA,2024-09-12,Paid Search,55+,Other
2144,Emma,Martinez,emma.martinez2144@example.com,+1-585-362-6278,Denver,CO,USA,2024-07-24,Social,55+,Female
2145,Benjamin,Taylor,benjamin.taylor2145@example.com,+1-585-477-9754,Austin,TX,USA,2024-01-30,Organic Search,35-44,Male
2146,James,Clark,james.clark2146@example.com,+1-585-114-6298,Atlanta,GA,USA,2024-10-20,Display,45-54,Male
2147,Lucas,Johnson,lucas.johnson2147@example.com,+1-585-936-9233,Boston,MA,USA,2024-04-28,Organic Search,35-44,Other
2148,Elijah,Harris,elijah.harris2148@example.com,+1-585-193-9104,New York,NY,USA,2024-02-04,Social,45-54,Other
2149,Noah,Harris,noah.harris2149@example.com,+1-585-673-4129,Dallas,TX,USA,2024-03-01,Email,25-34,Other
2150,James,Walker,james.walker2150@example.com,+1-585-638-5396,Atlanta,GA,USA,2024-06-03,Display,25-34,Male
2151,Charlotte,Smith,charlotte.smith2151@example.com,+1-585-828-3704,Dallas,TX,USA,2024-08-15,Organic Search,18-24,Female
2152,Amelia,Thompson,amelia.thompson2152@example.com,+1-585-799-2822,San Francisco,CA,USA,2024-08-31,Organic Search,55+,Other
2153,Liam,Jackson,liam.jackson2153@example.com,+1-585-932-4555,Miami,FL,USA,2024-05-24,Organic Search,25-34,Other
2154,Lucas,Thomas,lucas.thomas2154@example.com,+1-585-245-2961,New York,NY,USA,2024-09-10,Organic Search,35-44,Male
2155,William,Davis,william.davis2155@example.com,+1-585-349-6920,Boston,MA,USA,2025-03-05,Organic Search,55+,Female
2156,Harper,Walker,harper.walker2156@example.com,+1-585-619-3125,Austin,TX,USA,2024-11-22,Email,25-34,Other
2157,William,Lee,william.lee2157@example.com,+1-585-840-4201,New York,NY,USA,2024-07-23,Organic Search,45-54,Other
2158,Olivia,Young,olivia.young2158@example.com,+1-585-480-5374,San Francisco,CA,USA,2024-04-28,Display,55+,Male
2159,William,Smith,william.smith2159@example.com,+1-585-952-9669,Boston,MA,USA,2024-06-06,Social,25-34,Other
2160,Sophia,Davis,sophia.davis2160@example.com,+1-585-675-9650,Dallas,TX,USA,2025-02-05,Display,45-54,Other
2161,Elijah,Johnson,elijah.johnson2161@example.com,+1-585-653-9016,Austin,TX,USA,2024-07-11,Display,35-44,Female
2162,Sophia,Brown,sophia.brown2162@example.com,+1-585-701-4817,Seattle,WA,USA,2024-05-29,Organic Search,55+,Female
2163,Lucas,Perez,lucas.perez2163@example.com,+1-585-506-1502,San Francisco,CA,USA,2024-09-16,Display,35-44,Male
2164,Benjamin,Thomas,benjamin.thomas2164@example.com,+1-585-446-5068,Dallas,TX,USA,2024-12-13,Paid Search,55+,Female
2165,Theodore,Davis,theodore.davis2165@example.com,+1-585-559-2061,Austin,TX,USA,2024-10-17,Email,45-54,Other
2166,Evelyn,Perez,evelyn.perez2166@example.com,+1-585-678-4315,Atlanta,GA,USA,2025-02-05,Display,55+,Female
2167,Henry,Lewis,henry.lewis2167@example.com,+1-585-714-4008,Boston,MA,USA,2024-04-26,Referral,18-24,Female
2168,Liam,Brown,liam.brown2168@example.com,+1-585-792-9100,Atlanta,GA,USA,2024-09-20,Referral,18-24,Female
2169,Evelyn,Martinez,evelyn.martinez2169@example.com,+1-585-252-1826,Denver,CO,USA,2024-06-19,Display,18-24,Female
2170,Mia,Smith,mia.smith2170@example.com,+1-585-937-8284,Denver,CO,USA,2024-09-16,Referral,45-54,Other
2171,Noah,Taylor,noah.taylor2171@example.com,+1-585-427-8807,New York,NY,USA,2024-08-17,Referral,18-24,Other
2172,Evelyn,Lee,evelyn.lee2172@example.com,+1-585-480-2292,Chicago,IL,USA,2024-08-24,Email,25-34,Other
2173,Sophia,Thomas,sophia.thomas2173@example.com,+1-585-968-5221,Atlanta,GA,USA,2024-10-30,Display,55+,Male
2174,Amelia,Martin,amelia.martin2174@example.com,+1-585-425-3940,New York,NY,USA,2024-04-25,Organic Search,55+,Other
2175,Olivia,Harris,olivia.harris2175@example.com,+1-585-603-9005,Austin,TX,USA,2024-09-09,Organic Search,55+,Male
2176,James,Brown,james.brown2176@example.com,+1-585-543-1791,San Francisco,CA,USA,2024-11-01,Email,25-34,Female
2177,Noah,Johnson,noah.johnson2177@example.com,+1-585-128-8568,Denver,CO,USA,2024-06-24,Social,55+,Male
2178,Benjamin,Walker,benjamin.walker2178@example.com,+1-585-667-7495,Austin,TX,USA,2025-05-10,Email,25-34,Other
2179,Isabella,Garcia,isabella.garcia2179@example.com,+1-585-490-9744,Miami,FL,USA,2024-02-09,Organic Search,45-54,Female
2180,Emma,Taylor,emma.taylor2180@example.com,+1-585-224-8802,San Francisco,CA,USA,2024-06-17,Social,35-44,Other
2181,Emma,Smith,emma.smith2181@example.com,+1-585-468-2311,Boston,MA,USA,2024-07-04,Referral,25-34,Other
2182,Elijah,Davis,elijah.davis2182@example.com,+1-585-364-2873,Miami,FL,USA,2025-01-07,Paid Search,35-44,Male
2183,Theodore,Taylor,theodore.taylor2183@example.com,+1-585-979-2727,New York,NY,USA,2024-04-17,Email,18-24,Other
2184,Benjamin,Lewis,benjamin.lewis2184@example.com,+1-585-931-1512,Dallas,TX,USA,2024-09-01,Referral,18-24,Female
2185,William,Walker,william.walker2185@example.com,+1-585-388-4479,Atlanta,GA,USA,2024-08-05,Email,55+,Female
2186,Harper,Davis,harper.davis2186@example.com,+1-585-678-1658,San Francisco,CA,USA,2024-08-13,Paid Search,25-34,Male
2187,James,Davis,james.davis2187@example.com,+1-585-747-5000,New York,NY,USA,2024-09-07,Paid Search,35-44,Female
2188,Isabella,White,isabella.white2188@example.com,+1-585-408-7431,San Francisco,CA,USA,2024-04-09,Email,25-34,Female
2189,Theodore,Harris,theodore.harris2189@example.com,+1-585-728-8293,Austin,TX,USA,2024-10-18,Social,45-54,Male
2190,Benjamin,Taylor,benjamin.taylor2190@example.com,+1-585-333-2085,Austin,TX,USA,2024-03-19,Email,18-24,Other
2191,Theodore,Martin,theodore.martin2191@example.com,+1-585-748-9103,Miami,FL,USA,2024-06-05,Email,45-54,Female
2192,Henry,Davis,henry.davis2192@example.com,+1-585-109-6582,Austin,TX,USA,2024-09-05,Display,25-34,Male
2193,William,Harris,william.harris2193@example.com,+1-585-843-6962,Seattle,WA,USA,2024-09-07,Organic Search,35-44,Male
2194,Isabella,Smith,isabella.smith2194@example.com,+1-585-711-3020,Miami,FL,USA,2024-08-27,Email,25-34,Female
2195,Charlotte,Smith,charlotte.smith2195@example.com,+1-585-223-2868,Denver,CO,USA,2024-05-24,Organic Search,45-54,Male
2196,Evelyn,Harris,evelyn.harris2196@example.com,+1-585-708-5224,Atlanta,GA,USA,2024-07-10,Organic Search,35-44,Female
2197,Harper,Clark,harper.clark2197@example.com,+1-585-425-9057,Seattle,WA,USA,2024-05-19,Email,45-54,Female
2198,Theodore,Martin,theodore.martin2198@example.com,+1-585-244-5897,Miami,FL,USA,2024-05-03,Organic Search,45-54,Male
2199,Evelyn,Lee,evelyn.lee2199@example.com,+1-585-775-1208,Dallas,TX,USA,2024-12-05,Referral,55+,Female
2200,Oliver,White,oliver.white2200@example.com,+1-585-305-9026,Austin,TX,USA,2024-07-05,Paid Search,45-54,Other
2201,James,Thompson,james.thompson2201@example.com,+1-585-913-6825,Boston,MA,USA,2024-06-06,Display,25-34,Male
2202,Lucas,Martin,lucas.martin2202@example.com,+1-585-304-3523,Dallas,TX,USA,2024-08-25,Email,18-24,Female
2203,Theodore,Jackson,theodore.jackson2203@example.com,+1-585-856-9306,Seattle,WA,USA,2024-06-11,Display,55+,Other
2204,Theodore,Anderson,theodore.anderson2204@example.com,+1-585-464-2948,Denver,CO,USA,2024-06-11,Paid Search,55+,Female
2205,Olivia,Jackson,olivia.jackson2205@example.com,+1-585-515-6065,Atlanta,GA,USA,2024-03-21,Email,25-34,Male
2206,Ava,Anderson,ava.anderson2206@example.com,+1-585-632-4373,Seattle,WA,USA,2024-09-30,Organic Search,25-34,Female
2207,Emma,Perez,emma.perez2207@example.com,+1-585-863-6543,Atlanta,GA,USA,2025-01-18,Display,18-24,Female
2208,Theodore,Anderson,theodore.anderson2208@example.com,+1-585-699-5140,San Francisco,CA,USA,2024-02-23,Email,25-34,Male
2209,Lucas,Walker,lucas.walker2209@example.com,+1-585-160-6958,New York,NY,USA,2024-05-23,Paid Search,55+,Female
2210,Charlotte,Brown,charlotte.brown2210@example.com,+1-585-641-5751,New York,NY,USA,2025-02-01,Paid Search,45-54,Male
2211,Olivia,Young,olivia.young2211@example.com,+1-585-523-8077,San Francisco,CA,USA,2024-09-14,Organic Search,25-34,Other
2212,Theodore,Martin,theodore.martin2212@example.com,+1-585-979-3804,Denver,CO,USA,2024-05-22,Email,35-44,Male
2213,Amelia,Davis,amelia.davis2213@example.com,+1-585-810-5020,Seattle,WA,USA,2024-03-28,Social,35-44,Other
2214,Ava,Harris,ava.harris2214@example.com,+1-585-195-2902,New York,NY,USA,2024-03-12,Organic Search,55+,Other
2215,Benjamin,Davis,benjamin.davis2215@example.com,+1-585-657-9972,New York,NY,USA,2024-08-06,Paid Search,55+,Other
2216,Oliver,Young,oliver.young2216@example.com,+1-585-867-8244,Denver,CO,USA,2024-04-09,Paid Search,45-54,Male
2217,Harper,Harris,harper.harris2217@example.com,+1-585-246-7595,Chicago,IL,USA,2024-06-03,Organic Search,55+,Other
2218,Mia,Davis,mia.davis2218@example.com,+1-585-292-6092,Chicago,IL,USA,2024-05-09,Social,18-24,Other
2219,Liam,White,liam.white2219@example.com,+1-585-990-3527,Boston,MA,USA,2024-11-17,Organic Search,45-54,Male
2220,Harper,Harris,harper.harris2220@example.com,+1-585-121-2921,San Francisco,CA,USA,2024-08-21,Paid Search,45-54,Female
2221,Emma,Taylor,emma.taylor2221@example.com,+1-585-935-5924,Dallas,TX,USA,2024-09-08,Display,35-44,Male
2222,William,Taylor,william.taylor2222@example.com,+1-585-513-5498,Austin,TX,USA,2024-04-16,Paid Search,35-44,Male
2223,Evelyn,Anderson,evelyn.anderson2223@example.com,+1-585-982-5773,Chicago,IL,USA,2024-10-15,Referral,35-44,Other
2224,Mia,Young,mia.young2224@example.com,+1-585-451-4843,Denver,CO,USA,2024-07-30,Referral,35-44,Male
2225,Ava,Thomas,ava.thomas2225@example.com,+1-585-845-4627,Miami,FL,USA,2024-07-28,Organic Search,35-44,Male
2226,Elijah,Smith,elijah.smith2226@example.com,+1-585-482-7060,Austin,TX,USA,2024-09-25,Organic Search,18-24,Female
2227,Elijah,Martin,elijah.martin2227@example.com,+1-585-647-1656,Denver,CO,USA,2024-05-13,Social,18-24,Female
2228,Charlotte,Martinez,charlotte.martinez2228@example.com,+1-585-922-2088,New York,NY,USA,2024-06-20,Email,35-44,Female
2229,Emma,Walker,emma.walker2229@example.com,+1-585-200-9302,Denver,CO,USA,2024-03-27,Email,35-44,Female
2230,Evelyn,Young,evelyn.young2230@example.com,+1-585-309-1091,Dallas,TX,USA,2025-05-22,Referral,35-44,Male
2231,Henry,Thompson,henry.thompson2231@example.com,+1-585-614-1225,New York,NY,USA,2024-07-07,Email,45-54,Female
2232,Henry,Lee,henry.lee2232@example.com,+1-585-729-2689,Boston,MA,USA,2024-04-22,Paid Search,25-34,Female
2233,Emma,Jackson,emma.jackson2233@example.com,+1-585-715-7487,Denver,CO,USA,2024-04-16,Social,25-34,Male
2234,Isabella,Lee,isabella.lee2234@example.com,+1-585-532-1940,Boston,MA,USA,2024-03-08,Paid Search,18-24,Other
2235,Charlotte,Lewis,charlotte.lewis2235@example.com,+1-585-873-9242,Chicago,IL,USA,2025-04-22,Paid Search,55+,Female
2236,Oliver,Brown,oliver.brown2236@example.com,+1-585-391-6973,Chicago,IL,USA,2024-10-13,Email,45-54,Other
2237,Evelyn,Davis,evelyn.davis2237@example.com,+1-585-384-9677,Dallas,TX,USA,2024-10-09,Social,45-54,Male
2238,Liam,Garcia,liam.garcia2238@example.com,+1-585-934-7317,Dallas,TX,USA,2024-06-22,Organic Search,45-54,Male
2239,Benjamin,Young,benjamin.young2239@example.com,+1-585-123-6927,Denver,CO,USA,2024-08-16,Display,25-34,Female
2240,Sophia,Smith,sophia.smith2240@example.com,+1-585-776-8537,Chicago,IL,USA,2024-12-05,Paid Search,18-24,Female
2241,Lucas,Lewis,lucas.lewis2241@example.com,+1-585-996-5008,Seattle,WA,USA,2024-11-04,Referral,55+,Other
2242,Henry,Brown,henry.brown2242@example.com,+1-585-365-7477,Seattle,WA,USA,2024-10-26,Referral,45-54,Female
2243,Isabella,Walker,isabella.walker2243@example.com,+1-585-527-2616,San Francisco,CA,USA,2024-04-04,Display,18-24,Male
2244,Elijah,Taylor,elijah.taylor2244@example.com,+1-585-441-5392,Boston,MA,USA,2024-07-08,Display,25-34,Female
2245,Harper,Thomas,harper.thomas2245@example.com,+1-585-138-2468,Atlanta,GA,USA,2024-09-16,Referral,45-54,Other
2246,Elijah,Lee,elijah.lee2246@example.com,+1-585-349-9717,Denver,CO,USA,2024-03-26,Display,45-54,Female
2247,Isabella,Clark,isabella.clark2247@example.com,+1-585-763-8676,Boston,MA,USA,2024-05-17,Email,35-44,Female
2248,Emma,Young,emma.young2248@example.com,+1-585-676-8793,Austin,TX,USA,2024-05-21,Paid Search,25-34,Female
2249,Olivia,Martin,olivia.martin2249@example.com,+1-585-597-8251,Atlanta,GA,USA,2024-07-01,Display,35-44,Male
2250,Oliver,Brown,oliver.brown2250@example.com,+1-585-196-4612,Miami,FL,USA,2025-04-26,Referral,18-24,Female
2251,Mia,Martin,mia.martin2251@example.com,+1-585-875-9521,San Francisco,CA,USA,2024-07-12,Paid Search,35-44,Male
2252,Mia,Anderson,mia.anderson2252@example.com,+1-585-325-9498,Boston,MA,USA,2024-08-15,Paid Search,18-24,Female
2253,Benjamin,Martinez,benjamin.martinez2253@example.com,+1-585-973-6394,Denver,CO,USA,2024-11-28,Display,25-34,Other
2254,Olivia,Garcia,olivia.garcia2254@example.com,+1-585-677-4535,Boston,MA,USA,2024-07-31,Display,35-44,Other
2255,Lucas,Perez,lucas.perez2255@example.com,+1-585-366-9480,Boston,MA,USA,2024-04-10,Email,25-34,Other
2256,Mia,Martinez,mia.martinez2256@example.com,+1-585-590-4456,Miami,FL,USA,2024-11-23,Referral,45-54,Female
2257,Oliver,Martin,oliver.martin2257@example.com,+1-585-354-6311,Miami,FL,USA,2024-08-28,Paid Search,55+,Male
2258,Lucas,Brown,lucas.brown2258@example.com,+1-585-931-8998,San Francisco,CA,USA,2024-04-07,Referral,18-24,Female
2259,Liam,Jackson,liam.jackson2259@example.com,+1-585-748-6154,Atlanta,GA,USA,2024-11-29,Social,25-34,Male
2260,Isabella,Anderson,isabella.anderson2260@example.com,+1-585-862-2803,New York,NY,USA,2024-12-11,Social,35-44,Male
2261,Amelia,Garcia,amelia.garcia2261@example.com,+1-585-729-2555,Atlanta,GA,USA,2024-05-14,Email,45-54,Female
2262,Harper,Davis,harper.davis2262@example.com,+1-585-711-1864,Atlanta,GA,USA,2024-10-13,Paid Search,35-44,Male
2263,Lucas,Jackson,lucas.jackson2263@example.com,+1-585-997-9423,Atlanta,GA,USA,2024-04-04,Paid Search,55+,Female
2264,Amelia,Clark,amelia.clark2264@example.com,+1-585-571-5563,Chicago,IL,USA,2024-08-05,Referral,18-24,Female
2265,Isabella,Jackson,isabella.jackson2265@example.com,+1-585-139-3246,Atlanta,GA,USA,2024-06-18,Display,55+,Male
2266,Ava,Lee,ava.lee2266@example.com,+1-585-609-1278,Dallas,TX,USA,2024-04-03,Organic Search,25-34,Female
2267,Evelyn,Young,evelyn.young2267@example.com,+1-585-986-4084,Miami,FL,USA,2024-07-04,Paid Search,25-34,Female
2268,Charlotte,Martinez,charlotte.martinez2268@example.com,+1-585-333-3514,Chicago,IL,USA,2024-05-31,Display,35-44,Male
2269,Noah,Martinez,noah.martinez2269@example.com,+1-585-934-9448,Miami,FL,USA,2024-07-28,Email,35-44,Female
2270,James,Martin,james.martin2270@example.com,+1-585-413-3155,Dallas,TX,USA,2024-07-13,Organic Search,25-34,Female
2271,Isabella,Smith,isabella.smith2271@example.com,+1-585-901-4000,Austin,TX,USA,2024-04-24,Social,25-34,Female
2272,Harper,Brown,harper.brown2272@example.com,+1-585-120-6518,New York,NY,USA,2024-04-28,Paid Search,55+,Male
2273,Harper,Thomas,harper.thomas2273@example.com,+1-585-259-6034,New York,NY,USA,2024-08-07,Organic Search,55+,Female
2274,Theodore,Martin,theodore.martin2274@example.com,+1-585-624-1050,Denver,CO,USA,2024-02-18,Referral,18-24,Other
2275,Isabella,Garcia,isabella.garcia2275@example.com,+1-585-232-6308,Austin,TX,USA,2024-07-23,Organic Search,45-54,Female
2276,Lucas,Lewis,lucas.lewis2276@example.com,+1-585-304-4953,Denver,CO,USA,2024-02-15,Display,55+,Female
2277,Olivia,Walker,olivia.walker2277@example.com,+1-585-859-9712,Seattle,WA,USA,2024-11-28,Email,55+,Female
2278,Charlotte,Thompson,charlotte.thompson2278@example.com,+1-585-884-7753,New York,NY,USA,2024-06-04,Paid Search,55+,Male
2279,Isabella,Garcia,isabella.garcia2279@example.com,+1-585-733-1796,Chicago,IL,USA,2024-06-26,Email,35-44,Other
2280,Isabella,Walker,isabella.walker2280@example.com,+1-585-832-9728,Atlanta,GA,USA,2024-07-07,Email,25-34,Male
2281,Emma,Lee,emma.lee2281@example.com,+1-585-756-5188,Denver,CO,USA,2025-01-04,Paid Search,18-24,Male
2282,Olivia,Garcia,olivia.garcia2282@example.com,+1-585-503-7160,Denver,CO,USA,2024-06-14,Paid Search,55+,Other
2283,William,Young,william.young2283@example.com,+1-585-185-4345,Denver,CO,USA,2024-12-14,Email,55+,Male
2284,Benjamin,Martin,benjamin.martin2284@example.com,+1-585-881-3269,New York,NY,USA,2025-02-08,Social,25-34,Other
2285,William,Johnson,william.johnson2285@example.com,+1-585-435-7232,Seattle,WA,USA,2024-07-16,Paid Search,45-54,Male
2286,Amelia,Harris,amelia.harris2286@example.com,+1-585-713-4296,Denver,CO,USA,2024-11-10,Referral,55+,Female
2287,Emma,Martin,emma.martin2287@example.com,+1-585-279-4868,Seattle,WA,USA,2024-06-25,Display,35-44,Female
2288,Oliver,Garcia,oliver.garcia2288@example.com,+1-585-265-1950,Seattle,WA,USA,2024-06-13,Display,55+,Male
2289,Olivia,Young,olivia.young2289@example.com,+1-585-381-1191,New York,NY,USA,2024-04-16,Organic Search,35-44,Female
2290,Theodore,Davis,theodore.davis2290@example.com,+1-585-182-8608,Austin,TX,USA,2024-04-02,Display,55+,Female
2291,Isabella,Young,isabella.young2291@example.com,+1-585-794-1097,Chicago,IL,USA,2024-02-03,Paid Search,35-44,Male
2292,Elijah,Thompson,elijah.thompson2292@example.com,+1-585-681-6595,Miami,FL,USA,2024-04-02,Paid Search,25-34,Male
2293,Sophia,Young,sophia.young2293@example.com,+1-585-366-2541,Atlanta,GA,USA,2024-06-12,Social,18-24,Other
2294,Liam,Anderson,liam.anderson2294@example.com,+1-585-807-1722,Chicago,IL,USA,2024-07-01,Social,55+,Other
2295,Henry,Brown,henry.brown2295@example.com,+1-585-708-9612,New York,NY,USA,2025-03-15,Organic Search,18-24,Female
2296,Lucas,Walker,lucas.walker2296@example.com,+1-585-393-7526,New York,NY,USA,2024-03-24,Referral,18-24,Female
2297,Evelyn,Young,evelyn.young2297@example.com,+1-585-801-8624,Denver,CO,USA,2024-06-30,Social,45-54,Female
2298,James,Brown,james.brown2298@example.com,+1-585-336-4953,San Francisco,CA,USA,2024-11-06,Display,45-54,Other
2299,Theodore,Thomas,theodore.thomas2299@example.com,+1-585-962-2636,Atlanta,GA,USA,2024-08-29,Email,18-24,Other
2300,Isabella,White,isabella.white2300@example.com,+1-585-771-4460,Dallas,TX,USA,2024-10-08,Organic Search,25-34,Male
2301,Charlotte,Perez,charlotte.perez2301@example.com,+1-585-267-7330,Miami,FL,USA,2024-05-28,Referral,45-54,Female
2302,Elijah,Brown,elijah.brown2302@example.com,+1-585-365-6980,Atlanta,GA,USA,2024-05-31,Organic Search,45-54,Male
2303,Theodore,Thompson,theodore.thompson2303@example.com,+1-585-502-8871,Seattle,WA,USA,2024-03-20,Referral,25-34,Male
2304,Charlotte,Young,charlotte.young2304@example.com,+1-585-792-2373,Miami,FL,USA,2024-04-03,Display,25-34,Male
2305,Mia,Harris,mia.harris2305@example.com,+1-585-386-7569,Denver,CO,USA,2024-05-29,Display,25-34,Female
2306,Evelyn,Martin,evelyn.martin2306@example.com,+1-585-272-6229,Atlanta,GA,USA,2024-04-27,Display,45-54,Other
2307,Emma,Thomas,emma.thomas2307@example.com,+1-585-131-2406,Seattle,WA,USA,2024-05-03,Organic Search,18-24,Male
2308,Theodore,Martinez,theodore.martinez2308@example.com,+1-585-260-3758,Denver,CO,USA,2024-10-26,Paid Search,18-24,Female
2309,Sophia,Davis,sophia.davis2309@example.com,+1-585-271-8270,New York,NY,USA,2024-07-09,Paid Search,35-44,Male
2310,Liam,Davis,liam.davis2310@example.com,+1-585-716-1585,Seattle,WA,USA,2025-01-22,Email,35-44,Male
2311,Olivia,Lewis,olivia.lewis2311@example.com,+1-585-330-3167,Seattle,WA,USA,2024-04-26,Social,18-24,Other
2312,Amelia,Lee,amelia.lee2312@example.com,+1-585-507-2305,Dallas,TX,USA,2024-04-06,Email,35-44,Other
2313,Liam,Martin,liam.martin2313@example.com,+1-585-619-3832,Boston,MA,USA,2024-03-15,Referral,18-24,Other
2314,Noah,Clark,noah.clark2314@example.com,+1-585-343-8246,Boston,MA,USA,2024-06-29,Paid Search,35-44,Female
2315,Theodore,Martin,theodore.martin2315@example.com,+1-585-839-9422,Dallas,TX,USA,2024-02-15,Organic Search,45-54,Male
2316,Amelia,Garcia,amelia.garcia2316@example.com,+1-585-942-3380,Denver,CO,USA,2025-01-10,Social,35-44,Other
2317,James,Perez,james.perez2317@example.com,+1-585-380-7287,Dallas,TX,USA,2024-03-31,Email,45-54,Other
2318,Evelyn,Davis,evelyn.davis2318@example.com,+1-585-277-8248,Dallas,TX,USA,2024-11-27,Referral,45-54,Male
2319,Lucas,Smith,lucas.smith2319@example.com,+1-585-128-2311,Boston,MA,USA,2025-07-29,Referral,18-24,Male
2320,Evelyn,Taylor,evelyn.taylor2320@example.com,+1-585-814-4539,Dallas,TX,USA,2024-06-01,Referral,45-54,Female
2321,Lucas,Young,lucas.young2321@example.com,+1-585-501-9850,New York,NY,USA,2024-11-21,Display,35-44,Female
2322,Benjamin,White,benjamin.white2322@example.com,+1-585-952-3497,Dallas,TX,USA,2024-02-19,Organic Search,18-24,Male
2323,Olivia,Thomas,olivia.thomas2323@example.com,+1-585-256-7788,Austin,TX,USA,2024-06-16,Social,55+,Male
2324,Oliver,Anderson,oliver.anderson2324@example.com,+1-585-411-4950,Austin,TX,USA,2024-06-14,Social,45-54,Male
2325,Benjamin,Clark,benjamin.clark2325@example.com,+1-585-925-7831,Dallas,TX,USA,2024-02-27,Referral,55+,Other
2326,James,Martinez,james.martinez2326@example.com,+1-585-671-7188,New York,NY,USA,2024-10-27,Social,55+,Male
2327,Liam,Jackson,liam.jackson2327@example.com,+1-585-732-3311,Dallas,TX,USA,2024-09-25,Paid Search,45-54,Female
2328,William,Thomas,william.thomas2328@example.com,+1-585-169-9328,Atlanta,GA,USA,2024-01-22,Display,45-54,Female
2329,Evelyn,Thompson,evelyn.thompson2329@example.com,+1-585-849-3668,Miami,FL,USA,2024-02-12,Email,18-24,Female
2330,William,Garcia,william.garcia2330@example.com,+1-585-351-1941,Austin,TX,USA,2024-07-27,Paid Search,18-24,Other
2331,Isabella,White,isabella.white2331@example.com,+1-585-289-2417,Seattle,WA,USA,2024-05-16,Display,18-24,Female
2332,Sophia,Walker,sophia.walker2332@example.com,+1-585-756-6517,Chicago,IL,USA,2024-07-05,Organic Search,25-34,Other
2333,Mia,Taylor,mia.taylor2333@example.com,+1-585-695-1304,Seattle,WA,USA,2024-09-21,Paid Search,45-54,Male
2334,Emma,Martin,emma.martin2334@example.com,+1-585-776-7192,Austin,TX,USA,2024-04-28,Display,35-44,Other
2335,Mia,Thompson,mia.thompson2335@example.com,+1-585-546-6149,Austin,TX,USA,2025-05-06,Referral,35-44,Other
2336,Isabella,Garcia,isabella.garcia2336@example.com,+1-585-495-2048,Boston,MA,USA,2024-05-18,Organic Search,45-54,Other
2337,Mia,Johnson,mia.johnson2337@example.com,+1-585-823-2344,Atlanta,GA,USA,2024-05-22,Email,25-34,Male
2338,Harper,Anderson,harper.anderson2338@example.com,+1-585-545-2072,Chicago,IL,USA,2024-07-18,Display,45-54,Female
2339,Theodore,Brown,theodore.brown2339@example.com,+1-585-286-3934,Seattle,WA,USA,2024-07-21,Paid Search,18-24,Female
2340,Evelyn,Jackson,evelyn.jackson2340@example.com,+1-585-764-7306,Dallas,TX,USA,2024-09-19,Organic Search,45-54,Male
2341,James,Young,james.young2341@example.com,+1-585-245-8716,San Francisco,CA,USA,2024-03-23,Paid Search,55+,Other
2342,Olivia,Johnson,olivia.johnson2342@example.com,+1-585-983-5168,Atlanta,GA,USA,2024-12-17,Social,25-34,Other
2343,Harper,Smith,harper.smith2343@example.com,+1-585-275-3760,Miami,FL,USA,2024-07-20,Email,55+,Female
2344,Liam,Young,liam.young2344@example.com,+1-585-484-6816,New York,NY,USA,2024-11-09,Social,45-54,Other
2345,Amelia,Smith,amelia.smith2345@example.com,+1-585-474-5634,Seattle,WA,USA,2024-09-12,Referral,25-34,Female
2346,Charlotte,Johnson,charlotte.johnson2346@example.com,+1-585-294-9494,Chicago,IL,USA,2024-07-09,Display,45-54,Female
2347,James,Anderson,james.anderson2347@example.com,+1-585-575-2788,Austin,TX,USA,2024-06-05,Social,45-54,Other
2348,Lucas,Garcia,lucas.garcia2348@example.com,+1-585-307-6728,Boston,MA,USA,2024-05-23,Display,55+,Other
2349,Henry,Walker,henry.walker2349@example.com,+1-585-693-5973,Chicago,IL,USA,2024-04-22,Paid Search,18-24,Male
2350,Lucas,Smith,lucas.smith2350@example.com,+1-585-394-3483,New York,NY,USA,2024-04-27,Display,18-24,Other
2351,Isabella,Johnson,isabella.johnson2351@example.com,+1-585-825-6597,Denver,CO,USA,2024-02-25,Social,18-24,Other
2352,Amelia,White,amelia.white2352@example.com,+1-585-361-3089,Dallas,TX,USA,2024-11-05,Social,55+,Female
2353,Charlotte,White,charlotte.white2353@example.com,+1-585-969-3551,Miami,FL,USA,2024-09-20,Paid Search,55+,Male
2354,Benjamin,White,benjamin.white2354@example.com,+1-585-275-9796,Seattle,WA,USA,2024-07-26,Referral,25-34,Female
2355,Lucas,Young,lucas.young2355@example.com,+1-585-882-4587,Denver,CO,USA,2024-09-25,Email,55+,Other
2356,Elijah,Anderson,elijah.anderson2356@example.com,+1-585-464-9702,Miami,FL,USA,2025-04-10,Email,18-24,Other
2357,Evelyn,Perez,evelyn.perez2357@example.com,+1-585-513-1505,San Francisco,CA,USA,2024-04-20,Referral,35-44,Other
2358,Emma,Brown,emma.brown2358@example.com,+1-585-590-8293,Miami,FL,USA,2024-02-01,Social,35-44,Male
2359,James,Lewis,james.lewis2359@example.com,+1-585-104-6324,New York,NY,USA,2024-05-24,Referral,18-24,Female
2360,Charlotte,Clark,charlotte.clark2360@example.com,+1-585-871-5566,Austin,TX,USA,2024-08-24,Organic Search,45-54,Other
2361,Lucas,Taylor,lucas.taylor2361@example.com,+1-585-945-7794,Chicago,IL,USA,2024-09-07,Organic Search,45-54,Female
2362,Lucas,Walker,lucas.walker2362@example.com,+1-585-130-6927,Chicago,IL,USA,2024-05-25,Referral,55+,Female
2363,Mia,Thomas,mia.thomas2363@example.com,+1-585-349-9816,Atlanta,GA,USA,2024-05-26,Referral,25-34,Other
2364,Mia,Martin,mia.martin2364@example.com,+1-585-251-7532,Boston,MA,USA,2024-04-25,Organic Search,45-54,Other
2365,Olivia,Walker,olivia.walker2365@example.com,+1-585-614-7984,Miami,FL,USA,2024-09-14,Display,55+,Male
2366,Sophia,Thompson,sophia.thompson2366@example.com,+1-585-834-2104,Austin,TX,USA,2024-12-22,Referral,25-34,Male
2367,Olivia,Jackson,olivia.jackson2367@example.com,+1-585-712-3801,New York,NY,USA,2024-05-29,Email,18-24,Female
2368,Lucas,Johnson,lucas.johnson2368@example.com,+1-585-782-3015,Chicago,IL,USA,2025-01-19,Display,55+,Other
2369,Henry,Anderson,henry.anderson2369@example.com,+1-585-304-7449,Dallas,TX,USA,2024-04-23,Referral,45-54,Male
2370,Liam,Young,liam.young2370@example.com,+1-585-611-3766,Chicago,IL,USA,2024-06-12,Social,45-54,Female
2371,James,Martin,james.martin2371@example.com,+1-585-678-9155,New York,NY,USA,2025-02-23,Social,25-34,Female
2372,William,Martinez,william.martinez2372@example.com,+1-585-868-4207,Chicago,IL,USA,2024-12-06,Email,45-54,Male
2373,Emma,Taylor,emma.taylor2373@example.com,+1-585-818-1690,Boston,MA,USA,2024-06-07,Organic Search,55+,Other
2374,Olivia,Brown,olivia.brown2374@example.com,+1-585-371-3377,San Francisco,CA,USA,2024-08-11,Email,25-34,Other
2375,Elijah,Thomas,elijah.thomas2375@example.com,+1-585-993-3286,Chicago,IL,USA,2024-03-19,Social,35-44,Male
2376,Noah,Walker,noah.walker2376@example.com,+1-585-626-2559,Miami,FL,USA,2024-06-05,Referral,45-54,Other
2377,James,Perez,james.perez2377@example.com,+1-585-488-9239,New York,NY,USA,2024-07-06,Email,35-44,Other
2378,Noah,Davis,noah.davis2378@example.com,+1-585-547-7162,Dallas,TX,USA,2024-03-01,Social,25-34,Other
2379,James,Clark,james.clark2379@example.com,+1-585-384-8671,Boston,MA,USA,2024-08-26,Display,55+,Other
2380,Evelyn,Martinez,evelyn.martinez2380@example.com,+1-585-640-3738,New York,NY,USA,2024-12-26,Social,35-44,Male
2381,Elijah,Anderson,elijah.anderson2381@example.com,+1-585-858-4960,Atlanta,GA,USA,2024-12-24,Referral,45-54,Female
2382,Charlotte,Young,charlotte.young2382@example.com,+1-585-460-3018,Miami,FL,USA,2024-07-02,Paid Search,55+,Female
2383,Henry,Smith,henry.smith2383@example.com,+1-585-171-5615,Seattle,WA,USA,2024-03-10,Referral,55+,Female
2384,Theodore,Clark,theodore.clark2384@example.com,+1-585-529-3484,New York,NY,USA,2024-09-28,Referral,45-54,Female
2385,Charlotte,Lee,charlotte.lee2385@example.com,+1-585-926-3743,Atlanta,GA,USA,2024-11-21,Social,25-34,Male
2386,Emma,Lewis,emma.lewis2386@example.com,+1-585-262-8162,San Francisco,CA,USA,2024-06-30,Email,55+,Male
2387,William,Harris,william.harris2387@example.com,+1-585-529-6950,Dallas,TX,USA,2024-05-11,Referral,35-44,Male
2388,Mia,White,mia.white2388@example.com,+1-585-436-1428,Austin,TX,USA,2024-07-21,Referral,18-24,Female
2389,Charlotte,Perez,charlotte.perez2389@example.com,+1-585-526-1348,Atlanta,GA,USA,2024-01-26,Paid Search,18-24,Male
2390,Henry,Smith,henry.smith2390@example.com,+1-585-146-7606,Boston,MA,USA,2024-04-17,Referral,45-54,Female
2391,Benjamin,Martinez,benjamin.martinez2391@example.com,+1-585-232-4973,Atlanta,GA,USA,2024-09-18,Display,25-34,Male
2392,Liam,Anderson,liam.anderson2392@example.com,+1-585-992-8545,Miami,FL,USA,2024-03-14,Referral,35-44,Female
2393,Liam,Jackson,liam.jackson2393@example.com,+1-585-842-8498,Miami,FL,USA,2024-06-18,Email,18-24,Other
2394,Harper,Davis,harper.davis2394@example.com,+1-585-881-9096,Chicago,IL,USA,2024-04-14,Paid Search,18-24,Other
2395,William,Martin,william.martin2395@example.com,+1-585-993-2003,Chicago,IL,USA,2024-08-02,Paid Search,45-54,Other
2396,Mia,Walker,mia.walker2396@example.com,+1-585-521-1330,Dallas,TX,USA,2024-09-10,Paid Search,55+,Other
2397,Theodore,Clark,theodore.clark2397@example.com,+1-585-693-7359,Miami,FL,USA,2024-04-22,Social,45-54,Male
2398,Ava,Harris,ava.harris2398@example.com,+1-585-475-1372,Chicago,IL,USA,2024-04-27,Display,18-24,Male
2399,James,White,james.white2399@example.com,+1-585-866-7046,Boston,MA,USA,2024-12-23,Email,25-34,Other
2400,Sophia,Martinez,sophia.martinez2400@example.com,+1-585-856-9094,New York,NY,USA,2024-01-10,Display,25-34,Male
2401,Noah,Perez,noah.perez2401@example.com,+1-585-538-9714,Austin,TX,USA,2024-09-17,Email,18-24,Male
2402,Benjamin,Lee,benjamin.lee2402@example.com,+1-585-633-3506,Boston,MA,USA,2024-08-21,Email,55+,Male
2403,Sophia,Martin,sophia.martin2403@example.com,+1-585-960-3798,New York,NY,USA,2024-08-06,Social,35-44,Female
2404,Ava,Thompson,ava.thompson2404@example.com,+1-585-303-3997,Denver,CO,USA,2024-05-01,Paid Search,45-54,Female
2405,Emma,Martin,emma.martin2405@example.com,+1-585-335-3856,Denver,CO,USA,2024-05-19,Paid Search,55+,Female
2406,Amelia,Thomas,amelia.thomas2406@example.com,+1-585-722-4315,Dallas,TX,USA,2024-10-14,Display,25-34,Other
2407,Mia,Walker,mia.walker2407@example.com,+1-585-246-8342,Seattle,WA,USA,2025-05-08,Referral,18-24,Other
2408,Evelyn,Walker,evelyn.walker2408@example.com,+1-585-926-2956,Denver,CO,USA,2024-08-13,Display,55+,Other
2409,Oliver,Brown,oliver.brown2409@example.com,+1-585-399-3868,Dallas,TX,USA,2024-11-28,Social,55+,Female
2410,James,Thompson,james.thompson2410@example.com,+1-585-661-6076,Denver,CO,USA,2024-06-30,Organic Search,25-34,Male
2411,Sophia,Johnson,sophia.johnson2411@example.com,+1-585-290-4410,Austin,TX,USA,2024-04-25,Email,25-34,Female
2412,Henry,Johnson,henry.johnson2412@example.com,+1-585-408-4948,Chicago,IL,USA,2024-06-22,Paid Search,55+,Female
2413,Henry,Lewis,henry.lewis2413@example.com,+1-585-346-5027,Chicago,IL,USA,2024-07-13,Referral,55+,Male
2414,William,Martin,william.martin2414@example.com,+1-585-819-6508,Austin,TX,USA,2024-02-07,Organic Search,35-44,Female
2415,Mia,Brown,mia.brown2415@example.com,+1-585-523-8712,New York,NY,USA,2024-10-12,Organic Search,55+,Other
2416,Lucas,Brown,lucas.brown2416@example.com,+1-585-978-9772,Denver,CO,USA,2024-09-10,Referral,25-34,Male
2417,William,Thomas,william.thomas2417@example.com,+1-585-167-3630,Boston,MA,USA,2024-02-23,Referral,25-34,Female
2418,Harper,White,harper.white2418@example.com,+1-585-761-2372,Chicago,IL,USA,2024-03-02,Paid Search,35-44,Female
2419,Isabella,Johnson,isabella.johnson2419@example.com,+1-585-198-7089,Dallas,TX,USA,2024-06-28,Display,18-24,Female
2420,Isabella,Martin,isabella.martin2420@example.com,+1-585-791-7801,Miami,FL,USA,2025-01-07,Email,35-44,Other
2421,Noah,Brown,noah.brown2421@example.com,+1-585-859-5818,Seattle,WA,USA,2024-08-07,Display,45-54,Other
2422,Emma,Martinez,emma.martinez2422@example.com,+1-585-424-6772,San Francisco,CA,USA,2024-05-13,Display,35-44,Male
2423,Oliver,Johnson,oliver.johnson2423@example.com,+1-585-888-1598,Seattle,WA,USA,2024-08-01,Referral,55+,Male
2424,Ava,Taylor,ava.taylor2424@example.com,+1-585-267-9630,San Francisco,CA,USA,2024-07-03,Display,55+,Female
2425,Emma,Walker,emma.walker2425@example.com,+1-585-341-7086,Miami,FL,USA,2024-10-09,Social,25-34,Male
2426,Olivia,Anderson,olivia.anderson2426@example.com,+1-585-133-1122,Boston,MA,USA,2024-06-12,Email,55+,Other
2427,Isabella,Garcia,isabella.garcia2427@example.com,+1-585-265-7948,New York,NY,USA,2025-01-02,Organic Search,45-54,Other
2428,Amelia,Walker,amelia.walker2428@example.com,+1-585-595-7532,Denver,CO,USA,2024-04-01,Paid Search,35-44,Female
2429,Olivia,Thompson,olivia.thompson2429@example.com,+1-585-243-9939,Seattle,WA,USA,2024-10-17,Paid Search,55+,Female
2430,Benjamin,Young,benjamin.young2430@example.com,+1-585-363-2965,Dallas,TX,USA,2024-12-04,Referral,35-44,Male
2431,Emma,White,emma.white2431@example.com,+1-585-517-8224,Miami,FL,USA,2025-02-09,Email,55+,Male
2432,Lucas,Clark,lucas.clark2432@example.com,+1-585-686-5641,Seattle,WA,USA,2025-01-01,Organic Search,45-54,Other
2433,Olivia,Martin,olivia.martin2433@example.com,+1-585-817-4221,Atlanta,GA,USA,2024-11-08,Paid Search,18-24,Other
2434,Olivia,Davis,olivia.davis2434@example.com,+1-585-292-3785,Denver,CO,USA,2024-06-19,Email,35-44,Male
2435,William,Anderson,william.anderson2435@example.com,+1-585-784-7034,New York,NY,USA,2024-08-26,Social,18-24,Female
2436,Benjamin,Garcia,benjamin.garcia2436@example.com,+1-585-966-9505,Miami,FL,USA,2024-07-15,Display,55+,Female
2437,Sophia,Lewis,sophia.lewis2437@example.com,+1-585-725-5587,Chicago,IL,USA,2024-06-05,Paid Search,35-44,Other
2438,Lucas,Thomas,lucas.thomas2438@example.com,+1-585-657-9580,New York,NY,USA,2024-05-28,Social,35-44,Female
2439,Lucas,Davis,lucas.davis2439@example.com,+1-585-310-4065,San Francisco,CA,USA,2024-10-12,Organic Search,35-44,Other
2440,James,Young,james.young2440@example.com,+1-585-234-8900,Denver,CO,USA,2024-06-04,Display,55+,Female
2441,William,Perez,william.perez2441@example.com,+1-585-395-9966,Dallas,TX,USA,2024-10-12,Email,35-44,Other
2442,Noah,White,noah.white2442@example.com,+1-585-617-4095,San Francisco,CA,USA,2024-10-10,Organic Search,45-54,Male
2443,Ava,Lee,ava.lee2443@example.com,+1-585-593-2067,Atlanta,GA,USA,2024-05-10,Paid Search,55+,Female
2444,Charlotte,Lewis,charlotte.lewis2444@example.com,+1-585-176-2908,Atlanta,GA,USA,2024-04-24,Referral,55+,Male
2445,Sophia,Harris,sophia.harris2445@example.com,+1-585-988-4843,Denver,CO,USA,2024-03-23,Paid Search,45-54,Female
2446,Elijah,Taylor,elijah.taylor2446@example.com,+1-585-333-1919,Boston,MA,USA,2024-05-05,Referral,18-24,Female
2447,Olivia,Thompson,olivia.thompson2447@example.com,+1-585-935-9483,Denver,CO,USA,2025-07-17,Referral,35-44,Other
2448,Harper,Anderson,harper.anderson2448@example.com,+1-585-807-6448,Denver,CO,USA,2024-06-01,Referral,45-54,Female
2449,James,Lewis,james.lewis2449@example.com,+1-585-284-9782,Seattle,WA,USA,2025-08-01,Email,45-54,Female
2450,Henry,Jackson,henry.jackson2450@example.com,+1-585-726-5520,Seattle,WA,USA,2024-10-02,Email,35-44,Female
2451,Olivia,Perez,olivia.perez2451@example.com,+1-585-222-7587,Denver,CO,USA,2024-06-04,Organic Search,25-34,Other
2452,Charlotte,Perez,charlotte.perez2452@example.com,+1-585-300-5228,Seattle,WA,USA,2024-07-03,Display,18-24,Other
2453,Liam,Thomas,liam.thomas2453@example.com,+1-585-250-3232,Denver,CO,USA,2024-12-24,Organic Search,25-34,Other
2454,Olivia,Garcia,olivia.garcia2454@example.com,+1-585-408-4533,Boston,MA,USA,2024-08-09,Display,55+,Other
2455,Mia,White,mia.white2455@example.com,+1-585-299-8054,Atlanta,GA,USA,2024-06-07,Paid Search,25-34,Male
2456,Charlotte,Johnson,charlotte.johnson2456@example.com,+1-585-164-4315,Austin,TX,USA,2024-05-26,Email,35-44,Female
2457,Theodore,Thomas,theodore.thomas2457@example.com,+1-585-480-8555,Boston,MA,USA,2024-07-11,Organic Search,45-54,Male
2458,Oliver,Anderson,oliver.anderson2458@example.com,+1-585-373-7451,San Francisco,CA,USA,2024-03-21,Referral,18-24,Female
2459,Henry,Smith,henry.smith2459@example.com,+1-585-994-6847,Dallas,TX,USA,2024-03-09,Referral,45-54,Male
2460,Charlotte,Lewis,charlotte.lewis2460@example.com,+1-585-967-9526,Chicago,IL,USA,2024-11-17,Paid Search,55+,Male
2461,Mia,Johnson,mia.johnson2461@example.com,+1-585-436-8054,Atlanta,GA,USA,2024-11-03,Social,18-24,Female
2462,William,Walker,william.walker2462@example.com,+1-585-471-3818,New York,NY,USA,2024-08-07,Display,45-54,Male
2463,Emma,Young,emma.young2463@example.com,+1-585-743-1437,San Francisco,CA,USA,2024-09-08,Paid Search,18-24,Other
2464,Elijah,Davis,elijah.davis2464@example.com,+1-585-465-8894,Austin,TX,USA,2024-08-03,Referral,35-44,Female
2465,Evelyn,Martin,evelyn.martin2465@example.com,+1-585-448-9472,Seattle,WA,USA,2024-07-05,Email,55+,Male
2466,Elijah,Johnson,elijah.johnson2466@example.com,+1-585-207-3450,Atlanta,GA,USA,2024-01-21,Display,18-24,Female
2467,Lucas,Walker,lucas.walker2467@example.com,+1-585-556-3412,Chicago,IL,USA,2025-02-13,Referral,35-44,Other
2468,Amelia,Perez,amelia.perez2468@example.com,+1-585-315-3913,Miami,FL,USA,2025-05-20,Paid Search,25-34,Female
2469,Noah,Thompson,noah.thompson2469@example.com,+1-585-829-7371,New York,NY,USA,2024-06-13,Email,55+,Female
2470,William,White,william.white2470@example.com,+1-585-637-4140,Boston,MA,USA,2024-03-11,Email,55+,Female
2471,Charlotte,Thomas,charlotte.thomas2471@example.com,+1-585-490-7557,Seattle,WA,USA,2024-08-15,Referral,55+,Male
2472,Liam,Perez,liam.perez2472@example.com,+1-585-956-5465,Atlanta,GA,USA,2024-08-23,Organic Search,25-34,Other
2473,Henry,Martinez,henry.martinez2473@example.com,+1-585-883-3699,Dallas,TX,USA,2025-02-12,Email,18-24,Other
2474,James,Harris,james.harris2474@example.com,+1-585-614-2823,Dallas,TX,USA,2025-01-18,Organic Search,18-24,Female
2475,Sophia,Lewis,sophia.lewis2475@example.com,+1-585-344-5388,Atlanta,GA,USA,2025-01-07,Display,35-44,Other
2476,Isabella,Harris,isabella.harris2476@example.com,+1-585-124-6609,Chicago,IL,USA,2024-05-31,Display,45-54,Other
2477,Benjamin,Young,benjamin.young2477@example.com,+1-585-266-5665,Chicago,IL,USA,2024-07-16,Display,35-44,Other
2478,Oliver,Thomas,oliver.thomas2478@example.com,+1-585-956-8777,Dallas,TX,USA,2025-03-07,Referral,35-44,Female
2479,William,Walker,william.walker2479@example.com,+1-585-893-5591,Chicago,IL,USA,2024-09-25,Email,18-24,Other
2480,Theodore,Davis,theodore.davis2480@example.com,+1-585-206-7134,Denver,CO,USA,2024-02-29,Social,45-54,Other
2481,Liam,Martin,liam.martin2481@example.com,+1-585-148-6288,New York,NY,USA,2025-01-12,Organic Search,35-44,Female
2482,Harper,Davis,harper.davis2482@example.com,+1-585-973-5301,Austin,TX,USA,2024-05-16,Referral,55+,Other
2483,Evelyn,Clark,evelyn.clark2483@example.com,+1-585-379-5294,Atlanta,GA,USA,2024-08-05,Social,25-34,Female
2484,Elijah,Taylor,elijah.taylor2484@example.com,+1-585-365-9090,Seattle,WA,USA,2024-05-15,Social,55+,Other
2485,Amelia,Perez,amelia.perez2485@example.com,+1-585-560-7896,Atlanta,GA,USA,2024-05-03,Referral,45-54,Female
2486,William,White,william.white2486@example.com,+1-585-805-7362,Miami,FL,USA,2024-07-04,Referral,55+,Other
2487,Mia,Smith,mia.smith2487@example.com,+1-585-435-2886,Seattle,WA,USA,2024-05-21,Display,25-34,Other
2488,Amelia,Thomas,amelia.thomas2488@example.com,+1-585-658-6479,Boston,MA,USA,2024-05-22,Social,35-44,Female
2489,James,Walker,james.walker2489@example.com,+1-585-340-3132,Dallas,TX,USA,2024-03-04,Social,35-44,Female
2490,Lucas,Walker,lucas.walker2490@example.com,+1-585-616-6642,Austin,TX,USA,2024-07-10,Paid Search,35-44,Female
2491,Elijah,Young,elijah.young2491@example.com,+1-585-454-4860,Atlanta,GA,USA,2024-10-08,Referral,55+,Female
2492,Harper,Smith,harper.smith2492@example.com,+1-585-170-1710,Austin,TX,USA,2024-08-09,Email,45-54,Other
2493,Evelyn,Smith,evelyn.smith2493@example.com,+1-585-595-6493,Miami,FL,USA,2024-07-14,Referral,45-54,Female
2494,Sophia,Harris,sophia.harris2494@example.com,+1-585-859-7398,Atlanta,GA,USA,2024-05-26,Social,25-34,Male
2495,Theodore,Garcia,theodore.garcia2495@example.com,+1-585-628-5222,San Francisco,CA,USA,2024-05-07,Organic Search,35-44,Male
2496,Oliver,Johnson,oliver.johnson2496@example.com,+1-585-108-2967,Seattle,WA,USA,2024-11-15,Referral,45-54,Female
2497,Charlotte,Perez,charlotte.perez2497@example.com,+1-585-357-6326,Seattle,WA,USA,2024-02-14,Referral,45-54,Female
2498,Benjamin,Johnson,benjamin.johnson2498@example.com,+1-585-440-8643,Denver,CO,USA,2024-12-01,Referral,35-44,Other
2499,James,Clark,james.clark2499@example.com,+1-585-762-2250,Boston,MA,USA,2024-03-04,Social,45-54,Other
2500,Harper,Lee,harper.lee2500@example.com,+1-585-432-9978,New York,NY,USA,2024-06-10,Referral,25-34,Other
2501,Mia,Martinez,mia.martinez2501@example.com,+1-585-434-4130,New York,NY,USA,2024-05-18,Display,25-34,Male
2502,Sophia,White,sophia.white2502@example.com,+1-585-858-3241,Boston,MA,USA,2024-08-12,Organic Search,55+,Other
2503,Evelyn,Walker,evelyn.walker2503@example.com,+1-585-287-1632,New York,NY,USA,2024-03-09,Email,55+,Male
2504,Charlotte,Martinez,charlotte.martinez2504@example.com,+1-585-511-2900,Austin,TX,USA,2024-02-12,Display,35-44,Other
2505,Liam,Walker,liam.walker2505@example.com,+1-585-807-1414,Miami,FL,USA,2024-10-04,Referral,25-34,Female
2506,Charlotte,Garcia,charlotte.garcia2506@example.com,+1-585-394-9250,Austin,TX,USA,2024-11-24,Paid Search,35-44,Female
2507,Amelia,Lee,amelia.lee2507@example.com,+1-585-439-2113,New York,NY,USA,2024-05-21,Organic Search,18-24,Female
2508,Elijah,Walker,elijah.walker2508@example.com,+1-585-878-9446,Denver,CO,USA,2025-06-25,Social,55+,Female
2509,Benjamin,Lewis,benjamin.lewis2509@example.com,+1-585-248-8973,Seattle,WA,USA,2024-05-10,Referral,25-34,Female
2510,Amelia,Davis,amelia.davis2510@example.com,+1-585-801-6371,Seattle,WA,USA,2024-05-25,Referral,25-34,Female
2511,William,Johnson,william.johnson2511@example.com,+1-585-942-4593,Seattle,WA,USA,2024-04-13,Display,45-54,Male
2512,Olivia,Thomas,olivia.thomas2512@example.com,+1-585-157-7611,Boston,MA,USA,2024-06-04,Paid Search,25-34,Male
2513,Theodore,Martin,theodore.martin2513@example.com,+1-585-833-6543,Austin,TX,USA,2025-02-05,Display,18-24,Female
2514,Evelyn,Young,evelyn.young2514@example.com,+1-585-676-8929,Miami,FL,USA,2024-09-11,Paid Search,45-54,Other
2515,Amelia,Thomas,amelia.thomas2515@example.com,+1-585-782-5045,Seattle,WA,USA,2024-10-10,Display,45-54,Female
2516,Amelia,White,amelia.white2516@example.com,+1-585-737-8922,Denver,CO,USA,2024-10-05,Organic Search,45-54,Female
2517,Elijah,Martinez,elijah.martinez2517@example.com,+1-585-567-1891,Denver,CO,USA,2024-07-04,Referral,35-44,Female
2518,Evelyn,Johnson,evelyn.johnson2518@example.com,+1-585-472-7542,Austin,TX,USA,2024-04-16,Email,35-44,Female
2519,James,Davis,james.davis2519@example.com,+1-585-979-6552,Boston,MA,USA,2024-10-14,Organic Search,45-54,Other
2520,Charlotte,Thomas,charlotte.thomas2520@example.com,+1-585-225-3890,Seattle,WA,USA,2024-12-24,Organic Search,45-54,Male
2521,Lucas,Smith,lucas.smith2521@example.com,+1-585-155-4126,San Francisco,CA,USA,2024-12-06,Email,45-54,Other
2522,Mia,Smith,mia.smith2522@example.com,+1-585-920-5183,Boston,MA,USA,2024-04-29,Organic Search,18-24,Other
2523,Sophia,Johnson,sophia.johnson2523@example.com,+1-585-243-4154,Miami,FL,USA,2024-03-27,Referral,55+,Other
2524,William,Thompson,william.thompson2524@example.com,+1-585-548-9519,Miami,FL,USA,2024-04-16,Email,25-34,Female
2525,Henry,Anderson,henry.anderson2525@example.com,+1-585-319-4535,Dallas,TX,USA,2024-08-17,Organic Search,18-24,Female
2526,Noah,Smith,noah.smith2526@example.com,+1-585-621-1126,Atlanta,GA,USA,2024-02-01,Social,25-34,Male
2527,Elijah,Lewis,elijah.lewis2527@example.com,+1-585-761-8932,Atlanta,GA,USA,2025-07-04,Social,18-24,Male
2528,James,Garcia,james.garcia2528@example.com,+1-585-436-1256,Austin,TX,USA,2024-10-03,Referral,45-54,Female
2529,Evelyn,Brown,evelyn.brown2529@example.com,+1-585-592-7911,New York,NY,USA,2024-06-28,Organic Search,25-34,Other
2530,Olivia,Taylor,olivia.taylor2530@example.com,+1-585-850-8638,Austin,TX,USA,2024-07-25,Display,25-34,Male
2531,Isabella,Johnson,isabella.johnson2531@example.com,+1-585-319-5331,Atlanta,GA,USA,2024-08-12,Paid Search,18-24,Male
2532,Noah,Brown,noah.brown2532@example.com,+1-585-773-2458,Atlanta,GA,USA,2024-06-12,Display,25-34,Female
2533,Isabella,Anderson,isabella.anderson2533@example.com,+1-585-326-7611,San Francisco,CA,USA,2024-05-19,Email,55+,Male
2534,Isabella,Johnson,isabella.johnson2534@example.com,+1-585-260-5459,Miami,FL,USA,2024-03-29,Social,55+,Female
2535,Charlotte,White,charlotte.white2535@example.com,+1-585-417-9152,Seattle,WA,USA,2025-02-18,Referral,25-34,Female
2536,James,Walker,james.walker2536@example.com,+1-585-942-4205,Miami,FL,USA,2024-10-23,Organic Search,45-54,Male
2537,Sophia,Thompson,sophia.thompson2537@example.com,+1-585-511-7054,Seattle,WA,USA,2024-06-11,Email,18-24,Male
2538,Amelia,Jackson,amelia.jackson2538@example.com,+1-585-666-9708,New York,NY,USA,2024-07-01,Organic Search,25-34,Female
2539,Ava,Walker,ava.walker2539@example.com,+1-585-197-4506,Dallas,TX,USA,2024-02-08,Organic Search,55+,Other
2540,Charlotte,White,charlotte.white2540@example.com,+1-585-544-3517,Miami,FL,USA,2025-03-26,Social,18-24,Female
2541,Henry,Garcia,henry.garcia2541@example.com,+1-585-941-8665,Denver,CO,USA,2024-02-22,Display,25-34,Other
2542,Amelia,Walker,amelia.walker2542@example.com,+1-585-404-1282,Boston,MA,USA,2025-02-11,Display,55+,Female
2543,Oliver,Thomas,oliver.thomas2543@example.com,+1-585-616-4993,Dallas,TX,USA,2024-08-06,Email,18-24,Male
2544,Theodore,Perez,theodore.perez2544@example.com,+1-585-142-9818,Dallas,TX,USA,2024-04-09,Display,25-34,Male
2545,Sophia,Lee,sophia.lee2545@example.com,+1-585-839-9669,Chicago,IL,USA,2024-09-21,Email,35-44,Female
2546,Ava,Brown,ava.brown2546@example.com,+1-585-151-3442,Chicago,IL,USA,2024-03-06,Email,45-54,Female
2547,Lucas,Lewis,lucas.lewis2547@example.com,+1-585-454-3772,Denver,CO,USA,2024-03-20,Display,45-54,Female
2548,Oliver,Jackson,oliver.jackson2548@example.com,+1-585-168-5913,Denver,CO,USA,2024-06-02,Email,35-44,Male
2549,Amelia,Brown,amelia.brown2549@example.com,+1-585-308-5566,Denver,CO,USA,2024-12-04,Social,55+,Female
2550,Emma,Davis,emma.davis2550@example.com,+1-585-356-4396,Denver,CO,USA,2024-10-04,Referral,45-54,Male
2551,Harper,Johnson,harper.johnson2551@example.com,+1-585-810-3998,Dallas,TX,USA,2024-06-04,Email,18-24,Other
2552,Theodore,Thompson,theodore.thompson2552@example.com,+1-585-580-7108,Atlanta,GA,USA,2024-07-14,Display,18-24,Male
2553,Mia,Lee,mia.lee2553@example.com,+1-585-624-2243,Boston,MA,USA,2024-10-03,Organic Search,55+,Other
2554,Harper,Walker,harper.walker2554@example.com,+1-585-905-4812,Seattle,WA,USA,2024-10-19,Email,35-44,Female
2555,Theodore,White,theodore.white2555@example.com,+1-585-212-5388,San Francisco,CA,USA,2025-04-25,Referral,55+,Male
2556,Lucas,Harris,lucas.harris2556@example.com,+1-585-753-5039,Dallas,TX,USA,2024-08-15,Email,18-24,Other
2557,William,Taylor,william.taylor2557@example.com,+1-585-471-4258,Chicago,IL,USA,2024-11-12,Display,25-34,Other
2558,Charlotte,Davis,charlotte.davis2558@example.com,+1-585-122-1508,Miami,FL,USA,2024-02-08,Display,35-44,Male
2559,Henry,Thomas,henry.thomas2559@example.com,+1-585-454-9105,Austin,TX,USA,2024-03-11,Organic Search,35-44,Male
2560,Henry,Young,henry.young2560@example.com,+1-585-754-9327,Dallas,TX,USA,2024-03-20,Email,45-54,Other
2561,Amelia,Clark,amelia.clark2561@example.com,+1-585-708-3542,Dallas,TX,USA,2024-08-18,Display,18-24,Female
2562,Ava,White,ava.white2562@example.com,+1-585-632-6580,Miami,FL,USA,2024-11-13,Referral,55+,Male
2563,Olivia,White,olivia.white2563@example.com,+1-585-528-7004,Austin,TX,USA,2024-11-04,Organic Search,55+,Male
2564,Mia,Perez,mia.perez2564@example.com,+1-585-923-3673,Atlanta,GA,USA,2024-08-29,Display,25-34,Female
2565,William,Young,william.young2565@example.com,+1-585-426-9503,Atlanta,GA,USA,2024-10-01,Paid Search,55+,Male
2566,Lucas,Anderson,lucas.anderson2566@example.com,+1-585-107-8566,Seattle,WA,USA,2024-05-14,Display,18-24,Female
2567,Sophia,Lee,sophia.lee2567@example.com,+1-585-442-8553,San Francisco,CA,USA,2024-08-22,Display,45-54,Other
2568,Harper,Thompson,harper.thompson2568@example.com,+1-585-599-6051,Atlanta,GA,USA,2025-03-03,Social,18-24,Female
2569,Benjamin,Thompson,benjamin.thompson2569@example.com,+1-585-743-6587,Seattle,WA,USA,2024-02-08,Email,18-24,Male
2570,Ava,Jackson,ava.jackson2570@example.com,+1-585-559-3687,Dallas,TX,USA,2024-08-11,Referral,25-34,Female
2571,Charlotte,Martin,charlotte.martin2571@example.com,+1-585-329-3390,Boston,MA,USA,2024-08-06,Paid Search,35-44,Female
2572,Elijah,Perez,elijah.perez2572@example.com,+1-585-451-9052,New York,NY,USA,2024-07-15,Paid Search,35-44,Other
2573,Olivia,Jackson,olivia.jackson2573@example.com,+1-585-192-8824,Chicago,IL,USA,2024-06-21,Referral,55+,Male
2574,Emma,Clark,emma.clark2574@example.com,+1-585-746-3241,Seattle,WA,USA,2024-06-26,Referral,55+,Other
2575,Harper,Thomas,harper.thomas2575@example.com,+1-585-268-6030,Miami,FL,USA,2025-05-11,Paid Search,55+,Male
2576,Evelyn,Thompson,evelyn.thompson2576@example.com,+1-585-846-2376,San Francisco,CA,USA,2024-01-24,Email,45-54,Female
2577,Ava,Thompson,ava.thompson2577@example.com,+1-585-235-7301,Austin,TX,USA,2024-11-16,Paid Search,25-34,Male
2578,Henry,Martinez,henry.martinez2578@example.com,+1-585-714-4287,Austin,TX,USA,2025-03-27,Referral,45-54,Male
2579,Liam,Thomas,liam.thomas2579@example.com,+1-585-892-5396,Austin,TX,USA,2024-09-23,Email,55+,Female
2580,Ava,Anderson,ava.anderson2580@example.com,+1-585-677-1949,Denver,CO,USA,2024-04-13,Referral,25-34,Female
2581,Sophia,Anderson,sophia.anderson2581@example.com,+1-585-925-8021,Miami,FL,USA,2024-10-16,Referral,18-24,Other
2582,Emma,Clark,emma.clark2582@example.com,+1-585-324-6812,Atlanta,GA,USA,2024-04-11,Display,55+,Female
2583,Theodore,Young,theodore.young2583@example.com,+1-585-600-7954,Boston,MA,USA,2024-08-17,Organic Search,35-44,Other
2584,Lucas,White,lucas.white2584@example.com,+1-585-844-6359,Atlanta,GA,USA,2024-03-06,Social,45-54,Male
2585,William,Anderson,william.anderson2585@example.com,+1-585-841-3549,Boston,MA,USA,2025-03-10,Paid Search,18-24,Other
2586,Liam,Martin,liam.martin2586@example.com,+1-585-452-4837,New York,NY,USA,2024-07-14,Referral,35-44,Female
2587,Oliver,Lewis,oliver.lewis2587@example.com,+1-585-887-9270,Denver,CO,USA,2024-04-06,Email,35-44,Female
2588,Olivia,Smith,olivia.smith2588@example.com,+1-585-262-9864,San Francisco,CA,USA,2024-05-04,Referral,55+,Male
2589,Olivia,Martinez,olivia.martinez2589@example.com,+1-585-739-4465,Chicago,IL,USA,2024-05-12,Referral,55+,Male
2590,Henry,Garcia,henry.garcia2590@example.com,+1-585-308-2450,Boston,MA,USA,2024-08-07,Organic Search,18-24,Other
2591,Olivia,Harris,olivia.harris2591@example.com,+1-585-104-3015,New York,NY,USA,2024-05-24,Email,55+,Other
2592,Amelia,Davis,amelia.davis2592@example.com,+1-585-905-5074,Miami,FL,USA,2024-06-08,Email,45-54,Male
2593,Charlotte,Smith,charlotte.smith2593@example.com,+1-585-168-1308,Atlanta,GA,USA,2024-04-09,Organic Search,55+,Other
2594,Liam,Jackson,liam.jackson2594@example.com,+1-585-389-6796,New York,NY,USA,2024-05-19,Social,45-54,Male
2595,Harper,Anderson,harper.anderson2595@example.com,+1-585-695-1044,Chicago,IL,USA,2025-01-20,Paid Search,55+,Male
2596,James,Martin,james.martin2596@example.com,+1-585-294-6245,Miami,FL,USA,2024-08-05,Email,45-54,Other
2597,Harper,Martinez,harper.martinez2597@example.com,+1-585-763-7373,Miami,FL,USA,2024-05-13,Referral,45-54,Other
2598,Isabella,Thomas,isabella.thomas2598@example.com,+1-585-778-1006,Atlanta,GA,USA,2024-12-24,Social,55+,Female
2599,Oliver,Harris,oliver.harris2599@example.com,+1-585-986-7889,Boston,MA,USA,2024-07-20,Social,18-24,Male
2600,Theodore,White,theodore.white2600@example.com,+1-585-778-8484,San Francisco,CA,USA,2024-12-11,Email,25-34,Other
2601,Ava,Garcia,ava.garcia2601@example.com,+1-585-148-3002,Miami,FL,USA,2024-07-02,Display,25-34,Other
2602,James,Perez,james.perez2602@example.com,+1-585-696-1684,New York,NY,USA,2024-07-23,Email,35-44,Male
2603,Isabella,Clark,isabella.clark2603@example.com,+1-585-678-4305,Denver,CO,USA,2024-02-18,Paid Search,35-44,Male
2604,Sophia,Young,sophia.young2604@example.com,+1-585-356-3130,Seattle,WA,USA,2024-10-11,Referral,25-34,Other
2605,Mia,Johnson,mia.johnson2605@example.com,+1-585-337-3218,Austin,TX,USA,2024-12-14,Social,55+,Other
2606,Elijah,Smith,elijah.smith2606@example.com,+1-585-594-5605,Miami,FL,USA,2024-06-14,Social,25-34,Female
2607,Charlotte,Thompson,charlotte.thompson2607@example.com,+1-585-705-1710,Atlanta,GA,USA,2024-04-30,Organic Search,55+,Other
2608,Ava,Lee,ava.lee2608@example.com,+1-585-541-8817,New York,NY,USA,2024-03-27,Paid Search,45-54,Female
2609,Sophia,Taylor,sophia.taylor2609@example.com,+1-585-933-2581,Boston,MA,USA,2024-04-03,Paid Search,18-24,Female
2610,Mia,Martin,mia.martin2610@example.com,+1-585-883-9233,San Francisco,CA,USA,2024-10-11,Social,35-44,Other
2611,Charlotte,Thompson,charlotte.thompson2611@example.com,+1-585-137-5812,Atlanta,GA,USA,2024-10-04,Display,18-24,Male
2612,Ava,Walker,ava.walker2612@example.com,+1-585-769-4509,Seattle,WA,USA,2025-01-10,Social,35-44,Other
2613,Mia,Lee,mia.lee2613@example.com,+1-585-620-1238,Denver,CO,USA,2024-12-05,Referral,45-54,Other
2614,Henry,Lewis,henry.lewis2614@example.com,+1-585-100-2291,Seattle,WA,USA,2025-05-20,Organic Search,55+,Female
2615,Sophia,Harris,sophia.harris2615@example.com,+1-585-867-8444,Miami,FL,USA,2024-03-26,Social,25-34,Male
2616,Evelyn,Martin,evelyn.martin2616@example.com,+1-585-537-9929,New York,NY,USA,2024-07-01,Referral,18-24,Other
2617,Lucas,Lee,lucas.lee2617@example.com,+1-585-427-9900,San Francisco,CA,USA,2024-03-29,Organic Search,18-24,Female
2618,Isabella,Harris,isabella.harris2618@example.com,+1-585-660-8652,Austin,TX,USA,2024-09-14,Paid Search,18-24,Male
2619,Harper,Young,harper.young2619@example.com,+1-585-443-9458,Dallas,TX,USA,2025-02-16,Organic Search,18-24,Male
2620,Amelia,Harris,amelia.harris2620@example.com,+1-585-545-4641,San Francisco,CA,USA,2024-11-07,Referral,35-44,Female
2621,Mia,Clark,mia.clark2621@example.com,+1-585-230-5511,Boston,MA,USA,2024-10-16,Social,25-34,Other
2622,Benjamin,Young,benjamin.young2622@example.com,+1-585-766-7716,San Francisco,CA,USA,2024-06-07,Organic Search,18-24,Male
2623,Olivia,Taylor,olivia.taylor2623@example.com,+1-585-853-7841,Atlanta,GA,USA,2024-03-27,Organic Search,45-54,Female
2624,Benjamin,White,benjamin.white2624@example.com,+1-585-292-5417,Austin,TX,USA,2024-01-22,Referral,35-44,Male
2625,Olivia,Taylor,olivia.taylor2625@example.com,+1-585-164-9416,Denver,CO,USA,2024-03-28,Organic Search,55+,Female
2626,Noah,Garcia,noah.garcia2626@example.com,+1-585-752-6708,Boston,MA,USA,2024-06-27,Social,25-34,Other
2627,William,Smith,william.smith2627@example.com,+1-585-174-4739,Chicago,IL,USA,2024-02-26,Paid Search,35-44,Other
2628,Emma,Jackson,emma.jackson2628@example.com,+1-585-133-7156,Miami,FL,USA,2024-02-19,Paid Search,35-44,Female
2629,Benjamin,White,benjamin.white2629@example.com,+1-585-726-2731,Boston,MA,USA,2024-08-15,Organic Search,35-44,Male
2630,Sophia,Brown,sophia.brown2630@example.com,+1-585-292-8609,Boston,MA,USA,2024-06-29,Referral,25-34,Female
2631,Elijah,Anderson,elijah.anderson2631@example.com,+1-585-163-6091,Boston,MA,USA,2024-12-01,Referral,25-34,Male
2632,Lucas,Johnson,lucas.johnson2632@example.com,+1-585-269-4620,New York,NY,USA,2024-07-28,Social,35-44,Female
2633,Harper,Brown,harper.brown2633@example.com,+1-585-853-4951,Chicago,IL,USA,2024-04-29,Paid Search,18-24,Female
2634,Theodore,Lewis,theodore.lewis2634@example.com,+1-585-367-6508,Boston,MA,USA,2024-07-08,Organic Search,55+,Other
2635,Mia,Young,mia.young2635@example.com,+1-585-909-3427,Miami,FL,USA,2024-05-07,Email,45-54,Other
2636,Liam,Jackson,liam.jackson2636@example.com,+1-585-483-4578,Boston,MA,USA,2024-07-05,Email,45-54,Female
2637,Evelyn,Jackson,evelyn.jackson2637@example.com,+1-585-213-4215,Denver,CO,USA,2025-01-07,Social,55+,Other
2638,Noah,Brown,noah.brown2638@example.com,+1-585-868-3069,Atlanta,GA,USA,2025-08-03,Social,25-34,Female
2639,Ava,White,ava.white2639@example.com,+1-585-599-3332,San Francisco,CA,USA,2025-03-04,Email,55+,Male
2640,Emma,Young,emma.young2640@example.com,+1-585-902-1627,Atlanta,GA,USA,2024-05-11,Paid Search,18-24,Other
2641,James,Harris,james.harris2641@example.com,+1-585-160-9464,San Francisco,CA,USA,2024-03-16,Email,55+,Other
2642,Noah,Martinez,noah.martinez2642@example.com,+1-585-198-9554,Dallas,TX,USA,2024-02-13,Social,45-54,Male
2643,William,Garcia,william.garcia2643@example.com,+1-585-601-1300,Atlanta,GA,USA,2024-04-03,Organic Search,45-54,Other
2644,Elijah,Garcia,elijah.garcia2644@example.com,+1-585-808-3757,Austin,TX,USA,2024-04-23,Organic Search,25-34,Male
2645,Amelia,Clark,amelia.clark2645@example.com,+1-585-574-4859,Boston,MA,USA,2024-12-12,Email,55+,Other
2646,Mia,Lewis,mia.lewis2646@example.com,+1-585-949-2065,Boston,MA,USA,2024-02-14,Paid Search,18-24,Male
2647,Oliver,Harris,oliver.harris2647@example.com,+1-585-510-4793,New York,NY,USA,2024-10-19,Organic Search,55+,Male
2648,Noah,Lewis,noah.lewis2648@example.com,+1-585-185-4136,Denver,CO,USA,2024-08-24,Email,45-54,Female
2649,Benjamin,Martin,benjamin.martin2649@example.com,+1-585-372-8501,Dallas,TX,USA,2024-10-22,Organic Search,55+,Female
2650,Evelyn,Martinez,evelyn.martinez2650@example.com,+1-585-375-5549,Chicago,IL,USA,2024-04-22,Display,35-44,Other
2651,Lucas,Perez,lucas.perez2651@example.com,+1-585-423-2726,Atlanta,GA,USA,2024-04-25,Social,45-54,Other
2652,Evelyn,Thompson,evelyn.thompson2652@example.com,+1-585-851-6843,Dallas,TX,USA,2024-07-09,Display,55+,Male
2653,Harper,Thompson,harper.thompson2653@example.com,+1-585-221-3042,Seattle,WA,USA,2024-06-24,Referral,35-44,Other
2654,Elijah,Davis,elijah.davis2654@example.com,+1-585-448-6367,Denver,CO,USA,2024-05-09,Paid Search,55+,Female
2655,Henry,Taylor,henry.taylor2655@example.com,+1-585-787-4308,Seattle,WA,USA,2024-07-10,Email,35-44,Female
2656,Amelia,Smith,amelia.smith2656@example.com,+1-585-508-3632,Boston,MA,USA,2024-12-25,Organic Search,55+,Female
2657,Elijah,Taylor,elijah.taylor2657@example.com,+1-585-907-7152,Atlanta,GA,USA,2024-01-19,Referral,25-34,Other
2658,Henry,Johnson,henry.johnson2658@example.com,+1-585-551-1141,Atlanta,GA,USA,2024-04-16,Social,18-24,Female
2659,Olivia,Johnson,olivia.johnson2659@example.com,+1-585-419-1329,Denver,CO,USA,2024-02-02,Paid Search,45-54,Male
2660,Emma,Garcia,emma.garcia2660@example.com,+1-585-896-9550,Atlanta,GA,USA,2024-04-02,Referral,25-34,Female
2661,Noah,Davis,noah.davis2661@example.com,+1-585-667-9452,Seattle,WA,USA,2024-09-13,Referral,18-24,Male
2662,Henry,White,henry.white2662@example.com,+1-585-743-2686,Miami,FL,USA,2024-02-02,Email,45-54,Male
2663,Sophia,Anderson,sophia.anderson2663@example.com,+1-585-793-7166,San Francisco,CA,USA,2024-05-21,Referral,18-24,Male
2664,Benjamin,Johnson,benjamin.johnson2664@example.com,+1-585-895-8219,New York,NY,USA,2024-05-05,Referral,18-24,Other
2665,Liam,Johnson,liam.johnson2665@example.com,+1-585-530-1553,Miami,FL,USA,2024-07-17,Paid Search,25-34,Other
2666,Henry,Smith,henry.smith2666@example.com,+1-585-952-8880,New York,NY,USA,2024-06-29,Display,25-34,Female
2667,Sophia,Young,sophia.young2667@example.com,+1-585-486-7362,Dallas,TX,USA,2024-06-14,Referral,45-54,Other
2668,Oliver,Jackson,oliver.jackson2668@example.com,+1-585-432-5907,Austin,TX,USA,2024-08-13,Referral,45-54,Other
2669,Oliver,Lee,oliver.lee2669@example.com,+1-585-335-4161,Denver,CO,USA,2024-10-27,Social,55+,Male
2670,Mia,Lee,mia.lee2670@example.com,+1-585-279-4474,Miami,FL,USA,2024-03-03,Referral,25-34,Female
2671,James,Smith,james.smith2671@example.com,+1-585-425-4566,Atlanta,GA,USA,2024-11-10,Paid Search,25-34,Other
2672,Noah,Garcia,noah.garcia2672@example.com,+1-585-619-5030,New York,NY,USA,2025-03-11,Referral,45-54,Male
2673,Theodore,Lewis,theodore.lewis2673@example.com,+1-585-119-2945,Seattle,WA,USA,2024-06-06,Email,35-44,Other
2674,Benjamin,Martin,benjamin.martin2674@example.com,+1-585-267-9837,Atlanta,GA,USA,2024-11-04,Display,45-54,Female
2675,Emma,Walker,emma.walker2675@example.com,+1-585-380-1320,San Francisco,CA,USA,2024-09-06,Display,35-44,Male
2676,William,Martin,william.martin2676@example.com,+1-585-718-4373,New York,NY,USA,2024-04-06,Paid Search,25-34,Male
2677,Ava,Brown,ava.brown2677@example.com,+1-585-189-3401,Boston,MA,USA,2024-10-29,Organic Search,45-54,Female
2678,Lucas,Perez,lucas.perez2678@example.com,+1-585-449-5430,Denver,CO,USA,2025-02-26,Email,45-54,Female
2679,Ava,Anderson,ava.anderson2679@example.com,+1-585-118-4672,San Francisco,CA,USA,2024-10-01,Organic Search,35-44,Male
2680,Charlotte,Walker,charlotte.walker2680@example.com,+1-585-633-7940,Denver,CO,USA,2024-05-23,Organic Search,18-24,Other
2681,Henry,Martin,henry.martin2681@example.com,+1-585-329-3121,Chicago,IL,USA,2024-08-07,Social,18-24,Female
2682,James,Jackson,james.jackson2682@example.com,+1-585-497-4672,Dallas,TX,USA,2024-10-23,Paid Search,55+,Male
2683,Benjamin,White,benjamin.white2683@example.com,+1-585-725-8136,Boston,MA,USA,2024-02-13,Email,45-54,Female
2684,Elijah,Taylor,elijah.taylor2684@example.com,+1-585-174-7928,Miami,FL,USA,2024-03-30,Paid Search,45-54,Male
2685,Charlotte,Thomas,charlotte.thomas2685@example.com,+1-585-269-1728,Dallas,TX,USA,2024-08-04,Organic Search,18-24,Other
2686,Ava,Johnson,ava.johnson2686@example.com,+1-585-821-7607,Chicago,IL,USA,2024-07-16,Display,18-24,Female
2687,Liam,Thompson,liam.thompson2687@example.com,+1-585-241-8557,Chicago,IL,USA,2024-09-25,Paid Search,18-24,Other
2688,Henry,Smith,henry.smith2688@example.com,+1-585-733-1855,Chicago,IL,USA,2025-02-19,Email,18-24,Male
2689,Noah,Perez,noah.perez2689@example.com,+1-585-536-6744,Austin,TX,USA,2024-07-12,Paid Search,45-54,Other
2690,Theodore,Anderson,theodore.anderson2690@example.com,+1-585-989-9287,Boston,MA,USA,2024-06-02,Display,25-34,Female
2691,Evelyn,Thomas,evelyn.thomas2691@example.com,+1-585-248-1680,Austin,TX,USA,2024-03-25,Referral,45-54,Female
2692,Mia,Garcia,mia.garcia2692@example.com,+1-585-932-3033,Seattle,WA,USA,2024-11-05,Display,55+,Male
2693,Noah,Lewis,noah.lewis2693@example.com,+1-585-180-2460,Boston,MA,USA,2024-09-07,Paid Search,25-34,Male
2694,Charlotte,Brown,charlotte.brown2694@example.com,+1-585-648-9065,Miami,FL,USA,2024-06-25,Referral,25-34,Other
2695,Sophia,Lee,sophia.lee2695@example.com,+1-585-734-1514,Denver,CO,USA,2024-08-23,Paid Search,35-44,Other
2696,William,Smith,william.smith2696@example.com,+1-585-994-2892,Boston,MA,USA,2024-06-16,Email,25-34,Female
2697,Harper,Harris,harper.harris2697@example.com,+1-585-945-7498,New York,NY,USA,2024-12-26,Organic Search,18-24,Male
2698,Emma,Martin,emma.martin2698@example.com,+1-585-231-5540,San Francisco,CA,USA,2024-07-13,Referral,25-34,Female
2699,Oliver,Young,oliver.young2699@example.com,+1-585-991-9939,Boston,MA,USA,2024-10-15,Display,35-44,Female
2700,Olivia,Martin,olivia.martin2700@example.com,+1-585-265-3676,San Francisco,CA,USA,2024-08-06,Social,18-24,Male
2701,Isabella,Taylor,isabella.taylor2701@example.com,+1-585-496-7143,Boston,MA,USA,2024-11-11,Email,18-24,Other
2702,Noah,Lee,noah.lee2702@example.com,+1-585-923-6844,Seattle,WA,USA,2024-03-08,Organic Search,45-54,Female
2703,Liam,Walker,liam.walker2703@example.com,+1-585-901-6950,San Francisco,CA,USA,2024-05-21,Referral,25-34,Other
2704,William,Perez,william.perez2704@example.com,+1-585-930-9584,San Francisco,CA,USA,2025-01-18,Email,45-54,Other
2705,Charlotte,Harris,charlotte.harris2705@example.com,+1-585-562-7925,Denver,CO,USA,2024-06-29,Organic Search,35-44,Female
2706,Ava,Walker,ava.walker2706@example.com,+1-585-496-4241,Miami,FL,USA,2024-02-24,Referral,45-54,Female
2707,William,Walker,william.walker2707@example.com,+1-585-587-6329,Atlanta,GA,USA,2024-04-13,Referral,55+,Female
2708,Amelia,Lewis,amelia.lewis2708@example.com,+1-585-226-5055,Chicago,IL,USA,2024-08-21,Paid Search,55+,Male
2709,Harper,Clark,harper.clark2709@example.com,+1-585-865-5286,Austin,TX,USA,2024-02-11,Paid Search,18-24,Female
2710,Sophia,Perez,sophia.perez2710@example.com,+1-585-711-4897,New York,NY,USA,2024-09-11,Display,25-34,Male
2711,Henry,Young,henry.young2711@example.com,+1-585-301-3235,New York,NY,USA,2024-07-31,Paid Search,45-54,Female
2712,James,Brown,james.brown2712@example.com,+1-585-688-6959,Miami,FL,USA,2024-07-07,Email,55+,Other
2713,Benjamin,White,benjamin.white2713@example.com,+1-585-560-4917,Dallas,TX,USA,2025-01-07,Display,18-24,Female
2714,Theodore,Walker,theodore.walker2714@example.com,+1-585-118-2936,Chicago,IL,USA,2024-04-03,Email,45-54,Female
2715,Sophia,Martin,sophia.martin2715@example.com,+1-585-669-4084,Denver,CO,USA,2024-08-01,Referral,18-24,Other
2716,Theodore,Brown,theodore.brown2716@example.com,+1-585-657-3336,Austin,TX,USA,2024-02-03,Display,25-34,Other
2717,Emma,Smith,emma.smith2717@example.com,+1-585-508-7223,Dallas,TX,USA,2024-07-31,Referral,25-34,Other
2718,Ava,Thompson,ava.thompson2718@example.com,+1-585-655-4661,Dallas,TX,USA,2025-05-12,Social,45-54,Female
2719,Lucas,Anderson,lucas.anderson2719@example.com,+1-585-154-7720,New York,NY,USA,2024-01-16,Social,18-24,Male
2720,Mia,Walker,mia.walker2720@example.com,+1-585-693-7165,Seattle,WA,USA,2025-01-08,Organic Search,45-54,Other
2721,Henry,Anderson,henry.anderson2721@example.com,+1-585-272-7626,Boston,MA,USA,2024-06-03,Organic Search,35-44,Female
2722,Olivia,Jackson,olivia.jackson2722@example.com,+1-585-165-9752,Miami,FL,USA,2024-08-31,Referral,45-54,Male
2723,Olivia,Davis,olivia.davis2723@example.com,+1-585-380-6351,Austin,TX,USA,2024-05-27,Paid Search,25-34,Male
2724,Theodore,Brown,theodore.brown2724@example.com,+1-585-873-7694,Miami,FL,USA,2024-10-08,Paid Search,25-34,Male
2725,Harper,Perez,harper.perez2725@example.com,+1-585-865-4058,San Francisco,CA,USA,2025-01-21,Organic Search,45-54,Female
2726,William,Jackson,william.jackson2726@example.com,+1-585-425-5729,Austin,TX,USA,2024-12-30,Social,35-44,Male
2727,Henry,Lee,henry.lee2727@example.com,+1-585-582-6428,Austin,TX,USA,2025-05-05,Referral,25-34,Other
2728,Elijah,Walker,elijah.walker2728@example.com,+1-585-230-3985,Boston,MA,USA,2024-10-21,Email,45-54,Other
2729,Oliver,Perez,oliver.perez2729@example.com,+1-585-288-1479,Boston,MA,USA,2024-07-20,Referral,25-34,Other
2730,Harper,Martin,harper.martin2730@example.com,+1-585-815-5004,Atlanta,GA,USA,2024-05-28,Email,35-44,Other
2731,Amelia,Johnson,amelia.johnson2731@example.com,+1-585-925-3256,Dallas,TX,USA,2024-11-06,Organic Search,35-44,Female
2732,Sophia,Smith,sophia.smith2732@example.com,+1-585-908-1183,Dallas,TX,USA,2024-07-20,Paid Search,55+,Other
2733,Olivia,Garcia,olivia.garcia2733@example.com,+1-585-512-6175,Boston,MA,USA,2024-09-18,Referral,18-24,Other
2734,Amelia,Young,amelia.young2734@example.com,+1-585-707-7555,Austin,TX,USA,2024-04-16,Paid Search,35-44,Other
2735,Theodore,Perez,theodore.perez2735@example.com,+1-585-848-7874,Miami,FL,USA,2024-12-03,Paid Search,55+,Female
2736,Charlotte,Brown,charlotte.brown2736@example.com,+1-585-793-1098,Denver,CO,USA,2024-08-17,Referral,45-54,Male
2737,Elijah,Martinez,elijah.martinez2737@example.com,+1-585-213-5253,Seattle,WA,USA,2024-10-20,Social,55+,Female
2738,Benjamin,Martinez,benjamin.martinez2738@example.com,+1-585-401-5473,Denver,CO,USA,2025-02-06,Paid Search,35-44,Other
2739,Sophia,Thomas,sophia.thomas2739@example.com,+1-585-543-8152,Denver,CO,USA,2024-03-19,Referral,35-44,Male
2740,Amelia,Lewis,amelia.lewis2740@example.com,+1-585-325-7179,Austin,TX,USA,2024-07-28,Email,18-24,Male
2741,Henry,Garcia,henry.garcia2741@example.com,+1-585-657-7413,Atlanta,GA,USA,2024-12-31,Email,25-34,Other
2742,Harper,Martinez,harper.martinez2742@example.com,+1-585-659-9043,Dallas,TX,USA,2024-03-12,Email,18-24,Other
2743,Olivia,Garcia,olivia.garcia2743@example.com,+1-585-766-4298,New York,NY,USA,2025-02-22,Referral,25-34,Female
2744,Oliver,Clark,oliver.clark2744@example.com,+1-585-330-6844,New York,NY,USA,2024-04-10,Display,18-24,Male
2745,Oliver,Taylor,oliver.taylor2745@example.com,+1-585-633-9054,San Francisco,CA,USA,2024-03-13,Organic Search,18-24,Male
2746,Henry,Walker,henry.walker2746@example.com,+1-585-349-4635,Austin,TX,USA,2024-03-21,Email,35-44,Female
2747,Charlotte,Walker,charlotte.walker2747@example.com,+1-585-862-9883,Miami,FL,USA,2025-01-13,Referral,18-24,Other
2748,Liam,Walker,liam.walker2748@example.com,+1-585-895-1756,Chicago,IL,USA,2024-09-05,Paid Search,18-24,Other
2749,Emma,Walker,emma.walker2749@example.com,+1-585-230-5409,Dallas,TX,USA,2024-02-26,Email,55+,Other
2750,Harper,Brown,harper.brown2750@example.com,+1-585-358-6941,San Francisco,CA,USA,2024-01-25,Display,35-44,Female
2751,Mia,Lee,mia.lee2751@example.com,+1-585-970-4750,Chicago,IL,USA,2024-11-14,Paid Search,55+,Other
2752,Henry,Anderson,henry.anderson2752@example.com,+1-585-774-4185,San Francisco,CA,USA,2024-03-19,Social,25-34,Female
2753,Liam,Brown,liam.brown2753@example.com,+1-585-146-7203,Atlanta,GA,USA,2024-06-24,Display,35-44,Other
2754,Henry,Anderson,henry.anderson2754@example.com,+1-585-951-7566,Miami,FL,USA,2024-09-03,Email,45-54,Other
2755,Liam,Davis,liam.davis2755@example.com,+1-585-572-2351,San Francisco,CA,USA,2024-06-11,Referral,25-34,Female
2756,Lucas,Lewis,lucas.lewis2756@example.com,+1-585-740-9896,Atlanta,GA,USA,2024-07-16,Organic Search,45-54,Other
2757,Charlotte,Smith,charlotte.smith2757@example.com,+1-585-384-8103,San Francisco,CA,USA,2024-05-17,Display,45-54,Other
2758,Mia,Brown,mia.brown2758@example.com,+1-585-787-8331,Denver,CO,USA,2025-02-06,Social,25-34,Female
2759,Amelia,Clark,amelia.clark2759@example.com,+1-585-980-4710,New York,NY,USA,2024-04-18,Paid Search,25-34,Female
2760,James,Jackson,james.jackson2760@example.com,+1-585-418-1729,Austin,TX,USA,2024-04-17,Organic Search,25-34,Male
2761,Mia,Jackson,mia.jackson2761@example.com,+1-585-703-8388,Chicago,IL,USA,2024-07-13,Organic Search,35-44,Other
2762,Benjamin,Taylor,benjamin.taylor2762@example.com,+1-585-863-5736,Miami,FL,USA,2024-07-25,Organic Search,45-54,Male
2763,Oliver,White,oliver.white2763@example.com,+1-585-474-2955,Austin,TX,USA,2024-03-22,Email,18-24,Other
2764,James,Brown,james.brown2764@example.com,+1-585-895-2462,Miami,FL,USA,2024-10-27,Display,25-34,Male
2765,Olivia,Lewis,olivia.lewis2765@example.com,+1-585-886-1371,Austin,TX,USA,2025-03-15,Paid Search,35-44,Male
2766,Evelyn,Martinez,evelyn.martinez2766@example.com,+1-585-132-8119,Denver,CO,USA,2024-04-14,Referral,18-24,Female
2767,Theodore,Thompson,theodore.thompson2767@example.com,+1-585-661-6500,New York,NY,USA,2024-10-30,Display,18-24,Other
2768,Sophia,Brown,sophia.brown2768@example.com,+1-585-548-6172,Atlanta,GA,USA,2025-05-29,Organic Search,35-44,Other
2769,Lucas,Walker,lucas.walker2769@example.com,+1-585-325-6871,Denver,CO,USA,2024-04-14,Paid Search,55+,Female
2770,Elijah,Davis,elijah.davis2770@example.com,+1-585-272-4404,New York,NY,USA,2024-05-18,Social,18-24,Female
2771,Liam,Taylor,liam.taylor2771@example.com,+1-585-486-7896,Dallas,TX,USA,2024-02-12,Display,55+,Other
2772,Harper,Taylor,harper.taylor2772@example.com,+1-585-632-4365,Chicago,IL,USA,2024-05-17,Paid Search,25-34,Male
2773,Elijah,Thompson,elijah.thompson2773@example.com,+1-585-317-5760,San Francisco,CA,USA,2024-03-25,Social,25-34,Other
2774,Oliver,Davis,oliver.davis2774@example.com,+1-585-763-8777,Austin,TX,USA,2024-04-26,Display,55+,Other
2775,Lucas,Thomas,lucas.thomas2775@example.com,+1-585-320-9951,Chicago,IL,USA,2024-06-22,Paid Search,35-44,Female
2776,Oliver,Thomas,oliver.thomas2776@example.com,+1-585-845-9337,Miami,FL,USA,2024-06-07,Email,25-34,Other
2777,Ava,Davis,ava.davis2777@example.com,+1-585-510-9839,Boston,MA,USA,2024-12-09,Display,25-34,Male
2778,Oliver,Lewis,oliver.lewis2778@example.com,+1-585-565-2341,Chicago,IL,USA,2024-05-16,Email,25-34,Female
2779,Lucas,Thomas,lucas.thomas2779@example.com,+1-585-619-3557,Boston,MA,USA,2024-07-21,Paid Search,18-24,Female
2780,Olivia,Johnson,olivia.johnson2780@example.com,+1-585-291-8289,Boston,MA,USA,2024-07-12,Paid Search,35-44,Male
2781,Sophia,Martinez,sophia.martinez2781@example.com,+1-585-440-5797,New York,NY,USA,2024-12-10,Display,18-24,Other
2782,Harper,Martin,harper.martin2782@example.com,+1-585-114-4387,New York,NY,USA,2025-01-21,Referral,45-54,Other
2783,Harper,Taylor,harper.taylor2783@example.com,+1-585-531-3992,New York,NY,USA,2024-10-17,Social,35-44,Female
2784,Sophia,Clark,sophia.clark2784@example.com,+1-585-461-7629,Austin,TX,USA,2024-09-25,Email,18-24,Male
2785,Lucas,Garcia,lucas.garcia2785@example.com,+1-585-639-8415,Dallas,TX,USA,2024-05-20,Paid Search,55+,Other
2786,Emma,Clark,emma.clark2786@example.com,+1-585-890-3961,Miami,FL,USA,2024-11-02,Social,35-44,Other
2787,Charlotte,Garcia,charlotte.garcia2787@example.com,+1-585-333-7241,New York,NY,USA,2025-01-03,Email,55+,Female
2788,Elijah,Johnson,elijah.johnson2788@example.com,+1-585-423-3661,Seattle,WA,USA,2024-11-24,Organic Search,35-44,Male
2789,Henry,Taylor,henry.taylor2789@example.com,+1-585-767-6610,San Francisco,CA,USA,2024-06-23,Display,55+,Female
2790,Benjamin,Clark,benjamin.clark2790@example.com,+1-585-917-8843,New York,NY,USA,2025-01-28,Organic Search,25-34,Male
2791,Mia,Johnson,mia.johnson2791@example.com,+1-585-974-6718,New York,NY,USA,2024-12-24,Display,35-44,Male
2792,James,Lee,james.lee2792@example.com,+1-585-801-5740,Miami,FL,USA,2024-01-30,Referral,25-34,Male
2793,Amelia,Anderson,amelia.anderson2793@example.com,+1-585-445-6598,Boston,MA,USA,2024-01-24,Email,35-44,Male
2794,Charlotte,White,charlotte.white2794@example.com,+1-585-252-3610,Chicago,IL,USA,2024-06-27,Social,45-54,Male
2795,Elijah,Garcia,elijah.garcia2795@example.com,+1-585-479-5989,Seattle,WA,USA,2024-05-06,Referral,25-34,Other
2796,Sophia,Smith,sophia.smith2796@example.com,+1-585-891-9363,Atlanta,GA,USA,2024-10-20,Paid Search,18-24,Other
2797,Henry,Taylor,henry.taylor2797@example.com,+1-585-369-9938,Boston,MA,USA,2024-09-28,Organic Search,55+,Male
2798,Lucas,Clark,lucas.clark2798@example.com,+1-585-350-3286,Dallas,TX,USA,2024-04-03,Referral,45-54,Male
2799,Charlotte,Johnson,charlotte.johnson2799@example.com,+1-585-697-8189,Miami,FL,USA,2024-05-18,Display,25-34,Female
2800,Lucas,Brown,lucas.brown2800@example.com,+1-585-266-6925,Dallas,TX,USA,2024-12-06,Display,55+,Other
2801,William,Thompson,william.thompson2801@example.com,+1-585-956-2744,Miami,FL,USA,2024-06-03,Display,25-34,Other
2802,Harper,Jackson,harper.jackson2802@example.com,+1-585-375-1935,Austin,TX,USA,2024-11-18,Display,55+,Male
2803,Charlotte,Martinez,charlotte.martinez2803@example.com,+1-585-719-1870,Austin,TX,USA,2024-07-10,Referral,45-54,Other
2804,William,Lewis,william.lewis2804@example.com,+1-585-185-9132,Atlanta,GA,USA,2024-03-21,Display,45-54,Female
2805,Olivia,Taylor,olivia.taylor2805@example.com,+1-585-995-2215,Dallas,TX,USA,2024-10-29,Display,35-44,Male
2806,Evelyn,Thompson,evelyn.thompson2806@example.com,+1-585-254-5864,Dallas,TX,USA,2024-03-27,Organic Search,18-24,Female
2807,Elijah,Harris,elijah.harris2807@example.com,+1-585-194-5613,Seattle,WA,USA,2024-04-28,Paid Search,35-44,Female
2808,Amelia,Johnson,amelia.johnson2808@example.com,+1-585-108-9342,Chicago,IL,USA,2024-04-16,Referral,18-24,Female
2809,Oliver,Lewis,oliver.lewis2809@example.com,+1-585-323-1821,Chicago,IL,USA,2024-12-20,Social,55+,Other
2810,Benjamin,Clark,benjamin.clark2810@example.com,+1-585-534-4312,Chicago,IL,USA,2024-08-08,Referral,25-34,Male
2811,Benjamin,White,benjamin.white2811@example.com,+1-585-843-4530,Dallas,TX,USA,2024-06-16,Paid Search,25-34,Female
2812,James,Clark,james.clark2812@example.com,+1-585-110-6870,Chicago,IL,USA,2024-10-21,Paid Search,25-34,Male
2813,Oliver,Thompson,oliver.thompson2813@example.com,+1-585-970-8029,Austin,TX,USA,2024-04-06,Paid Search,45-54,Male
2814,Elijah,Lee,elijah.lee2814@example.com,+1-585-898-2515,New York,NY,USA,2025-04-30,Social,45-54,Male
2815,Noah,Anderson,noah.anderson2815@example.com,+1-585-995-1080,Seattle,WA,USA,2025-05-03,Referral,25-34,Other
2816,Henry,White,henry.white2816@example.com,+1-585-494-7757,San Francisco,CA,USA,2024-09-29,Social,25-34,Other
2817,Harper,Davis,harper.davis2817@example.com,+1-585-746-4917,Miami,FL,USA,2024-03-12,Referral,55+,Female
2818,Lucas,Smith,lucas.smith2818@example.com,+1-585-729-2305,San Francisco,CA,USA,2024-10-13,Display,35-44,Female
2819,Oliver,White,oliver.white2819@example.com,+1-585-730-5097,Dallas,TX,USA,2024-09-21,Organic Search,55+,Other
2820,Oliver,Young,oliver.young2820@example.com,+1-585-414-4409,New York,NY,USA,2024-02-22,Display,18-24,Female
2821,Isabella,Garcia,isabella.garcia2821@example.com,+1-585-620-7102,Dallas,TX,USA,2024-03-15,Email,25-34,Female
2822,Sophia,Johnson,sophia.johnson2822@example.com,+1-585-109-4628,Austin,TX,USA,2025-05-11,Referral,25-34,Male
2823,Isabella,Martinez,isabella.martinez2823@example.com,+1-585-799-5793,San Francisco,CA,USA,2025-01-21,Display,45-54,Male
2824,William,Davis,william.davis2824@example.com,+1-585-235-1962,Miami,FL,USA,2024-11-20,Organic Search,35-44,Other
2825,Liam,Harris,liam.harris2825@example.com,+1-585-951-4712,Boston,MA,USA,2024-05-08,Social,18-24,Other
2826,William,Anderson,william.anderson2826@example.com,+1-585-941-6240,Miami,FL,USA,2024-09-30,Paid Search,18-24,Female
2827,Noah,Perez,noah.perez2827@example.com,+1-585-478-2497,Atlanta,GA,USA,2024-04-08,Paid Search,55+,Male
2828,Elijah,Davis,elijah.davis2828@example.com,+1-585-703-8790,Boston,MA,USA,2024-03-30,Paid Search,25-34,Female
2829,Noah,Anderson,noah.anderson2829@example.com,+1-585-853-2070,Chicago,IL,USA,2024-06-27,Paid Search,25-34,Female
2830,Oliver,Lee,oliver.lee2830@example.com,+1-585-957-7987,New York,NY,USA,2024-06-28,Display,45-54,Female
2831,Elijah,Lee,elijah.lee2831@example.com,+1-585-298-5949,Dallas,TX,USA,2024-07-27,Social,35-44,Male
2832,Benjamin,Thomas,benjamin.thomas2832@example.com,+1-585-995-5947,San Francisco,CA,USA,2024-02-20,Social,45-54,Female
2833,Amelia,Young,amelia.young2833@example.com,+1-585-359-1840,San Francisco,CA,USA,2024-03-16,Display,18-24,Male
2834,James,Johnson,james.johnson2834@example.com,+1-585-572-8122,New York,NY,USA,2024-09-25,Display,18-24,Female
2835,Evelyn,Davis,evelyn.davis2835@example.com,+1-585-973-8574,Dallas,TX,USA,2024-08-31,Display,25-34,Female
2836,William,Walker,william.walker2836@example.com,+1-585-162-8534,Miami,FL,USA,2025-01-10,Social,35-44,Male
2837,Isabella,Harris,isabella.harris2837@example.com,+1-585-623-2948,Austin,TX,USA,2024-03-08,Paid Search,45-54,Female
2838,Emma,Thomas,emma.thomas2838@example.com,+1-585-559-9823,Chicago,IL,USA,2024-10-21,Referral,55+,Other
2839,Lucas,Garcia,lucas.garcia2839@example.com,+1-585-564-2693,Boston,MA,USA,2024-09-25,Referral,35-44,Other
2840,Mia,Clark,mia.clark2840@example.com,+1-585-502-5355,San Francisco,CA,USA,2024-08-21,Referral,18-24,Female
2841,Evelyn,Johnson,evelyn.johnson2841@example.com,+1-585-129-9751,Atlanta,GA,USA,2024-08-17,Organic Search,55+,Other
2842,Emma,Johnson,emma.johnson2842@example.com,+1-585-456-7365,Seattle,WA,USA,2024-10-11,Email,35-44,Other
2843,Emma,Jackson,emma.jackson2843@example.com,+1-585-533-8801,New York,NY,USA,2024-10-13,Organic Search,55+,Other
2844,William,Thomas,william.thomas2844@example.com,+1-585-976-9251,New York,NY,USA,2024-05-02,Paid Search,45-54,Male
2845,Benjamin,Martinez,benjamin.martinez2845@example.com,+1-585-818-9962,New York,NY,USA,2024-03-13,Referral,25-34,Male
2846,Harper,Harris,harper.harris2846@example.com,+1-585-759-8060,Atlanta,GA,USA,2024-08-24,Display,25-34,Male
2847,Lucas,Lewis,lucas.lewis2847@example.com,+1-585-470-1118,Austin,TX,USA,2024-04-09,Paid Search,55+,Other
2848,Henry,Jackson,henry.jackson2848@example.com,+1-585-629-1110,Seattle,WA,USA,2024-06-13,Display,35-44,Female
2849,Amelia,Thomas,amelia.thomas2849@example.com,+1-585-541-6996,Boston,MA,USA,2025-01-25,Email,25-34,Female
2850,Charlotte,Clark,charlotte.clark2850@example.com,+1-585-143-4261,San Francisco,CA,USA,2024-03-13,Organic Search,35-44,Female
2851,Emma,Perez,emma.perez2851@example.com,+1-585-134-2986,Dallas,TX,USA,2024-05-30,Organic Search,35-44,Female
2852,Ava,Martin,ava.martin2852@example.com,+1-585-338-6964,Austin,TX,USA,2024-02-17,Email,35-44,Male
2853,Lucas,Young,lucas.young2853@example.com,+1-585-986-3150,Austin,TX,USA,2024-10-20,Referral,55+,Male
2854,Elijah,Harris,elijah.harris2854@example.com,+1-585-780-7057,San Francisco,CA,USA,2024-12-04,Email,45-54,Other
2855,Evelyn,Lee,evelyn.lee2855@example.com,+1-585-385-9786,Atlanta,GA,USA,2024-06-22,Organic Search,35-44,Female
2856,Liam,Taylor,liam.taylor2856@example.com,+1-585-250-4264,Chicago,IL,USA,2024-06-29,Email,18-24,Other
2857,Amelia,Jackson,amelia.jackson2857@example.com,+1-585-841-5488,Denver,CO,USA,2024-08-27,Paid Search,35-44,Other
2858,Evelyn,Perez,evelyn.perez2858@example.com,+1-585-913-4722,Austin,TX,USA,2024-08-07,Referral,18-24,Male
2859,Emma,Taylor,emma.taylor2859@example.com,+1-585-620-7344,Austin,TX,USA,2024-07-16,Social,25-34,Male
2860,Noah,Walker,noah.walker2860@example.com,+1-585-281-7341,Dallas,TX,USA,2025-03-06,Display,45-54,Male
2861,Evelyn,Martin,evelyn.martin2861@example.com,+1-585-112-5621,Chicago,IL,USA,2024-03-12,Email,35-44,Other
2862,Benjamin,Walker,benjamin.walker2862@example.com,+1-585-340-9368,New York,NY,USA,2024-12-14,Organic Search,25-34,Male
2863,Liam,Lewis,liam.lewis2863@example.com,+1-585-827-8942,Seattle,WA,USA,2024-12-21,Email,18-24,Male
2864,James,Young,james.young2864@example.com,+1-585-222-3065,Denver,CO,USA,2024-02-20,Email,45-54,Male
2865,Mia,Young,mia.young2865@example.com,+1-585-134-7016,Denver,CO,USA,2024-11-12,Display,25-34,Other
2866,Noah,Brown,noah.brown2866@example.com,+1-585-880-3867,Boston,MA,USA,2024-10-13,Organic Search,18-24,Male
2867,James,Thompson,james.thompson2867@example.com,+1-585-670-3991,Boston,MA,USA,2024-07-26,Organic Search,25-34,Female
2868,James,Davis,james.davis2868@example.com,+1-585-689-3773,Chicago,IL,USA,2024-08-16,Social,45-54,Other
2869,Theodore,Lee,theodore.lee2869@example.com,+1-585-860-5281,Dallas,TX,USA,2024-11-29,Referral,25-34,Male
2870,Liam,Lewis,liam.lewis2870@example.com,+1-585-776-6552,New York,NY,USA,2024-06-03,Paid Search,25-34,Male
2871,Theodore,Thomas,theodore.thomas2871@example.com,+1-585-494-5680,Seattle,WA,USA,2024-05-08,Organic Search,35-44,Male
2872,Noah,Brown,noah.brown2872@example.com,+1-585-610-7192,Seattle,WA,USA,2024-09-14,Organic Search,45-54,Other
2873,Elijah,Jackson,elijah.jackson2873@example.com,+1-585-871-7224,Dallas,TX,USA,2024-05-11,Social,25-34,Male
2874,Charlotte,Davis,charlotte.davis2874@example.com,+1-585-121-6948,San Francisco,CA,USA,2024-09-09,Organic Search,18-24,Other
2875,Lucas,Garcia,lucas.garcia2875@example.com,+1-585-496-7748,Austin,TX,USA,2024-08-08,Social,35-44,Male
2876,Evelyn,Walker,evelyn.walker2876@example.com,+1-585-380-9935,Chicago,IL,USA,2025-05-16,Paid Search,35-44,Male
2877,Theodore,White,theodore.white2877@example.com,+1-585-679-8037,Seattle,WA,USA,2024-07-17,Organic Search,55+,Male
2878,Lucas,Lee,lucas.lee2878@example.com,+1-585-628-7727,New York,NY,USA,2024-10-13,Organic Search,55+,Male
2879,Elijah,Young,elijah.young2879@example.com,+1-585-881-6558,San Francisco,CA,USA,2024-03-26,Referral,35-44,Other
2880,Lucas,Thompson,lucas.thompson2880@example.com,+1-585-337-7133,Seattle,WA,USA,2024-09-28,Referral,55+,Male
2881,Sophia,Lewis,sophia.lewis2881@example.com,+1-585-905-8827,Boston,MA,USA,2024-07-31,Referral,35-44,Female
2882,Liam,Young,liam.young2882@example.com,+1-585-141-9094,Seattle,WA,USA,2024-05-10,Paid Search,55+,Male
2883,Henry,Taylor,henry.taylor2883@example.com,+1-585-745-7728,New York,NY,USA,2024-11-22,Organic Search,45-54,Other
2884,Harper,Martin,harper.martin2884@example.com,+1-585-678-9405,Seattle,WA,USA,2024-11-01,Organic Search,45-54,Male
2885,Amelia,Smith,amelia.smith2885@example.com,+1-585-206-9124,Austin,TX,USA,2024-04-09,Email,55+,Male
2886,Harper,Harris,harper.harris2886@example.com,+1-585-434-9020,Chicago,IL,USA,2024-07-03,Organic Search,35-44,Other
2887,Oliver,White,oliver.white2887@example.com,+1-585-591-7264,New York,NY,USA,2024-10-29,Display,45-54,Other
2888,Olivia,Lewis,olivia.lewis2888@example.com,+1-585-597-2361,Seattle,WA,USA,2024-05-19,Email,35-44,Male
2889,Liam,Garcia,liam.garcia2889@example.com,+1-585-340-2072,San Francisco,CA,USA,2024-02-17,Organic Search,25-34,Female
2890,Oliver,Brown,oliver.brown2890@example.com,+1-585-214-7244,Dallas,TX,USA,2024-05-27,Organic Search,18-24,Other
2891,Mia,Anderson,mia.anderson2891@example.com,+1-585-293-8267,Seattle,WA,USA,2024-11-11,Social,45-54,Other
2892,Sophia,Davis,sophia.davis2892@example.com,+1-585-349-5386,New York,NY,USA,2024-12-31,Referral,45-54,Female
2893,Harper,Taylor,harper.taylor2893@example.com,+1-585-373-9670,Miami,FL,USA,2024-08-20,Organic Search,55+,Other
2894,Harper,Davis,harper.davis2894@example.com,+1-585-193-2411,San Francisco,CA,USA,2024-06-20,Display,45-54,Female
2895,James,Johnson,james.johnson2895@example.com,+1-585-973-8154,New York,NY,USA,2024-05-31,Display,45-54,Other
2896,Olivia,Davis,olivia.davis2896@example.com,+1-585-958-4562,Denver,CO,USA,2024-04-17,Referral,55+,Female
2897,Elijah,Johnson,elijah.johnson2897@example.com,+1-585-464-5281,Chicago,IL,USA,2024-08-13,Organic Search,18-24,Male
2898,James,Thomas,james.thomas2898@example.com,+1-585-976-1020,Dallas,TX,USA,2025-01-04,Referral,55+,Male
2899,Benjamin,Thompson,benjamin.thompson2899@example.com,+1-585-691-9955,Seattle,WA,USA,2024-10-28,Organic Search,18-24,Other
2900,Benjamin,Martinez,benjamin.martinez2900@example.com,+1-585-727-3932,Boston,MA,USA,2025-04-17,Social,18-24,Male
2901,Elijah,Martinez,elijah.martinez2901@example.com,+1-585-955-2385,Chicago,IL,USA,2024-09-22,Social,35-44,Other
2902,Isabella,Garcia,isabella.garcia2902@example.com,+1-585-237-1005,Austin,TX,USA,2024-07-30,Organic Search,25-34,Other
2903,Amelia,Young,amelia.young2903@example.com,+1-585-396-7081,San Francisco,CA,USA,2024-06-28,Organic Search,45-54,Male
2904,Charlotte,Thomas,charlotte.thomas2904@example.com,+1-585-516-3905,Boston,MA,USA,2024-05-10,Display,55+,Female
2905,Ava,Anderson,ava.anderson2905@example.com,+1-585-184-5851,Atlanta,GA,USA,2024-07-18,Referral,45-54,Female
2906,Sophia,Harris,sophia.harris2906@example.com,+1-585-585-9204,New York,NY,USA,2025-02-03,Paid Search,25-34,Other
2907,Emma,Smith,emma.smith2907@example.com,+1-585-502-4948,New York,NY,USA,2024-08-03,Email,18-24,Other
2908,Noah,Johnson,noah.johnson2908@example.com,+1-585-388-6405,San Francisco,CA,USA,2024-12-24,Email,45-54,Male
2909,Evelyn,Perez,evelyn.perez2909@example.com,+1-585-647-4735,Seattle,WA,USA,2024-05-22,Email,45-54,Other
2910,Benjamin,Thompson,benjamin.thompson2910@example.com,+1-585-289-7198,Austin,TX,USA,2024-05-13,Social,25-34,Male
2911,Lucas,Garcia,lucas.garcia2911@example.com,+1-585-571-1641,Denver,CO,USA,2025-01-17,Referral,35-44,Other
2912,Theodore,Thompson,theodore.thompson2912@example.com,+1-585-874-4529,San Francisco,CA,USA,2024-06-12,Display,18-24,Other
2913,Oliver,Anderson,oliver.anderson2913@example.com,+1-585-195-9413,San Francisco,CA,USA,2024-07-03,Email,25-34,Male
2914,Noah,Martin,noah.martin2914@example.com,+1-585-105-7946,Chicago,IL,USA,2024-07-06,Email,25-34,Male
2915,Henry,Harris,henry.harris2915@example.com,+1-585-644-8214,Austin,TX,USA,2024-07-08,Referral,18-24,Female
2916,Evelyn,Lewis,evelyn.lewis2916@example.com,+1-585-839-8072,Denver,CO,USA,2024-01-09,Social,35-44,Male
2917,Amelia,Anderson,amelia.anderson2917@example.com,+1-585-664-2201,Boston,MA,USA,2024-06-08,Email,45-54,Male
2918,Lucas,Davis,lucas.davis2918@example.com,+1-585-989-9980,Dallas,TX,USA,2024-03-06,Organic Search,35-44,Other
2919,Evelyn,Johnson,evelyn.johnson2919@example.com,+1-585-619-6645,New York,NY,USA,2024-03-30,Paid Search,25-34,Other
2920,Mia,Lee,mia.lee2920@example.com,+1-585-191-2123,Chicago,IL,USA,2024-09-16,Referral,18-24,Other
2921,Noah,Brown,noah.brown2921@example.com,+1-585-710-1929,Austin,TX,USA,2024-04-25,Email,45-54,Male
2922,Amelia,Anderson,amelia.anderson2922@example.com,+1-585-166-9888,Denver,CO,USA,2024-06-24,Paid Search,55+,Other
2923,James,Harris,james.harris2923@example.com,+1-585-947-3564,Denver,CO,USA,2024-04-30,Organic Search,18-24,Male
2924,Isabella,Clark,isabella.clark2924@example.com,+1-585-538-9972,Chicago,IL,USA,2024-04-30,Social,25-34,Other
2925,Isabella,Lee,isabella.lee2925@example.com,+1-585-393-2489,San Francisco,CA,USA,2024-10-05,Display,25-34,Male
2926,Benjamin,Martin,benjamin.martin2926@example.com,+1-585-914-9057,New York,NY,USA,2024-07-20,Organic Search,25-34,Female
2927,Benjamin,Thomas,benjamin.thomas2927@example.com,+1-585-382-7462,New York,NY,USA,2024-02-28,Referral,18-24,Other
2928,Oliver,Jackson,oliver.jackson2928@example.com,+1-585-151-7538,Seattle,WA,USA,2024-06-24,Display,25-34,Other
2929,Elijah,Davis,elijah.davis2929@example.com,+1-585-404-2704,Miami,FL,USA,2024-06-29,Display,55+,Male
2930,Oliver,Garcia,oliver.garcia2930@example.com,+1-585-693-4680,Seattle,WA,USA,2024-06-01,Email,45-54,Female
2931,William,Thompson,william.thompson2931@example.com,+1-585-583-5611,Seattle,WA,USA,2025-04-12,Display,25-34,Female
2932,Harper,Johnson,harper.johnson2932@example.com,+1-585-158-1160,Miami,FL,USA,2024-09-03,Display,45-54,Other
2933,Evelyn,Lee,evelyn.lee2933@example.com,+1-585-898-7077,Boston,MA,USA,2024-02-27,Email,25-34,Female
2934,Evelyn,Lee,evelyn.lee2934@example.com,+1-585-971-3140,Denver,CO,USA,2024-11-25,Referral,18-24,Other
2935,Benjamin,Harris,benjamin.harris2935@example.com,+1-585-148-5492,San Francisco,CA,USA,2024-05-16,Email,25-34,Male
2936,Harper,White,harper.white2936@example.com,+1-585-903-8118,New York,NY,USA,2024-09-04,Referral,25-34,Male
2937,Theodore,Smith,theodore.smith2937@example.com,+1-585-519-7910,Dallas,TX,USA,2024-03-11,Social,45-54,Female
2938,Oliver,Johnson,oliver.johnson2938@example.com,+1-585-301-6714,Austin,TX,USA,2024-11-18,Social,35-44,Male
2939,Elijah,Taylor,elijah.taylor2939@example.com,+1-585-935-1484,Miami,FL,USA,2024-06-30,Paid Search,18-24,Male
2940,Amelia,Johnson,amelia.johnson2940@example.com,+1-585-195-6532,Denver,CO,USA,2024-04-15,Referral,55+,Female
2941,Isabella,Lee,isabella.lee2941@example.com,+1-585-383-8398,Dallas,TX,USA,2024-11-06,Display,18-24,Other
2942,Isabella,Garcia,isabella.garcia2942@example.com,+1-585-506-4442,Atlanta,GA,USA,2024-08-25,Referral,35-44,Other
2943,Charlotte,Martinez,charlotte.martinez2943@example.com,+1-585-288-9844,Chicago,IL,USA,2024-11-26,Referral,25-34,Male
2944,Sophia,Perez,sophia.perez2944@example.com,+1-585-401-9426,Seattle,WA,USA,2024-07-13,Paid Search,35-44,Female
2945,Benjamin,Martinez,benjamin.martinez2945@example.com,+1-585-130-2469,Austin,TX,USA,2024-05-06,Organic Search,25-34,Male
2946,Oliver,Lee,oliver.lee2946@example.com,+1-585-636-3076,Atlanta,GA,USA,2025-02-04,Referral,18-24,Male
2947,Liam,Young,liam.young2947@example.com,+1-585-887-7242,San Francisco,CA,USA,2024-07-15,Paid Search,35-44,Other
2948,Harper,White,harper.white2948@example.com,+1-585-680-6109,Austin,TX,USA,2024-06-27,Social,18-24,Male
2949,Elijah,Harris,elijah.harris2949@example.com,+1-585-257-8158,Dallas,TX,USA,2024-05-20,Paid Search,55+,Female
2950,Lucas,Johnson,lucas.johnson2950@example.com,+1-585-857-4494,Atlanta,GA,USA,2025-01-19,Paid Search,55+,Other
2951,Lucas,Thompson,lucas.thompson2951@example.com,+1-585-400-9427,Dallas,TX,USA,2024-07-17,Email,55+,Female
2952,Mia,Johnson,mia.johnson2952@example.com,+1-585-560-8954,Dallas,TX,USA,2024-07-19,Display,55+,Other
2953,Henry,Young,henry.young2953@example.com,+1-585-445-4899,Boston,MA,USA,2024-07-01,Referral,55+,Male
2954,Harper,Martin,harper.martin2954@example.com,+1-585-458-5571,Denver,CO,USA,2024-10-08,Display,25-34,Female
2955,Lucas,Thompson,lucas.thompson2955@example.com,+1-585-522-2161,San Francisco,CA,USA,2024-06-30,Referral,55+,Other
2956,William,Lee,william.lee2956@example.com,+1-585-132-2833,Seattle,WA,USA,2024-12-21,Referral,18-24,Female
2957,Isabella,Jackson,isabella.jackson2957@example.com,+1-585-756-8337,Dallas,TX,USA,2024-05-26,Referral,18-24,Other
2958,Amelia,Harris,amelia.harris2958@example.com,+1-585-310-6883,Denver,CO,USA,2024-02-13,Email,25-34,Female
2959,Ava,Young,ava.young2959@example.com,+1-585-613-6725,Seattle,WA,USA,2024-06-29,Organic Search,18-24,Male
2960,William,Smith,william.smith2960@example.com,+1-585-439-4460,Miami,FL,USA,2024-01-23,Social,25-34,Female
2961,Theodore,Taylor,theodore.taylor2961@example.com,+1-585-843-3406,Dallas,TX,USA,2024-04-14,Display,55+,Other
2962,Lucas,Young,lucas.young2962@example.com,+1-585-779-3792,Seattle,WA,USA,2024-04-24,Email,35-44,Other
2963,Isabella,Jackson,isabella.jackson2963@example.com,+1-585-883-1858,Boston,MA,USA,2024-07-09,Display,45-54,Male
2964,Ava,Lewis,ava.lewis2964@example.com,+1-585-202-8873,Austin,TX,USA,2024-04-30,Referral,55+,Male
2965,Mia,Clark,mia.clark2965@example.com,+1-585-540-6990,New York,NY,USA,2024-03-25,Email,18-24,Male
2966,Isabella,Perez,isabella.perez2966@example.com,+1-585-427-7757,Dallas,TX,USA,2024-07-27,Organic Search,18-24,Male
2967,Evelyn,Clark,evelyn.clark2967@example.com,+1-585-254-9010,Miami,FL,USA,2024-09-04,Organic Search,18-24,Female
2968,Evelyn,Martinez,evelyn.martinez2968@example.com,+1-585-674-3743,Chicago,IL,USA,2024-06-05,Paid Search,45-54,Female
2969,Olivia,Anderson,olivia.anderson2969@example.com,+1-585-494-1902,Denver,CO,USA,2024-11-28,Social,55+,Other
2970,Mia,Garcia,mia.garcia2970@example.com,+1-585-500-7994,Dallas,TX,USA,2025-01-11,Display,55+,Female
2971,Elijah,Garcia,elijah.garcia2971@example.com,+1-585-808-4286,Denver,CO,USA,2024-11-05,Display,18-24,Other
2972,Isabella,Lewis,isabella.lewis2972@example.com,+1-585-404-8124,New York,NY,USA,2024-10-27,Email,18-24,Other
2973,Olivia,White,olivia.white2973@example.com,+1-585-982-8163,Chicago,IL,USA,2025-05-24,Organic Search,35-44,Female
2974,Liam,Lee,liam.lee2974@example.com,+1-585-597-6343,Boston,MA,USA,2024-08-20,Organic Search,45-54,Female
2975,Henry,Davis,henry.davis2975@example.com,+1-585-250-5161,San Francisco,CA,USA,2024-08-07,Referral,45-54,Other
2976,Charlotte,Walker,charlotte.walker2976@example.com,+1-585-247-5862,Denver,CO,USA,2024-04-19,Paid Search,35-44,Female
2977,Charlotte,Taylor,charlotte.taylor2977@example.com,+1-585-658-5274,Atlanta,GA,USA,2024-06-19,Social,35-44,Other
2978,Noah,Smith,noah.smith2978@example.com,+1-585-806-4777,Austin,TX,USA,2025-02-08,Paid Search,35-44,Male
2979,Noah,Brown,noah.brown2979@example.com,+1-585-131-2411,Seattle,WA,USA,2025-01-31,Organic Search,25-34,Other
2980,Evelyn,Young,evelyn.young2980@example.com,+1-585-590-9376,Austin,TX,USA,2025-05-31,Display,35-44,Other
2981,Liam,Anderson,liam.anderson2981@example.com,+1-585-633-8045,Miami,FL,USA,2025-05-16,Display,45-54,Male
2982,Harper,Anderson,harper.anderson2982@example.com,+1-585-637-3996,Miami,FL,USA,2024-07-07,Referral,55+,Other
2983,Benjamin,Johnson,benjamin.johnson2983@example.com,+1-585-608-6062,Chicago,IL,USA,2024-04-07,Paid Search,45-54,Male
2984,Sophia,Jackson,sophia.jackson2984@example.com,+1-585-848-7196,San Francisco,CA,USA,2024-06-13,Paid Search,18-24,Female
2985,James,Johnson,james.johnson2985@example.com,+1-585-489-5085,Miami,FL,USA,2024-09-03,Email,25-34,Other
2986,Evelyn,Lee,evelyn.lee2986@example.com,+1-585-158-9768,Austin,TX,USA,2024-06-29,Email,45-54,Female
2987,Theodore,Martin,theodore.martin2987@example.com,+1-585-596-1723,Boston,MA,USA,2024-12-08,Referral,45-54,Female
2988,Sophia,Clark,sophia.clark2988@example.com,+1-585-696-7062,Seattle,WA,USA,2024-09-28,Display,45-54,Female
2989,Benjamin,Smith,benjamin.smith2989@example.com,+1-585-958-3624,Dallas,TX,USA,2024-03-22,Referral,18-24,Female
2990,Ava,Davis,ava.davis2990@example.com,+1-585-262-8869,Boston,MA,USA,2024-03-17,Paid Search,18-24,Other
2991,Liam,Garcia,liam.garcia2991@example.com,+1-585-919-4319,Dallas,TX,USA,2024-05-23,Email,35-44,Other
2992,Isabella,Davis,isabella.davis2992@example.com,+1-585-648-7691,Austin,TX,USA,2024-02-03,Display,55+,Female
2993,Henry,Garcia,henry.garcia2993@example.com,+1-585-197-8478,Dallas,TX,USA,2024-03-11,Paid Search,35-44,Other
2994,Benjamin,Taylor,benjamin.taylor2994@example.com,+1-585-867-1384,Denver,CO,USA,2025-01-04,Social,25-34,Female
2995,Amelia,Martinez,amelia.martinez2995@example.com,+1-585-806-7848,Chicago,IL,USA,2024-10-15,Email,55+,Female
2996,Noah,Perez,noah.perez2996@example.com,+1-585-840-8755,Atlanta,GA,USA,2024-06-16,Referral,35-44,Female
2997,Harper,Martin,harper.martin2997@example.com,+1-585-476-3968,Seattle,WA,USA,2024-09-10,Email,45-54,Male
2998,Lucas,Jackson,lucas.jackson2998@example.com,+1-585-789-2123,Seattle,WA,USA,2024-10-20,Referral,18-24,Other
2999,Sophia,Taylor,sophia.taylor2999@example.com,+1-585-816-9093,Chicago,IL,USA,2024-06-26,Referral,25-34,Female
3000,Sophia,Walker,sophia.walker3000@example.com,+1-585-975-9259,Boston,MA,USA,2024-12-08,Paid Search,18-24,Female
3001,Harper,Walker,harper.walker3001@example.com,+1-585-744-5570,New York,NY,USA,2024-10-28,Paid Search,45-54,Female
3002,Emma,Jackson,emma.jackson3002@example.com,+1-585-806-8532,San Francisco,CA,USA,2024-08-26,Paid Search,45-54,Male
3003,Theodore,Garcia,theodore.garcia3003@example.com,+1-585-525-9075,Seattle,WA,USA,2024-02-16,Paid Search,35-44,Female
3004,Charlotte,Young,charlotte.young3004@example.com,+1-585-597-6300,Chicago,IL,USA,2024-07-29,Email,18-24,Female
3005,Sophia,Clark,sophia.clark3005@example.com,+1-585-939-7474,Boston,MA,USA,2024-08-30,Email,45-54,Female
3006,Theodore,White,theodore.white3006@example.com,+1-585-216-6529,San Francisco,CA,USA,2024-12-05,Referral,35-44,Other
3007,Noah,Thomas,noah.thomas3007@example.com,+1-585-462-2734,Atlanta,GA,USA,2024-02-25,Organic Search,45-54,Male
3008,Noah,Jackson,noah.jackson3008@example.com,+1-585-229-8997,New York,NY,USA,2024-03-20,Social,45-54,Other
3009,Amelia,Martinez,amelia.martinez3009@example.com,+1-585-954-5879,Chicago,IL,USA,2024-08-15,Email,35-44,Female
3010,Elijah,Jackson,elijah.jackson3010@example.com,+1-585-285-2081,San Francisco,CA,USA,2024-10-27,Email,55+,Male
3011,Evelyn,Lee,evelyn.lee3011@example.com,+1-585-226-6097,Boston,MA,USA,2024-12-18,Display,45-54,Male
3012,Isabella,Clark,isabella.clark3012@example.com,+1-585-390-4465,Dallas,TX,USA,2024-08-16,Organic Search,18-24,Other
3013,Benjamin,Jackson,benjamin.jackson3013@example.com,+1-585-607-5865,Austin,TX,USA,2024-07-05,Organic Search,18-24,Other
3014,Elijah,Garcia,elijah.garcia3014@example.com,+1-585-721-4651,Seattle,WA,USA,2024-01-07,Display,45-54,Other
3015,Mia,Anderson,mia.anderson3015@example.com,+1-585-869-6136,New York,NY,USA,2024-05-16,Social,18-24,Male
3016,William,Clark,william.clark3016@example.com,+1-585-238-5747,Dallas,TX,USA,2024-05-18,Paid Search,45-54,Female
3017,Noah,Martin,noah.martin3017@example.com,+1-585-773-6822,Boston,MA,USA,2024-10-20,Organic Search,18-24,Male
3018,Evelyn,Taylor,evelyn.taylor3018@example.com,+1-585-255-6721,Dallas,TX,USA,2024-04-06,Email,35-44,Male
3019,Benjamin,Brown,benjamin.brown3019@example.com,+1-585-946-4837,Seattle,WA,USA,2024-10-25,Organic Search,45-54,Male
3020,Elijah,Johnson,elijah.johnson3020@example.com,+1-585-865-5365,Austin,TX,USA,2024-05-06,Display,35-44,Female
3021,Theodore,Lee,theodore.lee3021@example.com,+1-585-665-9947,Denver,CO,USA,2024-04-23,Referral,45-54,Male
3022,Sophia,Anderson,sophia.anderson3022@example.com,+1-585-270-9533,Austin,TX,USA,2024-07-17,Referral,35-44,Other
3023,Harper,Harris,harper.harris3023@example.com,+1-585-329-9601,Atlanta,GA,USA,2025-04-15,Social,45-54,Female
3024,Henry,Taylor,henry.taylor3024@example.com,+1-585-178-1915,New York,NY,USA,2024-06-24,Paid Search,35-44,Male
3025,Emma,Smith,emma.smith3025@example.com,+1-585-261-4421,New York,NY,USA,2024-08-04,Social,18-24,Female
3026,Isabella,Martin,isabella.martin3026@example.com,+1-585-595-6443,New York,NY,USA,2024-04-04,Organic Search,25-34,Female
3027,James,Walker,james.walker3027@example.com,+1-585-613-2223,Chicago,IL,USA,2024-09-12,Organic Search,25-34,Male
3028,Henry,Thompson,henry.thompson3028@example.com,+1-585-477-5257,Denver,CO,USA,2024-10-17,Organic Search,55+,Other
3029,Amelia,Walker,amelia.walker3029@example.com,+1-585-821-8084,Dallas,TX,USA,2024-05-04,Display,55+,Male
3030,Harper,Clark,harper.clark3030@example.com,+1-585-514-9288,Austin,TX,USA,2024-07-08,Display,35-44,Male
3031,Harper,Smith,harper.smith3031@example.com,+1-585-881-9282,Austin,TX,USA,2024-06-18,Email,25-34,Female
3032,Charlotte,Brown,charlotte.brown3032@example.com,+1-585-212-4302,Seattle,WA,USA,2024-05-02,Organic Search,25-34,Male
3033,Oliver,Walker,oliver.walker3033@example.com,+1-585-402-1668,Seattle,WA,USA,2024-07-16,Paid Search,45-54,Female
3034,Harper,Harris,harper.harris3034@example.com,+1-585-303-7910,New York,NY,USA,2024-05-02,Display,25-34,Male
3035,Noah,Clark,noah.clark3035@example.com,+1-585-354-6112,Seattle,WA,USA,2024-06-07,Social,55+,Male
3036,Henry,Johnson,henry.johnson3036@example.com,+1-585-520-7498,Dallas,TX,USA,2025-08-22,Social,55+,Other
3037,Benjamin,Taylor,benjamin.taylor3037@example.com,+1-585-365-9611,Miami,FL,USA,2025-03-13,Social,45-54,Female
3038,Oliver,Taylor,oliver.taylor3038@example.com,+1-585-893-1756,San Francisco,CA,USA,2024-09-22,Paid Search,35-44,Female
3039,Noah,Johnson,noah.johnson3039@example.com,+1-585-803-4347,Atlanta,GA,USA,2024-08-31,Email,45-54,Female
3040,Benjamin,Garcia,benjamin.garcia3040@example.com,+1-585-955-4295,Denver,CO,USA,2024-05-03,Paid Search,25-34,Female
3041,Mia,Smith,mia.smith3041@example.com,+1-585-342-7664,Dallas,TX,USA,2024-06-05,Social,18-24,Female
3042,Isabella,Jackson,isabella.jackson3042@example.com,+1-585-423-7761,New York,NY,USA,2024-11-03,Organic Search,55+,Female
3043,Olivia,Davis,olivia.davis3043@example.com,+1-585-848-1686,Miami,FL,USA,2024-02-05,Organic Search,18-24,Female
3044,Olivia,Brown,olivia.brown3044@example.com,+1-585-292-1480,Austin,TX,USA,2024-08-08,Social,55+,Female
3045,Isabella,Davis,isabella.davis3045@example.com,+1-585-195-9173,Boston,MA,USA,2024-09-09,Email,45-54,Male
3046,Isabella,Davis,isabella.davis3046@example.com,+1-585-314-8641,Dallas,TX,USA,2024-04-05,Referral,35-44,Male
3047,Theodore,Jackson,theodore.jackson3047@example.com,+1-585-846-3652,Seattle,WA,USA,2024-09-02,Paid Search,45-54,Female
3048,Sophia,Thomas,sophia.thomas3048@example.com,+1-585-818-2229,Austin,TX,USA,2024-01-06,Organic Search,18-24,Male
3049,Henry,Smith,henry.smith3049@example.com,+1-585-511-4242,Dallas,TX,USA,2024-09-28,Paid Search,45-54,Male
3050,Theodore,Lewis,theodore.lewis3050@example.com,+1-585-322-5550,Miami,FL,USA,2024-07-03,Email,25-34,Other
3051,Benjamin,Lewis,benjamin.lewis3051@example.com,+1-585-595-5149,Miami,FL,USA,2024-11-17,Organic Search,45-54,Male
3052,Amelia,Smith,amelia.smith3052@example.com,+1-585-837-7879,Chicago,IL,USA,2025-03-20,Social,25-34,Male
3053,Benjamin,Perez,benjamin.perez3053@example.com,+1-585-670-8199,Boston,MA,USA,2024-10-24,Referral,18-24,Female
3054,Lucas,Anderson,lucas.anderson3054@example.com,+1-585-580-1672,Atlanta,GA,USA,2024-03-22,Paid Search,35-44,Other
3055,Mia,Garcia,mia.garcia3055@example.com,+1-585-337-2420,Miami,FL,USA,2024-07-18,Paid Search,45-54,Male
3056,Harper,Martinez,harper.martinez3056@example.com,+1-585-561-3795,San Francisco,CA,USA,2024-04-14,Social,45-54,Male
3057,Elijah,Walker,elijah.walker3057@example.com,+1-585-747-6616,Denver,CO,USA,2024-06-13,Referral,45-54,Male
3058,Charlotte,Garcia,charlotte.garcia3058@example.com,+1-585-327-9117,Atlanta,GA,USA,2024-08-18,Social,25-34,Other
3059,Olivia,Martin,olivia.martin3059@example.com,+1-585-839-7220,Austin,TX,USA,2024-10-18,Display,55+,Female
3060,Ava,Thompson,ava.thompson3060@example.com,+1-585-238-1333,New York,NY,USA,2024-08-05,Display,25-34,Female
3061,Oliver,Lewis,oliver.lewis3061@example.com,+1-585-997-2958,Miami,FL,USA,2024-10-22,Social,55+,Female
3062,William,Smith,william.smith3062@example.com,+1-585-746-6472,Austin,TX,USA,2024-07-28,Referral,25-34,Female
3063,Liam,Johnson,liam.johnson3063@example.com,+1-585-595-4916,New York,NY,USA,2024-02-14,Organic Search,25-34,Other
3064,Lucas,Perez,lucas.perez3064@example.com,+1-585-819-9857,Miami,FL,USA,2024-07-10,Paid Search,45-54,Other
3065,Amelia,Smith,amelia.smith3065@example.com,+1-585-497-2078,Austin,TX,USA,2024-06-07,Email,35-44,Male
3066,Noah,Harris,noah.harris3066@example.com,+1-585-644-8860,New York,NY,USA,2024-07-28,Email,55+,Female
3067,James,Lee,james.lee3067@example.com,+1-585-777-3258,Austin,TX,USA,2024-11-06,Display,18-24,Female
3068,Sophia,White,sophia.white3068@example.com,+1-585-939-8352,Miami,FL,USA,2024-01-16,Referral,55+,Male
3069,Liam,White,liam.white3069@example.com,+1-585-187-4934,Austin,TX,USA,2025-05-08,Paid Search,35-44,Other
3070,Emma,Davis,emma.davis3070@example.com,+1-585-605-6555,Chicago,IL,USA,2024-03-17,Display,18-24,Female
3071,Oliver,Lee,oliver.lee3071@example.com,+1-585-340-6043,Miami,FL,USA,2024-10-23,Paid Search,45-54,Other
3072,Noah,Davis,noah.davis3072@example.com,+1-585-390-4863,San Francisco,CA,USA,2025-01-28,Email,35-44,Female
3073,Elijah,Thomas,elijah.thomas3073@example.com,+1-585-501-3028,Atlanta,GA,USA,2024-06-14,Organic Search,55+,Other
3074,Liam,Garcia,liam.garcia3074@example.com,+1-585-522-8884,Dallas,TX,USA,2024-07-20,Organic Search,35-44,Other
3075,Charlotte,Perez,charlotte.perez3075@example.com,+1-585-572-3725,Denver,CO,USA,2025-04-02,Email,35-44,Other
3076,Lucas,Martinez,lucas.martinez3076@example.com,+1-585-298-8205,Denver,CO,USA,2024-07-21,Referral,25-34,Male
3077,Harper,Brown,harper.brown3077@example.com,+1-585-665-2281,Austin,TX,USA,2024-07-05,Paid Search,18-24,Female
3078,Theodore,Martinez,theodore.martinez3078@example.com,+1-585-558-4706,New York,NY,USA,2024-05-15,Social,45-54,Male
3079,Olivia,Clark,olivia.clark3079@example.com,+1-585-525-7731,Boston,MA,USA,2024-04-22,Organic Search,18-24,Other
3080,Henry,Martin,henry.martin3080@example.com,+1-585-275-9731,Miami,FL,USA,2024-07-02,Social,35-44,Female
3081,Lucas,Taylor,lucas.taylor3081@example.com,+1-585-507-7465,Dallas,TX,USA,2024-06-10,Email,45-54,Other
3082,Elijah,Jackson,elijah.jackson3082@example.com,+1-585-920-3138,San Francisco,CA,USA,2024-06-17,Referral,55+,Male
3083,Elijah,Martinez,elijah.martinez3083@example.com,+1-585-818-8087,New York,NY,USA,2025-05-07,Paid Search,35-44,Female
3084,Mia,Martinez,mia.martinez3084@example.com,+1-585-768-5298,New York,NY,USA,2024-12-11,Display,25-34,Other
3085,Oliver,Taylor,oliver.taylor3085@example.com,+1-585-199-3988,Atlanta,GA,USA,2024-07-02,Organic Search,25-34,Female
3086,Charlotte,Lee,charlotte.lee3086@example.com,+1-585-574-6546,Boston,MA,USA,2024-05-09,Referral,18-24,Other
3087,James,Jackson,james.jackson3087@example.com,+1-585-627-4349,New York,NY,USA,2025-01-08,Organic Search,35-44,Female
3088,Sophia,Garcia,sophia.garcia3088@example.com,+1-585-276-2322,Miami,FL,USA,2024-07-07,Organic Search,45-54,Other
3089,Amelia,Martinez,amelia.martinez3089@example.com,+1-585-334-5740,Austin,TX,USA,2024-12-02,Paid Search,18-24,Female
3090,Olivia,Thompson,olivia.thompson3090@example.com,+1-585-304-8038,San Francisco,CA,USA,2024-04-11,Display,18-24,Male
3091,Harper,Johnson,harper.johnson3091@example.com,+1-585-989-7706,New York,NY,USA,2024-07-20,Social,25-34,Female
3092,Sophia,Garcia,sophia.garcia3092@example.com,+1-585-878-1272,Seattle,WA,USA,2024-12-24,Display,25-34,Other
3093,Ava,Smith,ava.smith3093@example.com,+1-585-776-1440,New York,NY,USA,2024-06-06,Organic Search,18-24,Female
3094,Oliver,White,oliver.white3094@example.com,+1-585-731-6628,Seattle,WA,USA,2024-06-13,Referral,45-54,Male
3095,Benjamin,Brown,benjamin.brown3095@example.com,+1-585-147-1457,Denver,CO,USA,2024-10-23,Email,18-24,Other
3096,Olivia,Walker,olivia.walker3096@example.com,+1-585-676-1906,San Francisco,CA,USA,2024-10-05,Referral,18-24,Male
3097,Liam,Young,liam.young3097@example.com,+1-585-823-3687,Seattle,WA,USA,2024-07-23,Display,55+,Female
3098,James,Thomas,james.thomas3098@example.com,+1-585-881-3010,Dallas,TX,USA,2024-09-28,Email,35-44,Other
3099,Isabella,Thomas,isabella.thomas3099@example.com,+1-585-241-5956,Austin,TX,USA,2024-11-02,Social,35-44,Other
3100,Evelyn,Thomas,evelyn.thomas3100@example.com,+1-585-264-4094,Chicago,IL,USA,2024-05-07,Paid Search,25-34,Other
3101,Lucas,Taylor,lucas.taylor3101@example.com,+1-585-903-4392,Dallas,TX,USA,2024-04-23,Email,55+,Female
3102,Emma,Garcia,emma.garcia3102@example.com,+1-585-920-5341,Dallas,TX,USA,2024-08-09,Organic Search,45-54,Male
3103,Sophia,Harris,sophia.harris3103@example.com,+1-585-361-6106,Boston,MA,USA,2024-01-20,Display,35-44,Other
3104,Noah,Johnson,noah.johnson3104@example.com,+1-585-573-6173,Atlanta,GA,USA,2025-05-19,Email,18-24,Other
3105,Lucas,Brown,lucas.brown3105@example.com,+1-585-619-3064,Dallas,TX,USA,2024-04-21,Display,35-44,Female
3106,Oliver,Garcia,oliver.garcia3106@example.com,+1-585-189-7807,Chicago,IL,USA,2024-03-23,Referral,55+,Female
3107,Evelyn,Harris,evelyn.harris3107@example.com,+1-585-878-4144,Denver,CO,USA,2024-10-09,Email,55+,Other
3108,Noah,White,noah.white3108@example.com,+1-585-613-2166,San Francisco,CA,USA,2024-10-03,Email,55+,Female
3109,Isabella,Jackson,isabella.jackson3109@example.com,+1-585-361-8029,Atlanta,GA,USA,2025-06-24,Social,25-34,Other
3110,Lucas,Anderson,lucas.anderson3110@example.com,+1-585-869-8730,Boston,MA,USA,2024-09-05,Referral,45-54,Male
3111,William,Martin,william.martin3111@example.com,+1-585-537-5504,Boston,MA,USA,2024-11-17,Organic Search,45-54,Male
3112,William,Jackson,william.jackson3112@example.com,+1-585-322-7141,Boston,MA,USA,2024-06-19,Email,35-44,Other
3113,Elijah,Smith,elijah.smith3113@example.com,+1-585-763-3746,Boston,MA,USA,2025-03-07,Paid Search,18-24,Other
3114,Evelyn,Smith,evelyn.smith3114@example.com,+1-585-412-5147,Miami,FL,USA,2024-08-27,Referral,18-24,Other
3115,Noah,Taylor,noah.taylor3115@example.com,+1-585-208-4892,Austin,TX,USA,2024-11-10,Organic Search,25-34,Male
3116,James,Johnson,james.johnson3116@example.com,+1-585-839-9178,New York,NY,USA,2024-08-05,Organic Search,35-44,Male
3117,Lucas,Martinez,lucas.martinez3117@example.com,+1-585-830-2569,Austin,TX,USA,2024-02-26,Referral,45-54,Other
3118,Isabella,Martinez,isabella.martinez3118@example.com,+1-585-912-6209,Seattle,WA,USA,2024-10-29,Paid Search,18-24,Female
3119,Amelia,Harris,amelia.harris3119@example.com,+1-585-758-5286,Boston,MA,USA,2025-05-11,Display,25-34,Other
3120,Elijah,Lewis,elijah.lewis3120@example.com,+1-585-941-4137,Miami,FL,USA,2024-10-02,Display,35-44,Other
3121,Sophia,Martinez,sophia.martinez3121@example.com,+1-585-765-6650,Dallas,TX,USA,2024-08-16,Social,55+,Other
3122,Lucas,Perez,lucas.perez3122@example.com,+1-585-264-2333,Seattle,WA,USA,2024-07-29,Social,45-54,Other
3123,Ava,Clark,ava.clark3123@example.com,+1-585-439-4980,Seattle,WA,USA,2024-02-07,Social,35-44,Other
3124,Isabella,Clark,isabella.clark3124@example.com,+1-585-639-5799,Seattle,WA,USA,2024-01-25,Social,25-34,Other
3125,Charlotte,Harris,charlotte.harris3125@example.com,+1-585-379-6913,Austin,TX,USA,2024-09-03,Paid Search,18-24,Other
3126,Evelyn,Brown,evelyn.brown3126@example.com,+1-585-633-2821,Denver,CO,USA,2024-04-09,Email,35-44,Female
3127,Oliver,Harris,oliver.harris3127@example.com,+1-585-793-7111,Seattle,WA,USA,2024-09-08,Organic Search,55+,Female
3128,Elijah,Young,elijah.young3128@example.com,+1-585-549-2817,Boston,MA,USA,2024-05-25,Social,45-54,Female
3129,Sophia,White,sophia.white3129@example.com,+1-585-727-9984,San Francisco,CA,USA,2024-09-17,Social,35-44,Female
3130,William,Harris,william.harris3130@example.com,+1-585-280-3349,Miami,FL,USA,2024-07-24,Email,35-44,Male
3131,Emma,Martinez,emma.martinez3131@example.com,+1-585-206-7382,Chicago,IL,USA,2024-05-28,Social,45-54,Male
3132,Charlotte,Clark,charlotte.clark3132@example.com,+1-585-278-2612,Chicago,IL,USA,2024-06-02,Display,25-34,Other
3133,Harper,White,harper.white3133@example.com,+1-585-593-3529,New York,NY,USA,2024-07-16,Email,35-44,Male
3134,Lucas,Brown,lucas.brown3134@example.com,+1-585-396-4893,Chicago,IL,USA,2024-02-18,Organic Search,18-24,Other
3135,Evelyn,Perez,evelyn.perez3135@example.com,+1-585-903-1566,Atlanta,GA,USA,2024-07-09,Social,35-44,Female
3136,Noah,White,noah.white3136@example.com,+1-585-410-9718,Austin,TX,USA,2024-09-01,Social,55+,Other
3137,Benjamin,Martin,benjamin.martin3137@example.com,+1-585-702-4667,Austin,TX,USA,2024-12-19,Social,35-44,Male
3138,James,Martinez,james.martinez3138@example.com,+1-585-231-9703,Seattle,WA,USA,2024-09-09,Paid Search,45-54,Female
3139,Elijah,Lewis,elijah.lewis3139@example.com,+1-585-272-2241,Dallas,TX,USA,2024-04-12,Referral,35-44,Other
3140,Theodore,Clark,theodore.clark3140@example.com,+1-585-331-5286,New York,NY,USA,2024-05-02,Display,18-24,Female
3141,Benjamin,Harris,benjamin.harris3141@example.com,+1-585-768-8776,Chicago,IL,USA,2024-07-30,Organic Search,55+,Female
3142,Charlotte,Perez,charlotte.perez3142@example.com,+1-585-268-9466,Miami,FL,USA,2024-08-26,Social,35-44,Other
3143,James,Johnson,james.johnson3143@example.com,+1-585-854-8291,Denver,CO,USA,2025-07-09,Social,18-24,Male
3144,Elijah,Thompson,elijah.thompson3144@example.com,+1-585-850-3011,Seattle,WA,USA,2024-05-07,Display,55+,Male
3145,Olivia,Taylor,olivia.taylor3145@example.com,+1-585-297-2182,Miami,FL,USA,2024-04-20,Social,35-44,Male
3146,Evelyn,Thompson,evelyn.thompson3146@example.com,+1-585-691-7628,Miami,FL,USA,2024-09-21,Email,55+,Male
3147,Benjamin,Young,benjamin.young3147@example.com,+1-585-127-6600,Denver,CO,USA,2024-08-07,Social,45-54,Male
3148,Evelyn,Johnson,evelyn.johnson3148@example.com,+1-585-605-3767,San Francisco,CA,USA,2025-03-22,Email,25-34,Other
3149,Henry,Lewis,henry.lewis3149@example.com,+1-585-927-7254,Boston,MA,USA,2024-07-24,Organic Search,45-54,Male
3150,Benjamin,Thompson,benjamin.thompson3150@example.com,+1-585-824-9717,Chicago,IL,USA,2024-06-03,Social,35-44,Male
3151,James,Martinez,james.martinez3151@example.com,+1-585-794-9215,Boston,MA,USA,2024-06-10,Paid Search,25-34,Female
3152,Emma,Garcia,emma.garcia3152@example.com,+1-585-283-9322,Boston,MA,USA,2024-06-30,Email,45-54,Other
3153,William,Martin,william.martin3153@example.com,+1-585-690-5504,Austin,TX,USA,2025-02-15,Social,18-24,Female
3154,Emma,Martinez,emma.martinez3154@example.com,+1-585-918-7637,Atlanta,GA,USA,2024-11-20,Display,18-24,Male
3155,Mia,Garcia,mia.garcia3155@example.com,+1-585-906-6543,New York,NY,USA,2024-02-08,Display,18-24,Female
3156,James,Thompson,james.thompson3156@example.com,+1-585-126-6256,San Francisco,CA,USA,2025-01-11,Email,35-44,Other
3157,Ava,Brown,ava.brown3157@example.com,+1-585-868-5803,New York,NY,USA,2024-08-16,Organic Search,35-44,Other
3158,Emma,Smith,emma.smith3158@example.com,+1-585-350-2393,Dallas,TX,USA,2024-04-27,Social,55+,Male
3159,William,Walker,william.walker3159@example.com,+1-585-206-5774,San Francisco,CA,USA,2024-04-20,Display,18-24,Other
3160,Noah,Lee,noah.lee3160@example.com,+1-585-785-8307,Dallas,TX,USA,2024-09-27,Referral,45-54,Male
3161,Olivia,Martin,olivia.martin3161@example.com,+1-585-646-4488,Denver,CO,USA,2024-04-18,Display,18-24,Male
3162,Oliver,Jackson,oliver.jackson3162@example.com,+1-585-707-1238,Boston,MA,USA,2024-11-20,Organic Search,55+,Female
3163,Olivia,Walker,olivia.walker3163@example.com,+1-585-205-5423,Boston,MA,USA,2025-01-29,Display,55+,Female
3164,Emma,Thompson,emma.thompson3164@example.com,+1-585-751-9339,New York,NY,USA,2024-10-14,Organic Search,25-34,Male
3165,Elijah,Davis,elijah.davis3165@example.com,+1-585-442-7545,Austin,TX,USA,2024-08-23,Referral,18-24,Female
3166,Liam,Garcia,liam.garcia3166@example.com,+1-585-138-9182,Dallas,TX,USA,2024-05-20,Email,55+,Other
3167,Amelia,Smith,amelia.smith3167@example.com,+1-585-360-7279,Dallas,TX,USA,2024-02-02,Email,55+,Other
3168,Benjamin,Lee,benjamin.lee3168@example.com,+1-585-484-8974,Seattle,WA,USA,2024-02-03,Display,18-24,Female
3169,Ava,Davis,ava.davis3169@example.com,+1-585-100-4242,Dallas,TX,USA,2024-05-21,Paid Search,55+,Other
3170,Mia,Johnson,mia.johnson3170@example.com,+1-585-254-9218,Atlanta,GA,USA,2024-11-11,Email,45-54,Female
3171,Theodore,Smith,theodore.smith3171@example.com,+1-585-624-2584,Chicago,IL,USA,2024-11-03,Email,55+,Female
3172,Evelyn,Thomas,evelyn.thomas3172@example.com,+1-585-706-6182,San Francisco,CA,USA,2024-10-16,Email,25-34,Female
3173,Liam,Martinez,liam.martinez3173@example.com,+1-585-969-8299,Dallas,TX,USA,2024-04-07,Display,18-24,Female
3174,Harper,Thomas,harper.thomas3174@example.com,+1-585-456-5289,Austin,TX,USA,2024-11-01,Organic Search,25-34,Male
3175,Liam,Lewis,liam.lewis3175@example.com,+1-585-285-8744,San Francisco,CA,USA,2024-03-02,Email,18-24,Other
3176,Harper,White,harper.white3176@example.com,+1-585-825-8720,Atlanta,GA,USA,2024-04-04,Display,35-44,Other
3177,Evelyn,Martinez,evelyn.martinez3177@example.com,+1-585-556-2412,Atlanta,GA,USA,2024-04-04,Organic Search,55+,Male
3178,William,Lewis,william.lewis3178@example.com,+1-585-713-5257,Chicago,IL,USA,2024-04-13,Organic Search,45-54,Female
3179,Noah,Jackson,noah.jackson3179@example.com,+1-585-955-1506,Seattle,WA,USA,2024-08-21,Paid Search,25-34,Other
3180,Charlotte,Thomas,charlotte.thomas3180@example.com,+1-585-948-7797,Boston,MA,USA,2024-06-24,Display,35-44,Female
3181,Mia,Davis,mia.davis3181@example.com,+1-585-401-7333,Boston,MA,USA,2024-05-09,Paid Search,55+,Other
3182,Elijah,Thomas,elijah.thomas3182@example.com,+1-585-518-9298,Seattle,WA,USA,2024-06-24,Email,35-44,Male
3183,James,Davis,james.davis3183@example.com,+1-585-672-2995,Dallas,TX,USA,2024-02-19,Display,25-34,Male
3184,Lucas,Garcia,lucas.garcia3184@example.com,+1-585-479-7381,New York,NY,USA,2024-07-19,Social,45-54,Female
3185,Olivia,Smith,olivia.smith3185@example.com,+1-585-900-9073,Miami,FL,USA,2024-01-21,Referral,18-24,Other
3186,Mia,Garcia,mia.garcia3186@example.com,+1-585-980-3719,Denver,CO,USA,2025-03-13,Organic Search,45-54,Male
3187,Oliver,Martin,oliver.martin3187@example.com,+1-585-222-5676,Austin,TX,USA,2024-07-24,Email,18-24,Other
3188,Noah,Lewis,noah.lewis3188@example.com,+1-585-696-2435,Miami,FL,USA,2024-06-12,Social,35-44,Female
3189,Amelia,Young,amelia.young3189@example.com,+1-585-904-2435,Seattle,WA,USA,2024-03-04,Social,55+,Other
3190,Theodore,Lee,theodore.lee3190@example.com,+1-585-749-8691,Austin,TX,USA,2025-04-10,Social,25-34,Female
3191,Olivia,White,olivia.white3191@example.com,+1-585-313-1321,Atlanta,GA,USA,2024-03-15,Email,18-24,Male
3192,Amelia,Davis,amelia.davis3192@example.com,+1-585-256-2125,Boston,MA,USA,2024-08-29,Display,35-44,Female
3193,Oliver,Davis,oliver.davis3193@example.com,+1-585-347-4766,Seattle,WA,USA,2024-05-31,Social,25-34,Other
3194,Amelia,Perez,amelia.perez3194@example.com,+1-585-404-9163,Seattle,WA,USA,2024-04-18,Social,18-24,Female
3195,Mia,Thompson,mia.thompson3195@example.com,+1-585-629-5542,Dallas,TX,USA,2024-09-12,Organic Search,25-34,Female
3196,James,Martin,james.martin3196@example.com,+1-585-464-7894,Atlanta,GA,USA,2024-09-05,Display,35-44,Other
3197,Amelia,Johnson,amelia.johnson3197@example.com,+1-585-811-3240,Austin,TX,USA,2024-07-07,Email,55+,Male
3198,Amelia,Thompson,amelia.thompson3198@example.com,+1-585-106-9531,Austin,TX,USA,2025-04-22,Referral,45-54,Female
3199,Theodore,Brown,theodore.brown3199@example.com,+1-585-181-3692,Dallas,TX,USA,2024-04-21,Email,45-54,Other
3200,Henry,Martin,henry.martin3200@example.com,+1-585-158-7115,Miami,FL,USA,2024-06-30,Referral,55+,Other
3201,Charlotte,Thomas,charlotte.thomas3201@example.com,+1-585-132-7976,Miami,FL,USA,2024-12-29,Social,45-54,Male
3202,Charlotte,Young,charlotte.young3202@example.com,+1-585-770-9015,Atlanta,GA,USA,2024-11-03,Social,35-44,Female
3203,Amelia,Harris,amelia.harris3203@example.com,+1-585-548-8815,Miami,FL,USA,2024-02-23,Email,35-44,Female
3204,Sophia,Thomas,sophia.thomas3204@example.com,+1-585-457-9073,Boston,MA,USA,2024-03-26,Paid Search,18-24,Other
3205,Olivia,Brown,olivia.brown3205@example.com,+1-585-105-9969,Seattle,WA,USA,2025-02-24,Display,45-54,Female
3206,Lucas,Martinez,lucas.martinez3206@example.com,+1-585-382-5727,Boston,MA,USA,2024-09-03,Paid Search,25-34,Other
3207,Liam,Perez,liam.perez3207@example.com,+1-585-525-9314,New York,NY,USA,2024-08-14,Paid Search,55+,Female
3208,Mia,Garcia,mia.garcia3208@example.com,+1-585-589-4651,Atlanta,GA,USA,2025-01-23,Paid Search,55+,Male
3209,Lucas,White,lucas.white3209@example.com,+1-585-759-6688,Dallas,TX,USA,2024-08-15,Social,45-54,Male
3210,Harper,Taylor,harper.taylor3210@example.com,+1-585-538-1380,San Francisco,CA,USA,2024-08-19,Organic Search,45-54,Male
3211,Emma,Walker,emma.walker3211@example.com,+1-585-738-9720,Dallas,TX,USA,2024-12-25,Referral,35-44,Female
3212,Harper,Smith,harper.smith3212@example.com,+1-585-220-6063,New York,NY,USA,2024-03-28,Email,55+,Male
3213,Charlotte,Davis,charlotte.davis3213@example.com,+1-585-944-1340,Boston,MA,USA,2024-07-25,Organic Search,55+,Male
3214,Lucas,Anderson,lucas.anderson3214@example.com,+1-585-687-1892,New York,NY,USA,2024-04-08,Paid Search,55+,Female
3215,Charlotte,Taylor,charlotte.taylor3215@example.com,+1-585-636-9072,Dallas,TX,USA,2024-04-26,Organic Search,18-24,Male
3216,Mia,Harris,mia.harris3216@example.com,+1-585-581-3760,Denver,CO,USA,2024-10-09,Organic Search,45-54,Other
3217,Evelyn,Young,evelyn.young3217@example.com,+1-585-156-5958,New York,NY,USA,2024-11-13,Display,25-34,Other
3218,Theodore,Davis,theodore.davis3218@example.com,+1-585-181-2467,Seattle,WA,USA,2025-01-08,Organic Search,45-54,Other
3219,Sophia,Brown,sophia.brown3219@example.com,+1-585-729-2677,Atlanta,GA,USA,2024-10-07,Organic Search,55+,Male
3220,Benjamin,Smith,benjamin.smith3220@example.com,+1-585-620-5625,Seattle,WA,USA,2024-04-25,Display,45-54,Female
3221,Olivia,Jackson,olivia.jackson3221@example.com,+1-585-830-4146,San Francisco,CA,USA,2024-09-23,Paid Search,35-44,Male
3222,Evelyn,Lee,evelyn.lee3222@example.com,+1-585-587-9970,Austin,TX,USA,2024-06-16,Referral,25-34,Other
3223,Noah,Garcia,noah.garcia3223@example.com,+1-585-856-5225,Chicago,IL,USA,2024-05-17,Social,35-44,Female
3224,Charlotte,Perez,charlotte.perez3224@example.com,+1-585-987-9777,Dallas,TX,USA,2024-06-22,Email,35-44,Female
3225,William,Lee,william.lee3225@example.com,+1-585-648-5546,New York,NY,USA,2024-05-17,Email,45-54,Female
3226,Liam,White,liam.white3226@example.com,+1-585-112-6295,Boston,MA,USA,2024-04-17,Social,18-24,Female
3227,James,Johnson,james.johnson3227@example.com,+1-585-780-5676,Boston,MA,USA,2024-12-27,Social,45-54,Female
3228,James,Johnson,james.johnson3228@example.com,+1-585-519-2612,Boston,MA,USA,2024-02-17,Referral,55+,Other
3229,Charlotte,Anderson,charlotte.anderson3229@example.com,+1-585-860-9912,Austin,TX,USA,2024-11-12,Organic Search,18-24,Other
3230,Olivia,Smith,olivia.smith3230@example.com,+1-585-783-6033,New York,NY,USA,2024-04-27,Social,25-34,Female
3231,William,Johnson,william.johnson3231@example.com,+1-585-332-3087,Austin,TX,USA,2025-03-30,Paid Search,25-34,Other
3232,Charlotte,Davis,charlotte.davis3232@example.com,+1-585-498-2789,Denver,CO,USA,2024-07-02,Paid Search,55+,Male
3233,Theodore,Lewis,theodore.lewis3233@example.com,+1-585-595-8439,Miami,FL,USA,2024-06-14,Display,45-54,Other
3234,Benjamin,Brown,benjamin.brown3234@example.com,+1-585-622-8892,Seattle,WA,USA,2024-03-23,Organic Search,35-44,Male
3235,Lucas,Lee,lucas.lee3235@example.com,+1-585-154-2307,Austin,TX,USA,2024-08-03,Display,45-54,Other
3236,Evelyn,Anderson,evelyn.anderson3236@example.com,+1-585-753-4840,Seattle,WA,USA,2024-03-12,Organic Search,25-34,Other
3237,Amelia,Perez,amelia.perez3237@example.com,+1-585-886-3488,Chicago,IL,USA,2024-05-22,Paid Search,25-34,Other
3238,Isabella,Garcia,isabella.garcia3238@example.com,+1-585-422-7536,Seattle,WA,USA,2024-02-06,Display,25-34,Female
3239,Lucas,Thomas,lucas.thomas3239@example.com,+1-585-835-9123,Denver,CO,USA,2024-07-25,Email,45-54,Other
3240,Noah,Lewis,noah.lewis3240@example.com,+1-585-442-6330,Chicago,IL,USA,2024-05-14,Organic Search,25-34,Other
3241,William,White,william.white3241@example.com,+1-585-308-2258,New York,NY,USA,2024-04-27,Social,25-34,Female
3242,William,Anderson,william.anderson3242@example.com,+1-585-405-6948,Atlanta,GA,USA,2024-06-13,Paid Search,18-24,Male
3243,Emma,Perez,emma.perez3243@example.com,+1-585-251-2864,San Francisco,CA,USA,2024-04-17,Email,55+,Male
3244,Sophia,Smith,sophia.smith3244@example.com,+1-585-597-6709,Seattle,WA,USA,2024-09-13,Paid Search,55+,Other
3245,Olivia,Martinez,olivia.martinez3245@example.com,+1-585-618-9399,Denver,CO,USA,2024-04-28,Referral,35-44,Female
3246,Mia,Brown,mia.brown3246@example.com,+1-585-170-5228,San Francisco,CA,USA,2024-12-02,Social,25-34,Male
3247,Noah,Smith,noah.smith3247@example.com,+1-585-785-9617,Miami,FL,USA,2024-11-21,Social,55+,Female
3248,Emma,Walker,emma.walker3248@example.com,+1-585-455-3251,New York,NY,USA,2024-09-21,Referral,25-34,Other
3249,Liam,Thomas,liam.thomas3249@example.com,+1-585-904-1243,Seattle,WA,USA,2024-06-20,Referral,55+,Other
3250,Lucas,Martin,lucas.martin3250@example.com,+1-585-784-2018,San Francisco,CA,USA,2024-10-17,Paid Search,45-54,Other
3251,Lucas,Martinez,lucas.martinez3251@example.com,+1-585-112-4860,Austin,TX,USA,2024-12-04,Display,18-24,Other
3252,Mia,Jackson,mia.jackson3252@example.com,+1-585-117-4529,Boston,MA,USA,2024-02-10,Organic Search,45-54,Female
3253,Noah,Harris,noah.harris3253@example.com,+1-585-272-4954,Dallas,TX,USA,2024-04-26,Display,35-44,Other
3254,Benjamin,Davis,benjamin.davis3254@example.com,+1-585-662-9951,Boston,MA,USA,2024-02-28,Email,35-44,Female
3255,Charlotte,Martinez,charlotte.martinez3255@example.com,+1-585-955-3254,Atlanta,GA,USA,2024-06-23,Referral,18-24,Male
3256,William,Anderson,william.anderson3256@example.com,+1-585-598-8998,Austin,TX,USA,2024-09-30,Organic Search,25-34,Male
3257,Lucas,Thomas,lucas.thomas3257@example.com,+1-585-233-4044,San Francisco,CA,USA,2024-10-01,Organic Search,45-54,Female
3258,William,Martin,william.martin3258@example.com,+1-585-945-4382,Denver,CO,USA,2024-03-16,Paid Search,55+,Other
3259,William,Young,william.young3259@example.com,+1-585-644-9643,Dallas,TX,USA,2024-11-15,Social,55+,Female
3260,William,Garcia,william.garcia3260@example.com,+1-585-693-2933,Denver,CO,USA,2025-07-28,Paid Search,35-44,Other
3261,Amelia,Garcia,amelia.garcia3261@example.com,+1-585-699-7265,Austin,TX,USA,2024-05-02,Social,45-54,Male
3262,Elijah,Clark,elijah.clark3262@example.com,+1-585-670-7229,Atlanta,GA,USA,2024-06-05,Email,18-24,Female
3263,Charlotte,Clark,charlotte.clark3263@example.com,+1-585-200-5389,Austin,TX,USA,2024-02-09,Referral,45-54,Female
3264,William,Brown,william.brown3264@example.com,+1-585-802-1626,Miami,FL,USA,2024-11-11,Organic Search,35-44,Male
3265,Olivia,Clark,olivia.clark3265@example.com,+1-585-136-3310,Austin,TX,USA,2024-09-05,Paid Search,35-44,Male
3266,Liam,White,liam.white3266@example.com,+1-585-588-1098,Seattle,WA,USA,2024-08-22,Social,35-44,Female
3267,Elijah,Garcia,elijah.garcia3267@example.com,+1-585-104-7526,Dallas,TX,USA,2024-06-27,Social,18-24,Female
3268,Elijah,Johnson,elijah.johnson3268@example.com,+1-585-206-6675,Denver,CO,USA,2024-04-22,Paid Search,55+,Female
3269,Isabella,Harris,isabella.harris3269@example.com,+1-585-465-9520,Denver,CO,USA,2024-04-01,Organic Search,25-34,Female
3270,Olivia,Anderson,olivia.anderson3270@example.com,+1-585-285-3345,San Francisco,CA,USA,2024-02-04,Email,55+,Other
3271,Isabella,Martinez,isabella.martinez3271@example.com,+1-585-748-9567,Dallas,TX,USA,2024-11-20,Organic Search,18-24,Male
3272,Sophia,Taylor,sophia.taylor3272@example.com,+1-585-832-2720,New York,NY,USA,2024-05-24,Social,18-24,Female
3273,Isabella,Clark,isabella.clark3273@example.com,+1-585-654-7366,Seattle,WA,USA,2024-07-14,Organic Search,25-34,Female
3274,Isabella,Clark,isabella.clark3274@example.com,+1-585-208-4615,Seattle,WA,USA,2024-06-02,Referral,18-24,Male
3275,Theodore,Martinez,theodore.martinez3275@example.com,+1-585-597-3617,Austin,TX,USA,2025-08-05,Display,18-24,Female
3276,Ava,Clark,ava.clark3276@example.com,+1-585-925-8598,San Francisco,CA,USA,2024-12-21,Display,35-44,Other
3277,Olivia,Thomas,olivia.thomas3277@example.com,+1-585-425-6047,San Francisco,CA,USA,2024-05-05,Display,45-54,Female
3278,Harper,Thompson,harper.thompson3278@example.com,+1-585-424-4910,Atlanta,GA,USA,2024-12-01,Referral,45-54,Female
3279,Emma,Young,emma.young3279@example.com,+1-585-645-7566,Miami,FL,USA,2024-08-25,Email,45-54,Other
3280,Ava,Brown,ava.brown3280@example.com,+1-585-188-8219,Seattle,WA,USA,2024-02-23,Email,55+,Other
3281,Benjamin,Taylor,benjamin.taylor3281@example.com,+1-585-680-9009,Austin,TX,USA,2024-08-03,Social,18-24,Other
3282,Theodore,Martin,theodore.martin3282@example.com,+1-585-334-6721,Miami,FL,USA,2024-08-31,Referral,55+,Male
3283,Ava,Smith,ava.smith3283@example.com,+1-585-931-9512,San Francisco,CA,USA,2024-04-28,Email,55+,Other
3284,Benjamin,Anderson,benjamin.anderson3284@example.com,+1-585-681-4711,Miami,FL,USA,2024-02-04,Organic Search,25-34,Female
3285,Theodore,Perez,theodore.perez3285@example.com,+1-585-236-7608,Atlanta,GA,USA,2024-06-19,Paid Search,25-34,Other
3286,Elijah,Martin,elijah.martin3286@example.com,+1-585-976-1398,Austin,TX,USA,2024-08-04,Organic Search,55+,Female
3287,William,Thomas,william.thomas3287@example.com,+1-585-844-3605,Boston,MA,USA,2025-01-20,Referral,35-44,Other
3288,Noah,White,noah.white3288@example.com,+1-585-453-5115,Seattle,WA,USA,2024-03-28,Organic Search,35-44,Female
3289,Noah,White,noah.white3289@example.com,+1-585-711-7771,Boston,MA,USA,2024-07-17,Referral,25-34,Other
3290,Olivia,Garcia,olivia.garcia3290@example.com,+1-585-179-6583,San Francisco,CA,USA,2024-08-10,Social,18-24,Female
3291,Evelyn,Martin,evelyn.martin3291@example.com,+1-585-297-8862,Miami,FL,USA,2024-06-22,Email,45-54,Female
3292,Elijah,Jackson,elijah.jackson3292@example.com,+1-585-269-1177,Seattle,WA,USA,2024-08-10,Organic Search,25-34,Male
3293,Lucas,Smith,lucas.smith3293@example.com,+1-585-357-7406,Denver,CO,USA,2024-09-30,Email,55+,Male
3294,Elijah,White,elijah.white3294@example.com,+1-585-763-3319,Austin,TX,USA,2024-07-15,Display,25-34,Male
3295,William,Martinez,william.martinez3295@example.com,+1-585-290-1981,Denver,CO,USA,2024-07-12,Paid Search,45-54,Female
3296,Ava,Walker,ava.walker3296@example.com,+1-585-269-3288,San Francisco,CA,USA,2024-01-09,Email,18-24,Female
3297,Sophia,Lee,sophia.lee3297@example.com,+1-585-674-9614,San Francisco,CA,USA,2024-08-09,Organic Search,25-34,Other
3298,Amelia,Garcia,amelia.garcia3298@example.com,+1-585-909-7292,Seattle,WA,USA,2024-12-06,Paid Search,35-44,Male
3299,Isabella,Martinez,isabella.martinez3299@example.com,+1-585-420-8190,Atlanta,GA,USA,2024-04-06,Referral,18-24,Female
3300,Benjamin,Jackson,benjamin.jackson3300@example.com,+1-585-258-8577,New York,NY,USA,2025-01-12,Social,25-34,Male
3301,Benjamin,Clark,benjamin.clark3301@example.com,+1-585-780-9809,Austin,TX,USA,2024-10-24,Email,45-54,Male
3302,William,Harris,william.harris3302@example.com,+1-585-576-6785,Boston,MA,USA,2024-07-05,Paid Search,25-34,Female
3303,Henry,Thompson,henry.thompson3303@example.com,+1-585-431-1135,New York,NY,USA,2024-10-17,Social,35-44,Male
3304,Evelyn,Smith,evelyn.smith3304@example.com,+1-585-520-7088,San Francisco,CA,USA,2024-10-14,Email,35-44,Female
3305,Mia,Perez,mia.perez3305@example.com,+1-585-453-8332,Dallas,TX,USA,2024-01-14,Social,45-54,Female
3306,Evelyn,Clark,evelyn.clark3306@example.com,+1-585-197-7385,Austin,TX,USA,2024-07-06,Paid Search,25-34,Male
3307,Ava,Garcia,ava.garcia3307@example.com,+1-585-799-3759,San Francisco,CA,USA,2024-09-01,Organic Search,25-34,Male
3308,Noah,Martinez,noah.martinez3308@example.com,+1-585-628-2456,Boston,MA,USA,2024-08-17,Display,45-54,Female
3309,Isabella,Walker,isabella.walker3309@example.com,+1-585-754-7379,New York,NY,USA,2024-03-20,Social,25-34,Female
3310,James,Walker,james.walker3310@example.com,+1-585-451-4158,Boston,MA,USA,2024-11-10,Email,35-44,Other
3311,Evelyn,Johnson,evelyn.johnson3311@example.com,+1-585-615-1204,San Francisco,CA,USA,2024-05-12,Social,35-44,Female
3312,Harper,Clark,harper.clark3312@example.com,+1-585-868-5639,Atlanta,GA,USA,2024-10-14,Email,45-54,Other
3313,William,Taylor,william.taylor3313@example.com,+1-585-338-8052,Atlanta,GA,USA,2024-06-28,Email,18-24,Female
3314,Sophia,Lewis,sophia.lewis3314@example.com,+1-585-851-5948,Boston,MA,USA,2024-03-16,Email,45-54,Male
3315,Henry,Clark,henry.clark3315@example.com,+1-585-304-9472,Seattle,WA,USA,2024-05-26,Paid Search,18-24,Female
3316,Benjamin,Smith,benjamin.smith3316@example.com,+1-585-646-4066,Dallas,TX,USA,2024-05-29,Organic Search,45-54,Male
3317,William,Clark,william.clark3317@example.com,+1-585-348-9633,San Francisco,CA,USA,2025-08-09,Display,45-54,Male
3318,Isabella,Garcia,isabella.garcia3318@example.com,+1-585-651-3652,Denver,CO,USA,2024-05-23,Referral,25-34,Other
3319,Evelyn,Smith,evelyn.smith3319@example.com,+1-585-842-5206,Austin,TX,USA,2025-05-18,Display,18-24,Female
3320,Harper,Anderson,harper.anderson3320@example.com,+1-585-762-7227,Dallas,TX,USA,2025-02-15,Referral,55+,Female
3321,Liam,Martin,liam.martin3321@example.com,+1-585-778-5203,Miami,FL,USA,2025-04-03,Social,45-54,Female
3322,Elijah,Walker,elijah.walker3322@example.com,+1-585-423-8685,Chicago,IL,USA,2024-08-06,Paid Search,35-44,Other
3323,Evelyn,Young,evelyn.young3323@example.com,+1-585-791-1469,Boston,MA,USA,2024-07-29,Display,18-24,Female
3324,Elijah,Smith,elijah.smith3324@example.com,+1-585-510-6203,Austin,TX,USA,2024-04-11,Organic Search,18-24,Male
3325,Henry,White,henry.white3325@example.com,+1-585-350-3639,Boston,MA,USA,2025-04-19,Display,55+,Other
3326,Lucas,Thompson,lucas.thompson3326@example.com,+1-585-443-7111,Atlanta,GA,USA,2024-04-05,Organic Search,55+,Male
3327,Harper,Martin,harper.martin3327@example.com,+1-585-349-2847,Denver,CO,USA,2024-08-26,Social,25-34,Male
3328,Charlotte,Perez,charlotte.perez3328@example.com,+1-585-550-9701,New York,NY,USA,2025-01-04,Social,18-24,Other
3329,Benjamin,Jackson,benjamin.jackson3329@example.com,+1-585-291-7109,Dallas,TX,USA,2024-02-21,Organic Search,25-34,Male
3330,Charlotte,Jackson,charlotte.jackson3330@example.com,+1-585-428-3670,Miami,FL,USA,2024-05-10,Referral,18-24,Other
3331,Sophia,Clark,sophia.clark3331@example.com,+1-585-482-7749,Seattle,WA,USA,2024-06-21,Organic Search,35-44,Female
3332,Henry,Perez,henry.perez3332@example.com,+1-585-226-9984,Denver,CO,USA,2024-07-15,Paid Search,18-24,Male
3333,Charlotte,Jackson,charlotte.jackson3333@example.com,+1-585-804-8848,Atlanta,GA,USA,2024-05-22,Paid Search,35-44,Other
3334,Theodore,Young,theodore.young3334@example.com,+1-585-613-5632,Dallas,TX,USA,2024-08-06,Referral,25-34,Other
3335,Mia,Thomas,mia.thomas3335@example.com,+1-585-266-5783,Dallas,TX,USA,2025-05-05,Social,25-34,Male
3336,Theodore,Brown,theodore.brown3336@example.com,+1-585-985-1763,Austin,TX,USA,2024-06-01,Social,35-44,Female
3337,James,Young,james.young3337@example.com,+1-585-919-8213,Dallas,TX,USA,2024-07-08,Referral,18-24,Male
3338,Liam,Smith,liam.smith3338@example.com,+1-585-698-5703,Dallas,TX,USA,2024-09-29,Referral,35-44,Male
3339,William,Thompson,william.thompson3339@example.com,+1-585-181-6977,Miami,FL,USA,2024-10-10,Email,55+,Male
3340,Olivia,Lee,olivia.lee3340@example.com,+1-585-395-7690,Chicago,IL,USA,2024-04-04,Paid Search,55+,Male
3341,Noah,Martinez,noah.martinez3341@example.com,+1-585-426-3217,San Francisco,CA,USA,2024-11-25,Referral,45-54,Female
3342,Amelia,Taylor,amelia.taylor3342@example.com,+1-585-258-5258,San Francisco,CA,USA,2025-03-10,Social,35-44,Female
3343,Mia,Johnson,mia.johnson3343@example.com,+1-585-636-6279,Denver,CO,USA,2024-08-02,Email,55+,Female
3344,Mia,Harris,mia.harris3344@example.com,+1-585-646-1229,New York,NY,USA,2024-10-31,Social,25-34,Male
3345,Benjamin,Thompson,benjamin.thompson3345@example.com,+1-585-891-2767,Boston,MA,USA,2025-03-03,Referral,18-24,Female
3346,Theodore,Young,theodore.young3346@example.com,+1-585-171-9125,Chicago,IL,USA,2024-09-30,Paid Search,35-44,Other
3347,Liam,Young,liam.young3347@example.com,+1-585-883-6273,Dallas,TX,USA,2024-07-28,Organic Search,55+,Other
3348,Lucas,Brown,lucas.brown3348@example.com,+1-585-308-5714,Seattle,WA,USA,2024-01-25,Paid Search,45-54,Other
3349,Sophia,Lee,sophia.lee3349@example.com,+1-585-262-1062,Seattle,WA,USA,2024-05-09,Organic Search,55+,Female
3350,James,Thompson,james.thompson3350@example.com,+1-585-882-8526,San Francisco,CA,USA,2024-10-14,Display,55+,Female
3351,Noah,Anderson,noah.anderson3351@example.com,+1-585-943-4199,Boston,MA,USA,2024-09-03,Referral,18-24,Other
3352,Mia,Johnson,mia.johnson3352@example.com,+1-585-129-1848,New York,NY,USA,2024-10-12,Social,25-34,Other
3353,Ava,White,ava.white3353@example.com,+1-585-679-4425,New York,NY,USA,2024-02-27,Organic Search,25-34,Male
3354,Lucas,Walker,lucas.walker3354@example.com,+1-585-601-9789,Seattle,WA,USA,2024-12-24,Referral,35-44,Female
3355,Liam,Brown,liam.brown3355@example.com,+1-585-918-6890,Chicago,IL,USA,2024-03-15,Email,18-24,Male
3356,James,Anderson,james.anderson3356@example.com,+1-585-668-2056,Atlanta,GA,USA,2024-07-09,Display,55+,Other
3357,Amelia,Thompson,amelia.thompson3357@example.com,+1-585-150-6369,Miami,FL,USA,2024-08-21,Paid Search,25-34,Male
3358,Mia,Martin,mia.martin3358@example.com,+1-585-700-5399,Dallas,TX,USA,2025-03-25,Social,35-44,Female
3359,Emma,Thompson,emma.thompson3359@example.com,+1-585-851-9603,Miami,FL,USA,2024-06-30,Organic Search,35-44,Male
3360,Amelia,Lewis,amelia.lewis3360@example.com,+1-585-897-3739,Miami,FL,USA,2024-07-09,Paid Search,35-44,Female
3361,Oliver,Thomas,oliver.thomas3361@example.com,+1-585-153-3751,Seattle,WA,USA,2024-05-03,Referral,45-54,Other
3362,Elijah,Smith,elijah.smith3362@example.com,+1-585-236-8864,Boston,MA,USA,2024-03-09,Referral,45-54,Female
3363,Sophia,Harris,sophia.harris3363@example.com,+1-585-977-2481,Chicago,IL,USA,2024-09-10,Referral,25-34,Other
3364,James,Davis,james.davis3364@example.com,+1-585-575-9566,Seattle,WA,USA,2025-01-27,Display,25-34,Other
3365,James,Thompson,james.thompson3365@example.com,+1-585-718-5849,Chicago,IL,USA,2024-07-26,Paid Search,18-24,Female
3366,Elijah,Lee,elijah.lee3366@example.com,+1-585-312-9356,San Francisco,CA,USA,2024-03-02,Email,18-24,Female
3367,Benjamin,Martin,benjamin.martin3367@example.com,+1-585-756-6778,San Francisco,CA,USA,2024-06-08,Display,55+,Female
3368,Henry,Walker,henry.walker3368@example.com,+1-585-684-9621,Miami,FL,USA,2024-10-15,Social,18-24,Male
3369,James,Young,james.young3369@example.com,+1-585-584-5636,Chicago,IL,USA,2024-08-03,Social,18-24,Male
3370,Noah,Davis,noah.davis3370@example.com,+1-585-212-9466,Seattle,WA,USA,2024-09-06,Referral,18-24,Male
3371,Olivia,Clark,olivia.clark3371@example.com,+1-585-447-2269,Denver,CO,USA,2024-06-12,Organic Search,18-24,Female
3372,Charlotte,Garcia,charlotte.garcia3372@example.com,+1-585-893-7475,Seattle,WA,USA,2025-01-14,Organic Search,25-34,Female
3373,Elijah,Johnson,elijah.johnson3373@example.com,+1-585-380-5598,Austin,TX,USA,2024-01-27,Display,35-44,Other
3374,Elijah,Brown,elijah.brown3374@example.com,+1-585-962-2645,Denver,CO,USA,2024-04-17,Paid Search,45-54,Female
3375,Ava,Lewis,ava.lewis3375@example.com,+1-585-397-8272,San Francisco,CA,USA,2024-12-24,Paid Search,18-24,Other
3376,Lucas,Lee,lucas.lee3376@example.com,+1-585-342-7371,Miami,FL,USA,2024-08-16,Organic Search,55+,Female
3377,Noah,Anderson,noah.anderson3377@example.com,+1-585-369-3687,New York,NY,USA,2024-08-24,Email,55+,Other
3378,Liam,Martinez,liam.martinez3378@example.com,+1-585-728-7397,Austin,TX,USA,2024-03-19,Display,45-54,Male
3379,Sophia,Davis,sophia.davis3379@example.com,+1-585-198-2923,Miami,FL,USA,2025-05-16,Email,25-34,Female
3380,Benjamin,Taylor,benjamin.taylor3380@example.com,+1-585-898-2390,Boston,MA,USA,2024-05-27,Display,25-34,Male
3381,Harper,Thomas,harper.thomas3381@example.com,+1-585-740-1295,Dallas,TX,USA,2024-12-29,Email,35-44,Other
3382,Isabella,Harris,isabella.harris3382@example.com,+1-585-344-1668,San Francisco,CA,USA,2024-07-29,Display,35-44,Other
3383,Sophia,Thomas,sophia.thomas3383@example.com,+1-585-381-4838,New York,NY,USA,2024-08-09,Paid Search,25-34,Other
3384,Henry,Martinez,henry.martinez3384@example.com,+1-585-847-1455,Denver,CO,USA,2025-02-04,Social,45-54,Female
3385,Evelyn,Thomas,evelyn.thomas3385@example.com,+1-585-991-3601,Boston,MA,USA,2024-04-20,Display,35-44,Other
3386,Noah,Lee,noah.lee3386@example.com,+1-585-750-4755,Seattle,WA,USA,2024-06-16,Display,45-54,Male
3387,William,Martin,william.martin3387@example.com,+1-585-646-8585,Seattle,WA,USA,2024-08-10,Paid Search,18-24,Female
3388,Sophia,Young,sophia.young3388@example.com,+1-585-389-5135,Dallas,TX,USA,2024-06-11,Email,55+,Male
3389,Emma,Taylor,emma.taylor3389@example.com,+1-585-910-9147,Boston,MA,USA,2024-11-24,Social,45-54,Other
3390,Mia,Taylor,mia.taylor3390@example.com,+1-585-549-6697,Austin,TX,USA,2024-06-03,Social,18-24,Other
3391,Theodore,Young,theodore.young3391@example.com,+1-585-353-2858,Seattle,WA,USA,2024-03-15,Referral,25-34,Female
3392,Olivia,Lee,olivia.lee3392@example.com,+1-585-951-1049,Miami,FL,USA,2024-06-09,Email,25-34,Female
3393,Amelia,Brown,amelia.brown3393@example.com,+1-585-306-4683,Dallas,TX,USA,2024-09-03,Organic Search,45-54,Male
3394,Liam,Martinez,liam.martinez3394@example.com,+1-585-922-7589,Chicago,IL,USA,2024-04-16,Social,18-24,Other
3395,Sophia,Taylor,sophia.taylor3395@example.com,+1-585-622-4093,Denver,CO,USA,2024-08-11,Social,35-44,Male
3396,Charlotte,Walker,charlotte.walker3396@example.com,+1-585-465-1825,San Francisco,CA,USA,2024-10-29,Paid Search,18-24,Male
3397,Charlotte,Smith,charlotte.smith3397@example.com,+1-585-336-3118,Seattle,WA,USA,2024-04-19,Email,45-54,Other
3398,Charlotte,White,charlotte.white3398@example.com,+1-585-387-2485,Denver,CO,USA,2025-01-26,Organic Search,18-24,Other
3399,Henry,Smith,henry.smith3399@example.com,+1-585-608-5236,Miami,FL,USA,2024-08-26,Organic Search,35-44,Female
3400,Mia,Martinez,mia.martinez3400@example.com,+1-585-596-5579,Denver,CO,USA,2024-06-28,Social,55+,Female
3401,Elijah,Perez,elijah.perez3401@example.com,+1-585-675-8274,Chicago,IL,USA,2024-07-06,Email,45-54,Other
3402,Olivia,Harris,olivia.harris3402@example.com,+1-585-851-8852,Atlanta,GA,USA,2024-02-27,Display,35-44,Other
3403,Lucas,Thomas,lucas.thomas3403@example.com,+1-585-671-4654,Chicago,IL,USA,2024-07-05,Social,35-44,Other
3404,James,Taylor,james.taylor3404@example.com,+1-585-605-7875,Miami,FL,USA,2024-01-11,Display,35-44,Female
3405,Evelyn,Garcia,evelyn.garcia3405@example.com,+1-585-172-3980,Dallas,TX,USA,2024-06-16,Social,35-44,Female
3406,Theodore,Clark,theodore.clark3406@example.com,+1-585-891-2981,San Francisco,CA,USA,2025-05-19,Display,18-24,Female
3407,Mia,Anderson,mia.anderson3407@example.com,+1-585-279-5116,Denver,CO,USA,2024-07-26,Email,55+,Male
3408,Ava,Lee,ava.lee3408@example.com,+1-585-807-8373,San Francisco,CA,USA,2024-04-06,Display,45-54,Other
3409,Oliver,Jackson,oliver.jackson3409@example.com,+1-585-129-6003,Austin,TX,USA,2025-02-07,Referral,25-34,Female
3410,Olivia,Taylor,olivia.taylor3410@example.com,+1-585-855-5835,Boston,MA,USA,2025-03-11,Referral,35-44,Other
3411,Amelia,Anderson,amelia.anderson3411@example.com,+1-585-733-6445,Boston,MA,USA,2024-08-16,Organic Search,45-54,Other
3412,Noah,Smith,noah.smith3412@example.com,+1-585-385-9599,Dallas,TX,USA,2024-07-16,Referral,18-24,Female
3413,Lucas,Martin,lucas.martin3413@example.com,+1-585-192-1825,Austin,TX,USA,2024-12-02,Display,25-34,Female
3414,Isabella,Lewis,isabella.lewis3414@example.com,+1-585-875-9600,Boston,MA,USA,2024-03-14,Paid Search,18-24,Female
3415,Charlotte,Jackson,charlotte.jackson3415@example.com,+1-585-405-1134,Dallas,TX,USA,2025-02-24,Display,45-54,Female
3416,Liam,Martinez,liam.martinez3416@example.com,+1-585-266-6532,Denver,CO,USA,2025-09-20,Social,18-24,Male
3417,Lucas,Anderson,lucas.anderson3417@example.com,+1-585-543-8759,Denver,CO,USA,2024-08-28,Display,25-34,Female
3418,Noah,Lewis,noah.lewis3418@example.com,+1-585-840-9507,Miami,FL,USA,2024-11-23,Paid Search,35-44,Female
3419,Charlotte,Davis,charlotte.davis3419@example.com,+1-585-246-1921,Denver,CO,USA,2024-03-12,Social,18-24,Other
3420,William,Martinez,william.martinez3420@example.com,+1-585-123-2298,Seattle,WA,USA,2024-06-19,Referral,45-54,Female
3421,Harper,Martinez,harper.martinez3421@example.com,+1-585-213-7892,Dallas,TX,USA,2025-03-28,Paid Search,45-54,Other
3422,Noah,Thomas,noah.thomas3422@example.com,+1-585-211-1360,Miami,FL,USA,2025-01-22,Referral,18-24,Female
3423,Liam,Lee,liam.lee3423@example.com,+1-585-416-1657,Miami,FL,USA,2024-05-30,Referral,45-54,Male
3424,Henry,Lee,henry.lee3424@example.com,+1-585-570-6154,New York,NY,USA,2024-05-29,Referral,55+,Male
3425,Isabella,Garcia,isabella.garcia3425@example.com,+1-585-214-3438,New York,NY,USA,2024-03-27,Display,35-44,Female
3426,James,Smith,james.smith3426@example.com,+1-585-544-1477,Chicago,IL,USA,2024-03-29,Email,35-44,Other
3427,Mia,Smith,mia.smith3427@example.com,+1-585-353-6394,Seattle,WA,USA,2024-02-28,Organic Search,25-34,Male
3428,Lucas,Thompson,lucas.thompson3428@example.com,+1-585-305-8131,Chicago,IL,USA,2024-11-28,Social,55+,Male
3429,Ava,Martinez,ava.martinez3429@example.com,+1-585-553-5413,Boston,MA,USA,2024-08-27,Social,55+,Male
3430,Liam,Smith,liam.smith3430@example.com,+1-585-927-5460,Boston,MA,USA,2024-11-20,Email,35-44,Male
3431,Elijah,Smith,elijah.smith3431@example.com,+1-585-372-5719,Boston,MA,USA,2024-05-20,Email,25-34,Male
3432,Olivia,Taylor,olivia.taylor3432@example.com,+1-585-709-1074,Boston,MA,USA,2024-08-14,Referral,25-34,Male
3433,Harper,Smith,harper.smith3433@example.com,+1-585-927-6276,Denver,CO,USA,2024-04-12,Paid Search,55+,Male
3434,Lucas,Garcia,lucas.garcia3434@example.com,+1-585-419-7006,Miami,FL,USA,2024-02-29,Organic Search,25-34,Other
3435,Olivia,Garcia,olivia.garcia3435@example.com,+1-585-370-6815,Austin,TX,USA,2024-10-27,Organic Search,25-34,Other
3436,James,Brown,james.brown3436@example.com,+1-585-778-3688,Austin,TX,USA,2024-12-30,Display,55+,Male
3437,Sophia,Garcia,sophia.garcia3437@example.com,+1-585-938-4448,Seattle,WA,USA,2024-04-28,Referral,35-44,Female
3438,Ava,Johnson,ava.johnson3438@example.com,+1-585-465-7102,Chicago,IL,USA,2024-07-18,Paid Search,18-24,Male
3439,James,Anderson,james.anderson3439@example.com,+1-585-365-3906,New York,NY,USA,2024-04-21,Social,55+,Other
3440,William,Johnson,william.johnson3440@example.com,+1-585-503-5512,Seattle,WA,USA,2024-06-23,Social,55+,Female
3441,Liam,White,liam.white3441@example.com,+1-585-541-1943,Boston,MA,USA,2024-08-30,Email,55+,Male
3442,Evelyn,Jackson,evelyn.jackson3442@example.com,+1-585-962-9629,Miami,FL,USA,2024-03-21,Social,25-34,Male
3443,Ava,Harris,ava.harris3443@example.com,+1-585-653-4800,New York,NY,USA,2024-01-27,Social,35-44,Female
3444,William,Thomas,william.thomas3444@example.com,+1-585-666-4566,Chicago,IL,USA,2024-04-04,Paid Search,45-54,Other
3445,Ava,Perez,ava.perez3445@example.com,+1-585-532-2519,Atlanta,GA,USA,2024-03-15,Paid Search,55+,Other
3446,Noah,Thomas,noah.thomas3446@example.com,+1-585-228-4557,Dallas,TX,USA,2025-05-13,Display,25-34,Other
3447,Oliver,Jackson,oliver.jackson3447@example.com,+1-585-927-4874,Dallas,TX,USA,2024-06-14,Paid Search,18-24,Male
3448,Noah,Anderson,noah.anderson3448@example.com,+1-585-391-3038,San Francisco,CA,USA,2024-06-07,Referral,55+,Female
3449,Lucas,Martin,lucas.martin3449@example.com,+1-585-713-1370,Boston,MA,USA,2024-04-11,Referral,25-34,Female
3450,Evelyn,Thompson,evelyn.thompson3450@example.com,+1-585-452-8629,Denver,CO,USA,2024-08-24,Email,35-44,Other
3451,Oliver,Clark,oliver.clark3451@example.com,+1-585-895-9909,Boston,MA,USA,2024-07-17,Social,35-44,Male
3452,Ava,Anderson,ava.anderson3452@example.com,+1-585-973-1295,San Francisco,CA,USA,2024-03-27,Referral,55+,Male
3453,William,Thompson,william.thompson3453@example.com,+1-585-586-2908,New York,NY,USA,2024-08-27,Email,45-54,Female
3454,Noah,Martinez,noah.martinez3454@example.com,+1-585-589-2549,New York,NY,USA,2025-04-28,Paid Search,35-44,Female
3455,Ava,Lee,ava.lee3455@example.com,+1-585-742-8684,Chicago,IL,USA,2024-05-18,Social,18-24,Other
3456,Emma,Jackson,emma.jackson3456@example.com,+1-585-197-6742,Seattle,WA,USA,2024-08-14,Social,45-54,Male
3457,Mia,Anderson,mia.anderson3457@example.com,+1-585-738-7167,Austin,TX,USA,2024-12-09,Email,18-24,Male
3458,Oliver,Martinez,oliver.martinez3458@example.com,+1-585-112-4041,Chicago,IL,USA,2024-06-22,Paid Search,55+,Other
3459,Isabella,Garcia,isabella.garcia3459@example.com,+1-585-975-5601,Boston,MA,USA,2024-09-23,Organic Search,18-24,Male
3460,Henry,Martin,henry.martin3460@example.com,+1-585-228-1220,Chicago,IL,USA,2024-07-19,Organic Search,55+,Male
3461,Ava,Perez,ava.perez3461@example.com,+1-585-650-8999,Atlanta,GA,USA,2024-08-21,Email,25-34,Male
3462,Olivia,Thomas,olivia.thomas3462@example.com,+1-585-205-1924,Austin,TX,USA,2024-11-06,Display,55+,Female
3463,Theodore,Brown,theodore.brown3463@example.com,+1-585-975-2508,Dallas,TX,USA,2024-11-10,Email,45-54,Female
3464,Charlotte,Lewis,charlotte.lewis3464@example.com,+1-585-820-4295,Austin,TX,USA,2024-07-10,Social,35-44,Other
3465,Elijah,Thompson,elijah.thompson3465@example.com,+1-585-326-8309,Denver,CO,USA,2024-08-22,Paid Search,18-24,Other
3466,Olivia,Johnson,olivia.johnson3466@example.com,+1-585-466-8754,Denver,CO,USA,2024-05-22,Social,25-34,Male
3467,Ava,Perez,ava.perez3467@example.com,+1-585-474-2752,San Francisco,CA,USA,2024-04-26,Email,45-54,Male
3468,Isabella,Smith,isabella.smith3468@example.com,+1-585-816-7908,Denver,CO,USA,2024-08-03,Referral,18-24,Other
3469,Liam,Young,liam.young3469@example.com,+1-585-132-7387,Miami,FL,USA,2025-04-30,Referral,35-44,Male
3470,Lucas,Thomas,lucas.thomas3470@example.com,+1-585-507-6186,Atlanta,GA,USA,2024-04-26,Paid Search,55+,Female
3471,Isabella,Brown,isabella.brown3471@example.com,+1-585-679-5008,Miami,FL,USA,2024-06-17,Email,35-44,Male
3472,Ava,Thomas,ava.thomas3472@example.com,+1-585-458-6169,Atlanta,GA,USA,2024-07-18,Paid Search,18-24,Male
3473,Noah,Garcia,noah.garcia3473@example.com,+1-585-884-9375,Boston,MA,USA,2024-05-17,Organic Search,25-34,Male
3474,Charlotte,Smith,charlotte.smith3474@example.com,+1-585-632-7577,Dallas,TX,USA,2024-02-03,Organic Search,35-44,Other
3475,Harper,Harris,harper.harris3475@example.com,+1-585-942-4587,San Francisco,CA,USA,2024-02-12,Referral,55+,Female
3476,Noah,Perez,noah.perez3476@example.com,+1-585-321-9788,Denver,CO,USA,2024-05-04,Referral,25-34,Other
3477,Benjamin,Perez,benjamin.perez3477@example.com,+1-585-400-9354,Dallas,TX,USA,2024-07-05,Email,25-34,Male
3478,Noah,Martinez,noah.martinez3478@example.com,+1-585-547-6769,San Francisco,CA,USA,2024-04-17,Paid Search,18-24,Other
3479,Emma,White,emma.white3479@example.com,+1-585-840-9874,Boston,MA,USA,2024-10-27,Referral,45-54,Female
3480,Henry,Clark,henry.clark3480@example.com,+1-585-935-6949,Dallas,TX,USA,2024-09-30,Social,45-54,Female
3481,Harper,Jackson,harper.jackson3481@example.com,+1-585-648-8560,Seattle,WA,USA,2024-02-25,Organic Search,55+,Female
3482,Noah,Walker,noah.walker3482@example.com,+1-585-956-8719,Boston,MA,USA,2024-06-01,Display,25-34,Female
3483,Henry,Clark,henry.clark3483@example.com,+1-585-121-3298,Austin,TX,USA,2025-02-24,Organic Search,45-54,Other
3484,Olivia,Brown,olivia.brown3484@example.com,+1-585-318-6258,Denver,CO,USA,2024-07-29,Referral,35-44,Other
3485,William,Harris,william.harris3485@example.com,+1-585-994-9293,Austin,TX,USA,2024-11-20,Social,55+,Other
3486,Liam,Thompson,liam.thompson3486@example.com,+1-585-610-6187,Denver,CO,USA,2024-05-05,Paid Search,18-24,Female
3487,Sophia,Martin,sophia.martin3487@example.com,+1-585-278-3374,Denver,CO,USA,2024-08-24,Display,18-24,Female
3488,Benjamin,Martinez,benjamin.martinez3488@example.com,+1-585-624-4642,San Francisco,CA,USA,2024-05-03,Organic Search,25-34,Male
3489,Benjamin,Smith,benjamin.smith3489@example.com,+1-585-830-5711,Chicago,IL,USA,2024-03-13,Social,25-34,Female
3490,Emma,Thompson,emma.thompson3490@example.com,+1-585-992-4383,Seattle,WA,USA,2025-02-17,Paid Search,18-24,Female
3491,Oliver,Johnson,oliver.johnson3491@example.com,+1-585-283-1257,Denver,CO,USA,2024-03-12,Social,35-44,Other
3492,Harper,Lewis,harper.lewis3492@example.com,+1-585-512-8913,Chicago,IL,USA,2024-04-22,Paid Search,35-44,Male
3493,Noah,Taylor,noah.taylor3493@example.com,+1-585-305-1059,Miami,FL,USA,2024-03-30,Referral,45-54,Male
3494,Emma,Young,emma.young3494@example.com,+1-585-261-5752,Miami,FL,USA,2024-07-04,Display,55+,Male
3495,Noah,Clark,noah.clark3495@example.com,+1-585-628-7062,Seattle,WA,USA,2024-10-08,Social,55+,Other
3496,Theodore,Young,theodore.young3496@example.com,+1-585-881-2592,Boston,MA,USA,2024-07-14,Organic Search,18-24,Other
3497,Ava,Thompson,ava.thompson3497@example.com,+1-585-609-8817,Atlanta,GA,USA,2024-12-31,Social,18-24,Other
3498,Oliver,Clark,oliver.clark3498@example.com,+1-585-483-8076,Dallas,TX,USA,2024-05-29,Social,35-44,Female
3499,William,Davis,william.davis3499@example.com,+1-585-251-3016,Chicago,IL,USA,2024-07-12,Paid Search,25-34,Male
3500,Theodore,Johnson,theodore.johnson3500@example.com,+1-585-176-4787,San Francisco,CA,USA,2024-10-27,Paid Search,35-44,Male
3501,Benjamin,Lewis,benjamin.lewis3501@example.com,+1-585-227-7234,Denver,CO,USA,2024-11-18,Display,35-44,Female
3502,Sophia,Lee,sophia.lee3502@example.com,+1-585-847-5332,Seattle,WA,USA,2024-10-03,Organic Search,18-24,Other
3503,Liam,Taylor,liam.taylor3503@example.com,+1-585-457-8110,Austin,TX,USA,2024-03-10,Email,45-54,Other
3504,Sophia,Harris,sophia.harris3504@example.com,+1-585-601-6082,Atlanta,GA,USA,2024-07-24,Social,55+,Female
3505,Oliver,Lewis,oliver.lewis3505@example.com,+1-585-197-6575,San Francisco,CA,USA,2024-03-30,Organic Search,25-34,Female
3506,William,Lee,william.lee3506@example.com,+1-585-840-2009,Austin,TX,USA,2024-05-01,Social,45-54,Other
3507,Charlotte,Thompson,charlotte.thompson3507@example.com,+1-585-472-1150,Austin,TX,USA,2024-03-26,Social,18-24,Female
3508,Noah,Davis,noah.davis3508@example.com,+1-585-695-5413,Seattle,WA,USA,2024-03-08,Paid Search,55+,Female
3509,William,Anderson,william.anderson3509@example.com,+1-585-133-9811,Dallas,TX,USA,2024-04-25,Email,25-34,Male
3510,Harper,Young,harper.young3510@example.com,+1-585-766-9807,San Francisco,CA,USA,2024-07-21,Email,25-34,Other
3511,Charlotte,Johnson,charlotte.johnson3511@example.com,+1-585-781-7069,San Francisco,CA,USA,2024-04-07,Social,35-44,Male
3512,Oliver,White,oliver.white3512@example.com,+1-585-313-1345,Denver,CO,USA,2025-01-13,Organic Search,35-44,Male
3513,William,Perez,william.perez3513@example.com,+1-585-412-5674,Atlanta,GA,USA,2024-09-18,Referral,18-24,Other
3514,William,Johnson,william.johnson3514@example.com,+1-585-686-8712,Dallas,TX,USA,2024-06-02,Email,18-24,Male
3515,Harper,Taylor,harper.taylor3515@example.com,+1-585-805-4409,Dallas,TX,USA,2025-01-17,Paid Search,35-44,Male
3516,Lucas,Martinez,lucas.martinez3516@example.com,+1-585-889-2769,Chicago,IL,USA,2024-06-08,Display,55+,Male
3517,Isabella,Clark,isabella.clark3517@example.com,+1-585-351-9678,Denver,CO,USA,2024-10-19,Social,25-34,Other
3518,Emma,Young,emma.young3518@example.com,+1-585-481-1718,Seattle,WA,USA,2024-05-30,Email,45-54,Male
3519,Evelyn,Perez,evelyn.perez3519@example.com,+1-585-162-9498,Seattle,WA,USA,2024-05-03,Social,45-54,Female
3520,Theodore,Lewis,theodore.lewis3520@example.com,+1-585-373-2264,Boston,MA,USA,2024-10-31,Social,45-54,Other
3521,Ava,Walker,ava.walker3521@example.com,+1-585-373-6978,Austin,TX,USA,2024-03-16,Paid Search,55+,Male
3522,Olivia,Young,olivia.young3522@example.com,+1-585-906-2251,New York,NY,USA,2024-02-18,Paid Search,35-44,Other
3523,Isabella,Martin,isabella.martin3523@example.com,+1-585-170-1237,Seattle,WA,USA,2024-06-02,Paid Search,25-34,Female
3524,Liam,Garcia,liam.garcia3524@example.com,+1-585-327-6115,Austin,TX,USA,2024-09-13,Organic Search,45-54,Female
3525,Benjamin,Lewis,benjamin.lewis3525@example.com,+1-585-998-4383,Boston,MA,USA,2025-01-10,Paid Search,35-44,Female
3526,Ava,Thompson,ava.thompson3526@example.com,+1-585-329-2204,New York,NY,USA,2024-09-18,Display,55+,Male
3527,Elijah,Young,elijah.young3527@example.com,+1-585-788-3620,Dallas,TX,USA,2024-12-17,Paid Search,35-44,Female
3528,James,Jackson,james.jackson3528@example.com,+1-585-954-2748,San Francisco,CA,USA,2024-06-23,Referral,45-54,Male
3529,William,Anderson,william.anderson3529@example.com,+1-585-566-5415,Austin,TX,USA,2024-07-20,Social,18-24,Other
3530,Isabella,Johnson,isabella.johnson3530@example.com,+1-585-124-1653,Atlanta,GA,USA,2024-05-11,Organic Search,18-24,Other
3531,Isabella,Lewis,isabella.lewis3531@example.com,+1-585-129-4441,Chicago,IL,USA,2024-12-11,Display,55+,Male
3532,James,Walker,james.walker3532@example.com,+1-585-192-6015,San Francisco,CA,USA,2024-09-13,Organic Search,45-54,Other
3533,Sophia,Smith,sophia.smith3533@example.com,+1-585-597-3965,Dallas,TX,USA,2024-05-24,Referral,25-34,Male
3534,Mia,Martin,mia.martin3534@example.com,+1-585-806-9557,Austin,TX,USA,2024-03-04,Referral,45-54,Other
3535,Sophia,Brown,sophia.brown3535@example.com,+1-585-610-5930,Miami,FL,USA,2024-09-02,Email,35-44,Male
3536,Noah,Harris,noah.harris3536@example.com,+1-585-537-7597,Dallas,TX,USA,2024-05-21,Email,55+,Female
3537,William,Johnson,william.johnson3537@example.com,+1-585-418-4349,New York,NY,USA,2024-09-02,Paid Search,45-54,Other
3538,Noah,Perez,noah.perez3538@example.com,+1-585-935-4530,Denver,CO,USA,2024-03-08,Display,25-34,Male
3539,Henry,Clark,henry.clark3539@example.com,+1-585-109-8424,Miami,FL,USA,2025-03-17,Paid Search,18-24,Female
3540,Emma,Thompson,emma.thompson3540@example.com,+1-585-238-6181,New York,NY,USA,2024-03-25,Social,18-24,Other
3541,Lucas,Martin,lucas.martin3541@example.com,+1-585-263-1921,Boston,MA,USA,2024-10-09,Social,18-24,Other
3542,Elijah,Perez,elijah.perez3542@example.com,+1-585-112-5220,Seattle,WA,USA,2024-08-23,Display,45-54,Female
3543,Elijah,Garcia,elijah.garcia3543@example.com,+1-585-890-2550,Miami,FL,USA,2024-09-06,Referral,55+,Female
3544,William,Walker,william.walker3544@example.com,+1-585-368-1782,Dallas,TX,USA,2024-10-09,Social,25-34,Other
3545,Emma,Perez,emma.perez3545@example.com,+1-585-432-2550,Denver,CO,USA,2024-08-04,Social,35-44,Male
3546,Noah,Anderson,noah.anderson3546@example.com,+1-585-446-8627,Boston,MA,USA,2024-06-29,Display,25-34,Female
3547,Henry,Jackson,henry.jackson3547@example.com,+1-585-464-7007,Miami,FL,USA,2024-04-28,Paid Search,25-34,Female
3548,Elijah,Anderson,elijah.anderson3548@example.com,+1-585-994-1157,Seattle,WA,USA,2024-06-29,Organic Search,45-54,Female
3549,Mia,Harris,mia.harris3549@example.com,+1-585-449-1313,Miami,FL,USA,2024-07-27,Paid Search,55+,Male
3550,Olivia,Jackson,olivia.jackson3550@example.com,+1-585-779-7026,Miami,FL,USA,2024-07-09,Referral,45-54,Other
3551,Sophia,Lee,sophia.lee3551@example.com,+1-585-207-2742,Seattle,WA,USA,2024-06-15,Display,35-44,Female
3552,Liam,Taylor,liam.taylor3552@example.com,+1-585-457-1473,Austin,TX,USA,2024-03-08,Organic Search,35-44,Male
3553,Henry,White,henry.white3553@example.com,+1-585-518-1471,Seattle,WA,USA,2024-03-14,Organic Search,55+,Other
3554,William,Perez,william.perez3554@example.com,+1-585-670-9460,New York,NY,USA,2024-07-04,Organic Search,25-34,Female
3555,James,Thomas,james.thomas3555@example.com,+1-585-781-5915,Chicago,IL,USA,2024-12-03,Referral,25-34,Other
3556,Elijah,Perez,elijah.perez3556@example.com,+1-585-140-4146,Boston,MA,USA,2024-12-07,Organic Search,45-54,Male
3557,Evelyn,Brown,evelyn.brown3557@example.com,+1-585-457-2093,San Francisco,CA,USA,2025-04-12,Paid Search,45-54,Male
3558,Charlotte,Perez,charlotte.perez3558@example.com,+1-585-954-9422,Austin,TX,USA,2024-07-07,Organic Search,35-44,Female
3559,Olivia,Walker,olivia.walker3559@example.com,+1-585-368-5848,Boston,MA,USA,2024-03-19,Referral,18-24,Other
3560,Ava,Davis,ava.davis3560@example.com,+1-585-749-7513,San Francisco,CA,USA,2025-03-07,Display,18-24,Male
3561,Isabella,Martin,isabella.martin3561@example.com,+1-585-183-1712,New York,NY,USA,2024-10-18,Display,35-44,Female
3562,Mia,Anderson,mia.anderson3562@example.com,+1-585-397-7061,Miami,FL,USA,2024-06-06,Referral,55+,Other
3563,Benjamin,Martinez,benjamin.martinez3563@example.com,+1-585-456-4280,Atlanta,GA,USA,2024-06-24,Email,35-44,Male
3564,Sophia,Harris,sophia.harris3564@example.com,+1-585-143-9113,Seattle,WA,USA,2024-06-01,Paid Search,55+,Female
3565,Benjamin,Martinez,benjamin.martinez3565@example.com,+1-585-236-6682,San Francisco,CA,USA,2024-07-09,Paid Search,25-34,Other
3566,James,Martin,james.martin3566@example.com,+1-585-576-5936,Chicago,IL,USA,2024-07-26,Social,25-34,Other
3567,Lucas,Walker,lucas.walker3567@example.com,+1-585-620-9188,Boston,MA,USA,2024-01-27,Email,55+,Other
3568,James,Clark,james.clark3568@example.com,+1-585-910-3775,Denver,CO,USA,2024-11-30,Organic Search,55+,Female
3569,Harper,Taylor,harper.taylor3569@example.com,+1-585-984-3592,Chicago,IL,USA,2024-09-20,Social,45-54,Male
3570,Emma,Young,emma.young3570@example.com,+1-585-930-9661,Chicago,IL,USA,2024-08-07,Social,25-34,Female
3571,Henry,Lee,henry.lee3571@example.com,+1-585-692-6856,Dallas,TX,USA,2024-07-29,Display,18-24,Male
3572,Sophia,Lee,sophia.lee3572@example.com,+1-585-254-4239,New York,NY,USA,2024-03-19,Email,25-34,Female
3573,Benjamin,Taylor,benjamin.taylor3573@example.com,+1-585-484-7590,Austin,TX,USA,2025-02-10,Display,45-54,Female
3574,Henry,Martin,henry.martin3574@example.com,+1-585-725-9302,Atlanta,GA,USA,2024-11-08,Display,35-44,Male
3575,Mia,Young,mia.young3575@example.com,+1-585-281-5387,New York,NY,USA,2024-04-18,Paid Search,35-44,Male
3576,Charlotte,Davis,charlotte.davis3576@example.com,+1-585-296-1284,San Francisco,CA,USA,2024-05-06,Paid Search,35-44,Male
3577,Amelia,Martin,amelia.martin3577@example.com,+1-585-645-1646,San Francisco,CA,USA,2024-08-25,Referral,45-54,Other
3578,Evelyn,Young,evelyn.young3578@example.com,+1-585-292-1893,Seattle,WA,USA,2024-10-29,Paid Search,25-34,Male
3579,Olivia,Davis,olivia.davis3579@example.com,+1-585-616-4611,Austin,TX,USA,2024-03-03,Organic Search,35-44,Male
3580,Liam,Garcia,liam.garcia3580@example.com,+1-585-830-6969,San Francisco,CA,USA,2024-08-24,Organic Search,25-34,Male
3581,James,Thomas,james.thomas3581@example.com,+1-585-498-2481,Denver,CO,USA,2024-05-11,Display,25-34,Male
3582,Henry,Johnson,henry.johnson3582@example.com,+1-585-469-4051,Chicago,IL,USA,2024-06-05,Email,35-44,Other
3583,Sophia,Lewis,sophia.lewis3583@example.com,+1-585-692-5259,Dallas,TX,USA,2024-12-10,Referral,18-24,Female
3584,Elijah,White,elijah.white3584@example.com,+1-585-684-2076,Atlanta,GA,USA,2024-05-30,Display,55+,Male
3585,Oliver,Martin,oliver.martin3585@example.com,+1-585-955-6666,Miami,FL,USA,2024-06-10,Referral,55+,Other
3586,Olivia,Lee,olivia.lee3586@example.com,+1-585-453-2428,Austin,TX,USA,2024-06-06,Display,45-54,Male
3587,Theodore,Davis,theodore.davis3587@example.com,+1-585-402-3377,Austin,TX,USA,2025-01-26,Email,55+,Male
3588,Harper,Taylor,harper.taylor3588@example.com,+1-585-468-8092,Miami,FL,USA,2024-05-20,Referral,18-24,Male
3589,Henry,Walker,henry.walker3589@example.com,+1-585-883-5971,New York,NY,USA,2024-12-11,Display,35-44,Other
3590,Amelia,Martin,amelia.martin3590@example.com,+1-585-417-7829,Dallas,TX,USA,2024-12-30,Organic Search,45-54,Other
3591,Theodore,Davis,theodore.davis3591@example.com,+1-585-310-8727,Boston,MA,USA,2024-06-20,Email,35-44,Female
3592,Theodore,Clark,theodore.clark3592@example.com,+1-585-944-5749,New York,NY,USA,2024-03-20,Organic Search,25-34,Female
3593,Henry,Martin,henry.martin3593@example.com,+1-585-645-4435,Seattle,WA,USA,2024-06-26,Paid Search,45-54,Other
3594,Henry,Lewis,henry.lewis3594@example.com,+1-585-983-8046,Denver,CO,USA,2024-04-24,Referral,45-54,Female
3595,Harper,Lewis,harper.lewis3595@example.com,+1-585-626-4042,Denver,CO,USA,2024-03-11,Display,55+,Other
3596,Sophia,Jackson,sophia.jackson3596@example.com,+1-585-587-5657,Chicago,IL,USA,2025-03-21,Paid Search,55+,Female
3597,Noah,Garcia,noah.garcia3597@example.com,+1-585-951-4888,Denver,CO,USA,2024-05-05,Social,55+,Other
3598,James,Perez,james.perez3598@example.com,+1-585-493-1521,Atlanta,GA,USA,2024-03-24,Referral,55+,Other
3599,Olivia,Walker,olivia.walker3599@example.com,+1-585-833-5007,Seattle,WA,USA,2024-11-06,Social,45-54,Female
3600,Ava,Anderson,ava.anderson3600@example.com,+1-585-500-4549,Boston,MA,USA,2024-06-04,Organic Search,25-34,Female
3601,Oliver,Thomas,oliver.thomas3601@example.com,+1-585-905-9508,Atlanta,GA,USA,2024-03-08,Email,18-24,Male
3602,James,Martin,james.martin3602@example.com,+1-585-642-9785,New York,NY,USA,2024-12-11,Display,35-44,Female
3603,Oliver,Martin,oliver.martin3603@example.com,+1-585-493-7179,New York,NY,USA,2025-03-03,Email,35-44,Male
3604,Emma,Davis,emma.davis3604@example.com,+1-585-265-2845,San Francisco,CA,USA,2024-02-26,Social,18-24,Male
3605,Amelia,Johnson,amelia.johnson3605@example.com,+1-585-499-2708,San Francisco,CA,USA,2024-09-23,Organic Search,55+,Other
3606,Theodore,White,theodore.white3606@example.com,+1-585-591-9438,Boston,MA,USA,2024-07-14,Display,45-54,Male
3607,Charlotte,Davis,charlotte.davis3607@example.com,+1-585-207-1375,San Francisco,CA,USA,2024-07-03,Organic Search,35-44,Female
3608,Theodore,Garcia,theodore.garcia3608@example.com,+1-585-272-7355,Dallas,TX,USA,2024-08-03,Paid Search,55+,Female
3609,Evelyn,Clark,evelyn.clark3609@example.com,+1-585-931-9831,New York,NY,USA,2024-03-13,Referral,25-34,Female
3610,Charlotte,Taylor,charlotte.taylor3610@example.com,+1-585-791-8431,Seattle,WA,USA,2024-07-20,Display,55+,Other
3611,Oliver,Walker,oliver.walker3611@example.com,+1-585-794-5338,Boston,MA,USA,2024-08-16,Display,35-44,Male
3612,Isabella,Thomas,isabella.thomas3612@example.com,+1-585-812-4465,Boston,MA,USA,2024-10-28,Email,55+,Male
3613,Sophia,Jackson,sophia.jackson3613@example.com,+1-585-989-9019,Dallas,TX,USA,2024-06-12,Email,35-44,Female
3614,Lucas,Lee,lucas.lee3614@example.com,+1-585-255-5586,Miami,FL,USA,2024-08-10,Paid Search,18-24,Other
3615,Emma,Lee,emma.lee3615@example.com,+1-585-307-8790,Miami,FL,USA,2024-06-29,Organic Search,18-24,Male
3616,Olivia,White,olivia.white3616@example.com,+1-585-194-1625,Chicago,IL,USA,2024-11-11,Display,18-24,Other
3617,James,Lewis,james.lewis3617@example.com,+1-585-685-6528,Boston,MA,USA,2024-05-27,Organic Search,25-34,Male
3618,Noah,Lee,noah.lee3618@example.com,+1-585-909-2176,Seattle,WA,USA,2024-02-21,Paid Search,45-54,Other
3619,Benjamin,Brown,benjamin.brown3619@example.com,+1-585-380-3692,Austin,TX,USA,2024-08-22,Display,35-44,Other
3620,Lucas,Taylor,lucas.taylor3620@example.com,+1-585-158-6540,Denver,CO,USA,2024-06-08,Paid Search,25-34,Male
3621,Henry,Brown,henry.brown3621@example.com,+1-585-905-2615,Denver,CO,USA,2024-12-26,Display,25-34,Female
3622,James,Johnson,james.johnson3622@example.com,+1-585-606-5033,Denver,CO,USA,2025-02-28,Social,35-44,Female
3623,Harper,Young,harper.young3623@example.com,+1-585-994-8767,Chicago,IL,USA,2024-10-20,Paid Search,35-44,Male
3624,Liam,Taylor,liam.taylor3624@example.com,+1-585-441-8414,Miami,FL,USA,2024-12-24,Social,18-24,Female
3625,Isabella,Clark,isabella.clark3625@example.com,+1-585-584-9686,Denver,CO,USA,2024-04-25,Social,45-54,Female
3626,Mia,Garcia,mia.garcia3626@example.com,+1-585-761-4784,San Francisco,CA,USA,2024-05-24,Social,45-54,Other
3627,Theodore,Anderson,theodore.anderson3627@example.com,+1-585-369-1859,Austin,TX,USA,2024-07-25,Organic Search,55+,Female
3628,Harper,Smith,harper.smith3628@example.com,+1-585-233-7461,San Francisco,CA,USA,2024-06-01,Organic Search,45-54,Other
3629,Emma,Brown,emma.brown3629@example.com,+1-585-558-7250,Seattle,WA,USA,2025-04-08,Referral,18-24,Male
3630,Emma,Thompson,emma.thompson3630@example.com,+1-585-993-9601,Denver,CO,USA,2025-02-16,Email,45-54,Female
3631,Elijah,Taylor,elijah.taylor3631@example.com,+1-585-136-2532,Miami,FL,USA,2024-06-09,Display,35-44,Male
3632,Emma,Brown,emma.brown3632@example.com,+1-585-309-2437,Atlanta,GA,USA,2024-06-29,Email,55+,Female
3633,Theodore,Lewis,theodore.lewis3633@example.com,+1-585-518-3732,Boston,MA,USA,2024-05-15,Email,55+,Female
3634,Isabella,White,isabella.white3634@example.com,+1-585-283-1793,Austin,TX,USA,2024-01-21,Social,55+,Male
3635,Evelyn,Walker,evelyn.walker3635@example.com,+1-585-886-2460,Denver,CO,USA,2024-10-10,Email,18-24,Other
3636,Emma,Martinez,emma.martinez3636@example.com,+1-585-102-7658,Miami,FL,USA,2024-04-20,Social,25-34,Other
3637,Theodore,Perez,theodore.perez3637@example.com,+1-585-689-3280,Seattle,WA,USA,2024-10-16,Paid Search,18-24,Female
3638,Liam,Anderson,liam.anderson3638@example.com,+1-585-956-1590,Miami,FL,USA,2024-04-25,Organic Search,55+,Male
3639,Mia,Walker,mia.walker3639@example.com,+1-585-895-5756,Miami,FL,USA,2025-02-04,Organic Search,18-24,Other
3640,Evelyn,Lewis,evelyn.lewis3640@example.com,+1-585-636-2111,Seattle,WA,USA,2024-06-18,Paid Search,45-54,Male
3641,Benjamin,Young,benjamin.young3641@example.com,+1-585-419-8374,Dallas,TX,USA,2024-09-07,Email,55+,Other
3642,Sophia,Davis,sophia.davis3642@example.com,+1-585-873-8826,San Francisco,CA,USA,2024-08-17,Referral,45-54,Female
3643,Benjamin,Clark,benjamin.clark3643@example.com,+1-585-315-3816,Boston,MA,USA,2024-12-08,Display,25-34,Other
3644,Elijah,Davis,elijah.davis3644@example.com,+1-585-706-6190,San Francisco,CA,USA,2024-07-01,Referral,55+,Other
3645,Benjamin,Johnson,benjamin.johnson3645@example.com,+1-585-550-6956,San Francisco,CA,USA,2024-01-04,Organic Search,25-34,Female
3646,Charlotte,Thomas,charlotte.thomas3646@example.com,+1-585-439-4761,Dallas,TX,USA,2024-11-08,Organic Search,55+,Male
3647,Theodore,Davis,theodore.davis3647@example.com,+1-585-161-6916,Dallas,TX,USA,2024-06-21,Display,45-54,Other
3648,William,Thompson,william.thompson3648@example.com,+1-585-903-7118,Austin,TX,USA,2024-06-24,Display,45-54,Other
3649,James,Thomas,james.thomas3649@example.com,+1-585-457-9324,Chicago,IL,USA,2024-12-02,Paid Search,18-24,Other
3650,Emma,Garcia,emma.garcia3650@example.com,+1-585-826-2903,New York,NY,USA,2024-10-28,Referral,45-54,Male
3651,Ava,Perez,ava.perez3651@example.com,+1-585-904-2968,Denver,CO,USA,2024-10-18,Referral,45-54,Female
3652,Charlotte,Perez,charlotte.perez3652@example.com,+1-585-829-6025,Denver,CO,USA,2024-08-12,Display,45-54,Other
3653,Amelia,Johnson,amelia.johnson3653@example.com,+1-585-340-8008,Chicago,IL,USA,2024-04-27,Social,45-54,Female
3654,Harper,Harris,harper.harris3654@example.com,+1-585-915-4150,Chicago,IL,USA,2024-02-11,Referral,18-24,Male
3655,Elijah,Thompson,elijah.thompson3655@example.com,+1-585-168-4125,Dallas,TX,USA,2024-01-09,Paid Search,25-34,Female
3656,Benjamin,White,benjamin.white3656@example.com,+1-585-884-3711,San Francisco,CA,USA,2024-10-26,Email,25-34,Female
3657,Henry,Johnson,henry.johnson3657@example.com,+1-585-375-8391,New York,NY,USA,2025-02-14,Display,18-24,Male
3658,Noah,Clark,noah.clark3658@example.com,+1-585-920-2607,Seattle,WA,USA,2024-05-17,Referral,35-44,Male
3659,Sophia,Thompson,sophia.thompson3659@example.com,+1-585-670-4757,Austin,TX,USA,2024-04-30,Social,55+,Female
3660,James,Walker,james.walker3660@example.com,+1-585-475-7846,Denver,CO,USA,2024-05-25,Organic Search,45-54,Male
3661,Amelia,Harris,amelia.harris3661@example.com,+1-585-300-1486,Austin,TX,USA,2024-04-08,Email,45-54,Female
3662,William,Thompson,william.thompson3662@example.com,+1-585-164-6541,Austin,TX,USA,2024-03-28,Referral,25-34,Male
3663,Emma,Thomas,emma.thomas3663@example.com,+1-585-988-2692,Austin,TX,USA,2024-01-20,Display,55+,Other
3664,Sophia,Martinez,sophia.martinez3664@example.com,+1-585-580-5411,New York,NY,USA,2024-04-04,Social,35-44,Other
3665,Noah,Lee,noah.lee3665@example.com,+1-585-456-2878,Denver,CO,USA,2024-06-19,Display,55+,Other
3666,William,Martinez,william.martinez3666@example.com,+1-585-988-1618,Denver,CO,USA,2024-08-31,Email,25-34,Female
3667,William,Lewis,william.lewis3667@example.com,+1-585-990-2506,Seattle,WA,USA,2024-03-02,Referral,55+,Male
3668,Elijah,Taylor,elijah.taylor3668@example.com,+1-585-986-6738,New York,NY,USA,2024-07-26,Display,25-34,Other
3669,Theodore,Brown,theodore.brown3669@example.com,+1-585-403-7168,Atlanta,GA,USA,2024-04-13,Paid Search,55+,Male
3670,Sophia,Thompson,sophia.thompson3670@example.com,+1-585-152-3274,New York,NY,USA,2024-10-27,Referral,55+,Other
3671,Liam,Martin,liam.martin3671@example.com,+1-585-811-5721,Austin,TX,USA,2024-02-19,Organic Search,18-24,Other
3672,Henry,Martinez,henry.martinez3672@example.com,+1-585-577-6638,Atlanta,GA,USA,2024-05-12,Referral,45-54,Male
3673,Olivia,Young,olivia.young3673@example.com,+1-585-511-1390,Chicago,IL,USA,2024-08-06,Paid Search,45-54,Male
3674,Isabella,Martinez,isabella.martinez3674@example.com,+1-585-821-5247,Austin,TX,USA,2024-05-19,Display,18-24,Male
3675,Henry,Walker,henry.walker3675@example.com,+1-585-605-6622,Dallas,TX,USA,2025-05-17,Paid Search,55+,Male
3676,Benjamin,Thomas,benjamin.thomas3676@example.com,+1-585-665-5776,New York,NY,USA,2024-04-07,Organic Search,45-54,Female
3677,Henry,Young,henry.young3677@example.com,+1-585-616-2494,San Francisco,CA,USA,2024-05-15,Paid Search,45-54,Other
3678,Oliver,Thompson,oliver.thompson3678@example.com,+1-585-882-8913,Seattle,WA,USA,2024-09-19,Display,25-34,Male
3679,Mia,Harris,mia.harris3679@example.com,+1-585-335-1820,Austin,TX,USA,2024-04-22,Paid Search,55+,Male
3680,James,Johnson,james.johnson3680@example.com,+1-585-819-7150,Dallas,TX,USA,2024-10-19,Referral,55+,Female
3681,Mia,Walker,mia.walker3681@example.com,+1-585-561-7981,San Francisco,CA,USA,2024-05-16,Paid Search,25-34,Female
3682,Amelia,Brown,amelia.brown3682@example.com,+1-585-837-3708,Boston,MA,USA,2024-08-18,Display,25-34,Male
3683,Isabella,Smith,isabella.smith3683@example.com,+1-585-718-9995,New York,NY,USA,2024-08-22,Email,25-34,Male
3684,Olivia,Lee,olivia.lee3684@example.com,+1-585-171-1431,Miami,FL,USA,2024-03-29,Social,45-54,Male
3685,Amelia,Garcia,amelia.garcia3685@example.com,+1-585-232-6149,San Francisco,CA,USA,2024-06-01,Paid Search,35-44,Female
3686,William,Young,william.young3686@example.com,+1-585-660-3695,Atlanta,GA,USA,2025-03-19,Display,45-54,Female
3687,Oliver,Thompson,oliver.thompson3687@example.com,+1-585-681-5806,Miami,FL,USA,2024-11-03,Display,25-34,Female
3688,Ava,Smith,ava.smith3688@example.com,+1-585-459-2229,Atlanta,GA,USA,2025-04-14,Email,18-24,Male
3689,Sophia,Young,sophia.young3689@example.com,+1-585-342-5825,Denver,CO,USA,2024-05-12,Email,35-44,Other
3690,Sophia,Martinez,sophia.martinez3690@example.com,+1-585-618-2134,San Francisco,CA,USA,2025-02-01,Display,45-54,Female
3691,James,Walker,james.walker3691@example.com,+1-585-324-3292,San Francisco,CA,USA,2024-04-27,Paid Search,35-44,Female
3692,Elijah,Lewis,elijah.lewis3692@example.com,+1-585-477-1179,Atlanta,GA,USA,2024-09-15,Email,55+,Other
3693,Noah,Martinez,noah.martinez3693@example.com,+1-585-582-3595,San Francisco,CA,USA,2024-11-27,Organic Search,35-44,Female
3694,Liam,White,liam.white3694@example.com,+1-585-548-6736,Austin,TX,USA,2024-06-16,Organic Search,25-34,Other
3695,Theodore,Clark,theodore.clark3695@example.com,+1-585-407-6953,Seattle,WA,USA,2024-04-15,Referral,45-54,Other
3696,Olivia,Lee,olivia.lee3696@example.com,+1-585-252-4205,Atlanta,GA,USA,2024-04-27,Paid Search,25-34,Other
3697,Noah,Young,noah.young3697@example.com,+1-585-950-1649,Seattle,WA,USA,2025-02-04,Email,45-54,Female
3698,Theodore,Johnson,theodore.johnson3698@example.com,+1-585-635-1975,Denver,CO,USA,2024-03-05,Display,45-54,Male
3699,Amelia,Johnson,amelia.johnson3699@example.com,+1-585-148-7958,Miami,FL,USA,2024-11-09,Email,45-54,Female
3700,Emma,Johnson,emma.johnson3700@example.com,+1-585-673-2171,Miami,FL,USA,2024-06-13,Organic Search,45-54,Female
3701,Theodore,Davis,theodore.davis3701@example.com,+1-585-522-9372,Atlanta,GA,USA,2024-03-24,Display,45-54,Female
3702,James,Anderson,james.anderson3702@example.com,+1-585-159-6389,Denver,CO,USA,2024-06-29,Organic Search,45-54,Female
3703,James,Smith,james.smith3703@example.com,+1-585-108-5087,New York,NY,USA,2024-07-11,Email,18-24,Female
3704,Ava,Walker,ava.walker3704@example.com,+1-585-866-7695,New York,NY,USA,2024-12-19,Referral,55+,Male
3705,Oliver,Smith,oliver.smith3705@example.com,+1-585-987-9863,New York,NY,USA,2024-03-18,Email,18-24,Male
3706,Charlotte,Walker,charlotte.walker3706@example.com,+1-585-605-8194,Atlanta,GA,USA,2024-07-21,Paid Search,18-24,Other
3707,Sophia,Thompson,sophia.thompson3707@example.com,+1-585-958-9515,Miami,FL,USA,2024-08-04,Social,35-44,Female
3708,Noah,Thomas,noah.thomas3708@example.com,+1-585-866-1764,Chicago,IL,USA,2024-08-07,Referral,18-24,Other
3709,Lucas,Jackson,lucas.jackson3709@example.com,+1-585-708-8714,Austin,TX,USA,2024-09-16,Organic Search,25-34,Other
3710,Emma,Young,emma.young3710@example.com,+1-585-612-5797,San Francisco,CA,USA,2025-04-09,Email,25-34,Other
3711,Amelia,Walker,amelia.walker3711@example.com,+1-585-682-9564,Austin,TX,USA,2024-06-21,Social,18-24,Female
3712,Liam,Smith,liam.smith3712@example.com,+1-585-914-1321,Dallas,TX,USA,2024-05-28,Email,25-34,Female
3713,Harper,Clark,harper.clark3713@example.com,+1-585-690-6700,Austin,TX,USA,2024-08-14,Display,25-34,Female
3714,Oliver,Thomas,oliver.thomas3714@example.com,+1-585-952-7656,Chicago,IL,USA,2024-10-28,Display,18-24,Other
3715,Henry,Thomas,henry.thomas3715@example.com,+1-585-773-4176,Boston,MA,USA,2024-08-01,Organic Search,45-54,Male
3716,Amelia,Thomas,amelia.thomas3716@example.com,+1-585-970-8840,Denver,CO,USA,2024-06-04,Social,55+,Male
3717,Charlotte,Martin,charlotte.martin3717@example.com,+1-585-869-9674,Atlanta,GA,USA,2024-03-02,Email,35-44,Other
3718,Emma,Lewis,emma.lewis3718@example.com,+1-585-934-9034,San Francisco,CA,USA,2025-06-07,Display,25-34,Other
3719,Lucas,Johnson,lucas.johnson3719@example.com,+1-585-329-5390,San Francisco,CA,USA,2024-03-31,Social,25-34,Male
3720,Charlotte,Thomas,charlotte.thomas3720@example.com,+1-585-801-2012,Seattle,WA,USA,2024-03-27,Paid Search,18-24,Other
3721,James,Davis,james.davis3721@example.com,+1-585-790-5957,Austin,TX,USA,2024-07-21,Referral,25-34,Female
3722,Lucas,Smith,lucas.smith3722@example.com,+1-585-153-9788,Denver,CO,USA,2024-02-27,Social,55+,Female
3723,Henry,Taylor,henry.taylor3723@example.com,+1-585-401-4054,Denver,CO,USA,2024-07-08,Organic Search,18-24,Female
3724,William,Thompson,william.thompson3724@example.com,+1-585-543-2682,Austin,TX,USA,2024-02-27,Social,18-24,Male
3725,Lucas,White,lucas.white3725@example.com,+1-585-812-9721,Dallas,TX,USA,2024-02-26,Organic Search,35-44,Male
3726,Isabella,Clark,isabella.clark3726@example.com,+1-585-206-8854,Atlanta,GA,USA,2024-12-02,Paid Search,18-24,Male
3727,Benjamin,Martin,benjamin.martin3727@example.com,+1-585-494-3709,San Francisco,CA,USA,2024-06-19,Organic Search,35-44,Female
3728,Sophia,Walker,sophia.walker3728@example.com,+1-585-337-9713,Miami,FL,USA,2024-09-09,Paid Search,45-54,Female
3729,Benjamin,Martinez,benjamin.martinez3729@example.com,+1-585-752-6241,Atlanta,GA,USA,2024-07-16,Social,55+,Other
3730,Olivia,Martinez,olivia.martinez3730@example.com,+1-585-611-3116,Austin,TX,USA,2024-05-07,Paid Search,55+,Other
3731,Olivia,Davis,olivia.davis3731@example.com,+1-585-659-2348,New York,NY,USA,2024-11-08,Social,18-24,Male
3732,Emma,Walker,emma.walker3732@example.com,+1-585-620-9469,Boston,MA,USA,2024-09-01,Organic Search,45-54,Female
3733,Amelia,Brown,amelia.brown3733@example.com,+1-585-996-4280,San Francisco,CA,USA,2024-11-16,Organic Search,25-34,Male
3734,Sophia,White,sophia.white3734@example.com,+1-585-357-4798,Dallas,TX,USA,2024-08-29,Organic Search,45-54,Female
3735,Isabella,Perez,isabella.perez3735@example.com,+1-585-680-1282,Chicago,IL,USA,2024-05-26,Paid Search,55+,Male
3736,Mia,Brown,mia.brown3736@example.com,+1-585-581-4591,Austin,TX,USA,2024-10-18,Social,45-54,Female
3737,Emma,Martin,emma.martin3737@example.com,+1-585-738-1295,Denver,CO,USA,2024-02-15,Social,18-24,Female
3738,Amelia,Thompson,amelia.thompson3738@example.com,+1-585-681-3648,New York,NY,USA,2024-02-05,Email,18-24,Female
3739,Elijah,Thomas,elijah.thomas3739@example.com,+1-585-731-9237,Dallas,TX,USA,2024-10-18,Display,35-44,Male
3740,Isabella,Davis,isabella.davis3740@example.com,+1-585-979-7479,Boston,MA,USA,2025-01-03,Display,45-54,Other
3741,Noah,Martin,noah.martin3741@example.com,+1-585-466-4258,Miami,FL,USA,2024-03-24,Display,18-24,Male
3742,Henry,White,henry.white3742@example.com,+1-585-363-3666,New York,NY,USA,2024-05-01,Email,25-34,Other
3743,Benjamin,Smith,benjamin.smith3743@example.com,+1-585-899-2871,Miami,FL,USA,2024-04-01,Social,45-54,Other
3744,Ava,Thompson,ava.thompson3744@example.com,+1-585-756-5140,Atlanta,GA,USA,2024-09-30,Email,18-24,Female
3745,Charlotte,Taylor,charlotte.taylor3745@example.com,+1-585-762-4976,Chicago,IL,USA,2024-09-11,Organic Search,35-44,Male
3746,Harper,Lewis,harper.lewis3746@example.com,+1-585-360-1918,Dallas,TX,USA,2024-07-11,Email,35-44,Male
3747,Harper,Johnson,harper.johnson3747@example.com,+1-585-857-6121,Austin,TX,USA,2025-01-17,Email,35-44,Male
3748,Noah,Jackson,noah.jackson3748@example.com,+1-585-159-8405,Miami,FL,USA,2024-07-02,Social,45-54,Other
3749,Benjamin,Walker,benjamin.walker3749@example.com,+1-585-570-1491,Seattle,WA,USA,2024-07-19,Social,18-24,Female
3750,Isabella,Martin,isabella.martin3750@example.com,+1-585-659-8779,Chicago,IL,USA,2024-07-21,Referral,25-34,Other
3751,Noah,Brown,noah.brown3751@example.com,+1-585-387-7696,San Francisco,CA,USA,2024-04-20,Social,55+,Female
3752,Harper,Thomas,harper.thomas3752@example.com,+1-585-254-5404,Dallas,TX,USA,2024-04-24,Paid Search,45-54,Male
3753,Lucas,Thompson,lucas.thompson3753@example.com,+1-585-123-5089,Boston,MA,USA,2024-08-29,Social,25-34,Female
3754,James,Thomas,james.thomas3754@example.com,+1-585-916-6348,New York,NY,USA,2024-07-03,Referral,45-54,Female
3755,Harper,Perez,harper.perez3755@example.com,+1-585-157-2057,San Francisco,CA,USA,2024-04-10,Organic Search,25-34,Male
3756,Olivia,Harris,olivia.harris3756@example.com,+1-585-608-5677,Miami,FL,USA,2024-07-27,Referral,25-34,Other
3757,William,Thomas,william.thomas3757@example.com,+1-585-443-5389,Boston,MA,USA,2024-06-15,Social,18-24,Male
3758,Elijah,Taylor,elijah.taylor3758@example.com,+1-585-425-1329,Austin,TX,USA,2024-12-25,Email,45-54,Female
3759,Emma,Martin,emma.martin3759@example.com,+1-585-663-4789,Denver,CO,USA,2024-01-09,Display,45-54,Other
3760,Mia,Thomas,mia.thomas3760@example.com,+1-585-838-8344,Atlanta,GA,USA,2024-09-02,Organic Search,45-54,Female
3761,Oliver,Taylor,oliver.taylor3761@example.com,+1-585-775-2216,Denver,CO,USA,2024-05-01,Email,25-34,Female
3762,Elijah,Anderson,elijah.anderson3762@example.com,+1-585-510-2295,Denver,CO,USA,2024-03-04,Display,45-54,Other
3763,Ava,Martin,ava.martin3763@example.com,+1-585-364-5021,Chicago,IL,USA,2024-07-19,Display,25-34,Other
3764,Sophia,Harris,sophia.harris3764@example.com,+1-585-577-3227,Miami,FL,USA,2024-04-05,Referral,25-34,Other
3765,Amelia,Jackson,amelia.jackson3765@example.com,+1-585-255-4074,San Francisco,CA,USA,2024-11-13,Referral,55+,Male
3766,Theodore,Davis,theodore.davis3766@example.com,+1-585-257-4378,Boston,MA,USA,2024-01-14,Email,55+,Other
3767,Elijah,Thompson,elijah.thompson3767@example.com,+1-585-119-4513,Miami,FL,USA,2025-01-12,Organic Search,55+,Female
3768,Charlotte,Martin,charlotte.martin3768@example.com,+1-585-925-2499,Miami,FL,USA,2025-02-09,Organic Search,35-44,Female
3769,Theodore,Taylor,theodore.taylor3769@example.com,+1-585-498-1770,Austin,TX,USA,2024-05-18,Social,35-44,Female
3770,Evelyn,Anderson,evelyn.anderson3770@example.com,+1-585-262-8328,Seattle,WA,USA,2024-09-22,Social,35-44,Female
3771,Harper,Anderson,harper.anderson3771@example.com,+1-585-726-5277,Dallas,TX,USA,2024-08-23,Referral,35-44,Other
3772,Mia,Thomas,mia.thomas3772@example.com,+1-585-226-5069,Austin,TX,USA,2024-03-31,Social,55+,Male
3773,William,Smith,william.smith3773@example.com,+1-585-903-6646,Atlanta,GA,USA,2024-03-10,Paid Search,18-24,Male
3774,Oliver,Harris,oliver.harris3774@example.com,+1-585-255-1008,Miami,FL,USA,2024-07-28,Social,35-44,Male
3775,Elijah,Garcia,elijah.garcia3775@example.com,+1-585-714-3341,Miami,FL,USA,2024-04-25,Paid Search,18-24,Male
3776,Elijah,Anderson,elijah.anderson3776@example.com,+1-585-305-4374,Denver,CO,USA,2024-05-11,Referral,55+,Female
3777,Liam,Lewis,liam.lewis3777@example.com,+1-585-596-4585,Seattle,WA,USA,2024-08-06,Paid Search,55+,Other
3778,Oliver,Thomas,oliver.thomas3778@example.com,+1-585-553-9070,Dallas,TX,USA,2024-07-19,Organic Search,18-24,Female
3779,Sophia,Smith,sophia.smith3779@example.com,+1-585-612-6033,San Francisco,CA,USA,2024-07-17,Email,35-44,Female
3780,Evelyn,Lewis,evelyn.lewis3780@example.com,+1-585-696-2340,Austin,TX,USA,2024-04-07,Email,45-54,Other
3781,Harper,White,harper.white3781@example.com,+1-585-885-1223,Boston,MA,USA,2024-08-21,Email,35-44,Female
3782,Oliver,Harris,oliver.harris3782@example.com,+1-585-420-9583,Boston,MA,USA,2025-01-09,Social,18-24,Other
3783,Liam,White,liam.white3783@example.com,+1-585-813-2138,Miami,FL,USA,2024-11-18,Referral,25-34,Male
3784,Amelia,Garcia,amelia.garcia3784@example.com,+1-585-431-1321,Denver,CO,USA,2024-12-10,Social,18-24,Male
3785,Noah,Martin,noah.martin3785@example.com,+1-585-123-5020,Austin,TX,USA,2024-06-17,Referral,55+,Other
3786,Benjamin,Lee,benjamin.lee3786@example.com,+1-585-853-2982,Denver,CO,USA,2025-08-23,Social,35-44,Female
3787,Olivia,Brown,olivia.brown3787@example.com,+1-585-675-2196,Denver,CO,USA,2024-08-14,Email,25-34,Female
3788,Henry,Perez,henry.perez3788@example.com,+1-585-194-1913,Boston,MA,USA,2024-03-17,Email,45-54,Male
3789,Sophia,Smith,sophia.smith3789@example.com,+1-585-700-5742,Boston,MA,USA,2025-01-26,Paid Search,45-54,Other
3790,Evelyn,Jackson,evelyn.jackson3790@example.com,+1-585-719-8239,Dallas,TX,USA,2024-06-02,Display,25-34,Male
3791,William,White,william.white3791@example.com,+1-585-898-2887,New York,NY,USA,2024-06-26,Referral,35-44,Other
3792,Henry,Walker,henry.walker3792@example.com,+1-585-709-5631,Boston,MA,USA,2024-07-01,Paid Search,18-24,Female
3793,Oliver,Garcia,oliver.garcia3793@example.com,+1-585-340-6153,Austin,TX,USA,2025-03-05,Display,45-54,Male
3794,Elijah,Taylor,elijah.taylor3794@example.com,+1-585-564-2191,Miami,FL,USA,2024-08-05,Referral,25-34,Male
3795,Mia,Jackson,mia.jackson3795@example.com,+1-585-951-1982,Boston,MA,USA,2024-03-22,Social,55+,Other
3796,Oliver,Thomas,oliver.thomas3796@example.com,+1-585-303-5754,Austin,TX,USA,2024-12-09,Social,35-44,Male
3797,Sophia,Young,sophia.young3797@example.com,+1-585-481-3929,Miami,FL,USA,2024-08-03,Email,45-54,Female
3798,Henry,Brown,henry.brown3798@example.com,+1-585-918-4803,New York,NY,USA,2024-06-22,Email,55+,Female
3799,Oliver,Johnson,oliver.johnson3799@example.com,+1-585-936-5621,San Francisco,CA,USA,2025-02-06,Social,35-44,Female
3800,Elijah,Lewis,elijah.lewis3800@example.com,+1-585-564-9185,Denver,CO,USA,2024-09-06,Social,25-34,Male
3801,Emma,Thomas,emma.thomas3801@example.com,+1-585-478-7402,Austin,TX,USA,2024-09-15,Organic Search,35-44,Other
3802,Noah,Lewis,noah.lewis3802@example.com,+1-585-770-7652,Atlanta,GA,USA,2025-03-09,Paid Search,35-44,Female
3803,Henry,Lee,henry.lee3803@example.com,+1-585-214-6074,Seattle,WA,USA,2024-11-25,Email,55+,Other
3804,Elijah,White,elijah.white3804@example.com,+1-585-517-7356,New York,NY,USA,2024-11-08,Organic Search,35-44,Other
3805,Amelia,Perez,amelia.perez3805@example.com,+1-585-813-5269,Atlanta,GA,USA,2024-07-27,Social,35-44,Other
3806,Theodore,Lewis,theodore.lewis3806@example.com,+1-585-463-3067,New York,NY,USA,2024-07-13,Email,45-54,Male
3807,Henry,Thompson,henry.thompson3807@example.com,+1-585-102-2702,Dallas,TX,USA,2024-11-27,Paid Search,18-24,Other
3808,Liam,White,liam.white3808@example.com,+1-585-855-9395,Seattle,WA,USA,2024-08-10,Paid Search,25-34,Female
3809,William,Jackson,william.jackson3809@example.com,+1-585-238-2199,San Francisco,CA,USA,2024-09-14,Organic Search,35-44,Male
3810,Mia,Lewis,mia.lewis3810@example.com,+1-585-875-7660,Boston,MA,USA,2025-04-06,Paid Search,35-44,Other
3811,Benjamin,Thompson,benjamin.thompson3811@example.com,+1-585-470-6930,Miami,FL,USA,2024-05-15,Organic Search,25-34,Other
3812,Mia,Davis,mia.davis3812@example.com,+1-585-501-9516,San Francisco,CA,USA,2024-02-10,Paid Search,25-34,Other
3813,Lucas,Smith,lucas.smith3813@example.com,+1-585-795-6089,Seattle,WA,USA,2024-05-17,Display,55+,Male
3814,Benjamin,Anderson,benjamin.anderson3814@example.com,+1-585-603-6209,Austin,TX,USA,2024-07-30,Display,55+,Male
3815,Oliver,White,oliver.white3815@example.com,+1-585-702-9756,Miami,FL,USA,2024-05-25,Referral,25-34,Other
3816,Liam,Harris,liam.harris3816@example.com,+1-585-521-7735,Chicago,IL,USA,2024-06-10,Paid Search,25-34,Female
3817,Isabella,Brown,isabella.brown3817@example.com,+1-585-209-8403,Dallas,TX,USA,2024-04-07,Display,18-24,Other
3818,Harper,Martin,harper.martin3818@example.com,+1-585-760-7911,Austin,TX,USA,2025-04-01,Organic Search,35-44,Male
3819,James,Walker,james.walker3819@example.com,+1-585-209-7281,Seattle,WA,USA,2024-07-06,Display,18-24,Other
3820,James,Anderson,james.anderson3820@example.com,+1-585-694-7504,Atlanta,GA,USA,2024-08-07,Organic Search,18-24,Male
3821,Harper,Garcia,harper.garcia3821@example.com,+1-585-519-2569,Miami,FL,USA,2024-09-19,Email,18-24,Other
3822,Henry,Lee,henry.lee3822@example.com,+1-585-791-2429,Atlanta,GA,USA,2024-12-25,Paid Search,45-54,Female
3823,Henry,White,henry.white3823@example.com,+1-585-950-4442,Boston,MA,USA,2024-05-20,Referral,18-24,Female
3824,Noah,White,noah.white3824@example.com,+1-585-825-3353,Seattle,WA,USA,2024-07-30,Referral,18-24,Male
3825,Sophia,Perez,sophia.perez3825@example.com,+1-585-961-4015,Dallas,TX,USA,2024-04-05,Paid Search,45-54,Female
3826,Elijah,Walker,elijah.walker3826@example.com,+1-585-413-2351,Boston,MA,USA,2025-01-19,Organic Search,25-34,Male
3827,Amelia,Thomas,amelia.thomas3827@example.com,+1-585-147-2576,Austin,TX,USA,2024-04-14,Referral,25-34,Male
3828,Harper,Young,harper.young3828@example.com,+1-585-382-3067,Chicago,IL,USA,2024-09-25,Organic Search,55+,Female
3829,Benjamin,Martinez,benjamin.martinez3829@example.com,+1-585-902-4587,Chicago,IL,USA,2024-07-07,Referral,55+,Female
3830,James,Thompson,james.thompson3830@example.com,+1-585-601-1685,Boston,MA,USA,2024-05-18,Organic Search,25-34,Male
3831,Oliver,Garcia,oliver.garcia3831@example.com,+1-585-850-3113,Dallas,TX,USA,2024-10-24,Social,55+,Male
3832,Sophia,Harris,sophia.harris3832@example.com,+1-585-791-5473,Boston,MA,USA,2024-05-11,Paid Search,35-44,Male
3833,Theodore,Smith,theodore.smith3833@example.com,+1-585-598-2278,New York,NY,USA,2024-07-30,Display,45-54,Other
3834,Oliver,Perez,oliver.perez3834@example.com,+1-585-151-9396,Miami,FL,USA,2024-02-29,Social,45-54,Female
3835,Ava,Thomas,ava.thomas3835@example.com,+1-585-692-9509,Chicago,IL,USA,2024-03-23,Display,18-24,Male
3836,William,Anderson,william.anderson3836@example.com,+1-585-792-2622,Chicago,IL,USA,2024-06-24,Referral,45-54,Male
3837,James,Brown,james.brown3837@example.com,+1-585-748-8676,Chicago,IL,USA,2024-06-12,Social,18-24,Male
3838,Charlotte,Martin,charlotte.martin3838@example.com,+1-585-261-3088,Boston,MA,USA,2024-06-01,Referral,35-44,Male
3839,Benjamin,Lewis,benjamin.lewis3839@example.com,+1-585-573-6257,Boston,MA,USA,2024-03-14,Social,55+,Female
3840,William,Johnson,william.johnson3840@example.com,+1-585-593-5077,Atlanta,GA,USA,2024-05-31,Display,35-44,Male
3841,Henry,Clark,henry.clark3841@example.com,+1-585-365-7678,Denver,CO,USA,2024-11-10,Referral,18-24,Male
3842,Evelyn,Young,evelyn.young3842@example.com,+1-585-451-8588,Atlanta,GA,USA,2024-09-13,Organic Search,35-44,Female
3843,Noah,White,noah.white3843@example.com,+1-585-959-2194,Atlanta,GA,USA,2024-04-19,Display,35-44,Female
3844,Ava,Johnson,ava.johnson3844@example.com,+1-585-263-5621,New York,NY,USA,2024-05-26,Organic Search,55+,Male
3845,Amelia,Brown,amelia.brown3845@example.com,+1-585-210-6783,Austin,TX,USA,2025-03-20,Paid Search,35-44,Other
3846,Olivia,Martin,olivia.martin3846@example.com,+1-585-237-7252,New York,NY,USA,2024-06-13,Referral,18-24,Other
3847,Emma,White,emma.white3847@example.com,+1-585-592-7639,Atlanta,GA,USA,2024-02-04,Display,18-24,Male
3848,Ava,Walker,ava.walker3848@example.com,+1-585-682-9084,Austin,TX,USA,2024-09-28,Display,25-34,Other
3849,Benjamin,Garcia,benjamin.garcia3849@example.com,+1-585-252-8836,Miami,FL,USA,2025-01-03,Display,45-54,Other
3850,Mia,White,mia.white3850@example.com,+1-585-754-8947,Boston,MA,USA,2024-07-17,Social,25-34,Male
3851,William,Johnson,william.johnson3851@example.com,+1-585-398-4665,Dallas,TX,USA,2024-03-10,Email,55+,Male
3852,Harper,Thompson,harper.thompson3852@example.com,+1-585-759-7492,Dallas,TX,USA,2024-06-30,Email,18-24,Male
3853,Lucas,Lewis,lucas.lewis3853@example.com,+1-585-922-9207,Atlanta,GA,USA,2024-05-14,Organic Search,45-54,Female
3854,Elijah,Thompson,elijah.thompson3854@example.com,+1-585-841-3152,Seattle,WA,USA,2024-11-15,Email,55+,Male
3855,William,Anderson,william.anderson3855@example.com,+1-585-778-3392,Chicago,IL,USA,2024-06-13,Email,45-54,Other
3856,Liam,Smith,liam.smith3856@example.com,+1-585-976-9500,Denver,CO,USA,2024-10-05,Organic Search,35-44,Female
3857,Liam,Walker,liam.walker3857@example.com,+1-585-460-2843,Seattle,WA,USA,2024-08-29,Email,35-44,Female
3858,Theodore,Lewis,theodore.lewis3858@example.com,+1-585-181-4961,San Francisco,CA,USA,2024-11-03,Organic Search,25-34,Female
3859,Harper,Anderson,harper.anderson3859@example.com,+1-585-461-6003,Seattle,WA,USA,2024-06-16,Paid Search,55+,Female
3860,Oliver,Martinez,oliver.martinez3860@example.com,+1-585-414-5532,Miami,FL,USA,2024-06-20,Display,18-24,Male
3861,Liam,White,liam.white3861@example.com,+1-585-575-3533,San Francisco,CA,USA,2024-02-23,Display,35-44,Male
3862,Charlotte,Smith,charlotte.smith3862@example.com,+1-585-437-4898,San Francisco,CA,USA,2024-03-31,Referral,18-24,Other
3863,Noah,Brown,noah.brown3863@example.com,+1-585-418-1596,Miami,FL,USA,2024-05-09,Referral,55+,Female
3864,Theodore,Johnson,theodore.johnson3864@example.com,+1-585-636-3977,Atlanta,GA,USA,2024-04-15,Email,55+,Male
3865,Mia,Davis,mia.davis3865@example.com,+1-585-512-4885,Dallas,TX,USA,2024-11-13,Paid Search,18-24,Other
3866,Emma,Davis,emma.davis3866@example.com,+1-585-902-1835,Atlanta,GA,USA,2025-01-30,Referral,25-34,Female
3867,Isabella,Smith,isabella.smith3867@example.com,+1-585-997-8499,Dallas,TX,USA,2024-08-31,Email,45-54,Female
3868,Liam,Martin,liam.martin3868@example.com,+1-585-456-4162,Dallas,TX,USA,2024-04-01,Social,25-34,Other
3869,Olivia,Harris,olivia.harris3869@example.com,+1-585-480-9688,Seattle,WA,USA,2024-03-21,Referral,35-44,Male
3870,Noah,Davis,noah.davis3870@example.com,+1-585-714-4902,Austin,TX,USA,2024-11-26,Referral,18-24,Male
3871,Liam,Clark,liam.clark3871@example.com,+1-585-315-6840,Chicago,IL,USA,2024-08-22,Display,45-54,Other
3872,Sophia,Davis,sophia.davis3872@example.com,+1-585-268-4776,Miami,FL,USA,2024-09-19,Display,25-34,Female
3873,Oliver,Anderson,oliver.anderson3873@example.com,+1-585-117-5691,Seattle,WA,USA,2025-04-23,Organic Search,55+,Male
3874,Olivia,Jackson,olivia.jackson3874@example.com,+1-585-484-3568,Atlanta,GA,USA,2024-07-22,Social,25-34,Other
3875,Mia,Lee,mia.lee3875@example.com,+1-585-445-1025,Austin,TX,USA,2024-10-11,Paid Search,55+,Male
3876,Charlotte,Perez,charlotte.perez3876@example.com,+1-585-853-1572,Miami,FL,USA,2025-03-20,Referral,55+,Other
3877,Emma,Anderson,emma.anderson3877@example.com,+1-585-161-3626,Miami,FL,USA,2024-08-25,Referral,55+,Other
3878,James,Garcia,james.garcia3878@example.com,+1-585-925-5818,Austin,TX,USA,2024-08-22,Social,18-24,Male
3879,Henry,Brown,henry.brown3879@example.com,+1-585-270-6603,Denver,CO,USA,2024-05-22,Display,55+,Other
3880,Olivia,Lee,olivia.lee3880@example.com,+1-585-265-7618,Denver,CO,USA,2024-02-26,Display,25-34,Female
3881,Ava,White,ava.white3881@example.com,+1-585-279-5043,Seattle,WA,USA,2025-04-26,Paid Search,45-54,Female
3882,Harper,Harris,harper.harris3882@example.com,+1-585-636-2744,Chicago,IL,USA,2024-08-20,Display,18-24,Other
3883,Harper,Lewis,harper.lewis3883@example.com,+1-585-407-2171,Dallas,TX,USA,2024-05-19,Paid Search,45-54,Female
3884,Liam,Thomas,liam.thomas3884@example.com,+1-585-638-1578,Dallas,TX,USA,2024-07-30,Display,35-44,Other
3885,Theodore,White,theodore.white3885@example.com,+1-585-514-7421,San Francisco,CA,USA,2024-09-05,Paid Search,55+,Female
3886,Ava,White,ava.white3886@example.com,+1-585-372-9720,Seattle,WA,USA,2024-09-21,Organic Search,45-54,Male
3887,William,Davis,william.davis3887@example.com,+1-585-943-1314,Miami,FL,USA,2024-09-11,Organic Search,45-54,Other
3888,Noah,Thomas,noah.thomas3888@example.com,+1-585-211-6410,Atlanta,GA,USA,2024-07-17,Paid Search,35-44,Female
3889,Lucas,Martinez,lucas.martinez3889@example.com,+1-585-924-5780,Atlanta,GA,USA,2024-05-29,Paid Search,55+,Female
3890,Theodore,Brown,theodore.brown3890@example.com,+1-585-822-3660,Austin,TX,USA,2024-04-09,Display,55+,Other
3891,Henry,Davis,henry.davis3891@example.com,+1-585-872-7087,Chicago,IL,USA,2024-12-16,Organic Search,45-54,Other
3892,Henry,Harris,henry.harris3892@example.com,+1-585-358-2422,San Francisco,CA,USA,2024-03-16,Organic Search,18-24,Female
3893,Olivia,Thomas,olivia.thomas3893@example.com,+1-585-149-5518,Dallas,TX,USA,2024-06-04,Social,55+,Male
3894,Isabella,Martin,isabella.martin3894@example.com,+1-585-686-7271,San Francisco,CA,USA,2024-06-02,Social,45-54,Other
3895,Elijah,White,elijah.white3895@example.com,+1-585-849-7283,Austin,TX,USA,2024-09-30,Paid Search,45-54,Other
3896,Ava,Thomas,ava.thomas3896@example.com,+1-585-381-2235,New York,NY,USA,2024-12-05,Display,55+,Female
3897,Ava,Lee,ava.lee3897@example.com,+1-585-503-4162,Denver,CO,USA,2024-07-07,Paid Search,35-44,Male
3898,Isabella,Lewis,isabella.lewis3898@example.com,+1-585-816-2659,Boston,MA,USA,2024-08-13,Organic Search,25-34,Female
3899,Amelia,Thompson,amelia.thompson3899@example.com,+1-585-916-9518,Denver,CO,USA,2024-02-22,Organic Search,25-34,Male
3900,Theodore,Martinez,theodore.martinez3900@example.com,+1-585-822-2526,San Francisco,CA,USA,2024-06-18,Display,35-44,Other
3901,Noah,Harris,noah.harris3901@example.com,+1-585-439-4443,Chicago,IL,USA,2024-06-08,Paid Search,45-54,Female
3902,Theodore,Smith,theodore.smith3902@example.com,+1-585-947-9150,Miami,FL,USA,2024-04-30,Paid Search,25-34,Male
3903,Evelyn,Walker,evelyn.walker3903@example.com,+1-585-962-3261,San Francisco,CA,USA,2025-01-07,Social,55+,Male
3904,Sophia,Walker,sophia.walker3904@example.com,+1-585-884-6787,Atlanta,GA,USA,2024-06-14,Display,25-34,Other
3905,Emma,Lee,emma.lee3905@example.com,+1-585-100-2910,Boston,MA,USA,2024-06-09,Paid Search,35-44,Male
3906,Theodore,Harris,theodore.harris3906@example.com,+1-585-852-3535,Boston,MA,USA,2024-04-01,Organic Search,18-24,Other
3907,Oliver,Martin,oliver.martin3907@example.com,+1-585-893-4895,New York,NY,USA,2024-11-08,Paid Search,35-44,Male
3908,Oliver,Anderson,oliver.anderson3908@example.com,+1-585-682-9616,Austin,TX,USA,2024-02-19,Social,55+,Male
3909,Henry,Perez,henry.perez3909@example.com,+1-585-681-2323,Atlanta,GA,USA,2025-03-20,Referral,18-24,Male
3910,Liam,White,liam.white3910@example.com,+1-585-579-8271,San Francisco,CA,USA,2024-07-07,Paid Search,45-54,Male
3911,Olivia,Johnson,olivia.johnson3911@example.com,+1-585-758-7067,Austin,TX,USA,2024-10-05,Display,25-34,Female
3912,Amelia,Thomas,amelia.thomas3912@example.com,+1-585-362-7831,Denver,CO,USA,2024-10-29,Paid Search,35-44,Male
3913,Noah,Smith,noah.smith3913@example.com,+1-585-430-1634,Chicago,IL,USA,2025-01-31,Referral,55+,Female
3914,Emma,Brown,emma.brown3914@example.com,+1-585-407-5481,Atlanta,GA,USA,2024-08-23,Referral,55+,Other
3915,Liam,Jackson,liam.jackson3915@example.com,+1-585-525-6169,New York,NY,USA,2024-10-09,Organic Search,18-24,Other
3916,Lucas,Johnson,lucas.johnson3916@example.com,+1-585-389-4771,Seattle,WA,USA,2024-04-22,Organic Search,55+,Other
3917,Emma,Lee,emma.lee3917@example.com,+1-585-979-3402,Chicago,IL,USA,2024-10-31,Display,45-54,Other
3918,Elijah,Taylor,elijah.taylor3918@example.com,+1-585-337-8733,Chicago,IL,USA,2024-07-23,Organic Search,25-34,Female
3919,Elijah,Johnson,elijah.johnson3919@example.com,+1-585-176-9767,Denver,CO,USA,2024-01-24,Display,35-44,Other
3920,James,Johnson,james.johnson3920@example.com,+1-585-809-3710,New York,NY,USA,2024-07-17,Referral,45-54,Male
3921,Emma,Lee,emma.lee3921@example.com,+1-585-446-6988,Denver,CO,USA,2024-05-17,Email,55+,Other
3922,Noah,Taylor,noah.taylor3922@example.com,+1-585-426-3339,Austin,TX,USA,2024-05-01,Organic Search,45-54,Female
3923,Lucas,Garcia,lucas.garcia3923@example.com,+1-585-974-1787,Chicago,IL,USA,2024-07-14,Email,45-54,Other
3924,Lucas,Smith,lucas.smith3924@example.com,+1-585-945-3497,Chicago,IL,USA,2024-04-15,Social,18-24,Male
3925,Charlotte,Martin,charlotte.martin3925@example.com,+1-585-520-1773,Dallas,TX,USA,2024-05-23,Organic Search,18-24,Female
3926,Henry,Clark,henry.clark3926@example.com,+1-585-948-6083,Chicago,IL,USA,2024-06-15,Display,25-34,Male
3927,Mia,Perez,mia.perez3927@example.com,+1-585-498-6232,San Francisco,CA,USA,2024-12-25,Social,35-44,Female
3928,Olivia,Taylor,olivia.taylor3928@example.com,+1-585-246-6204,Atlanta,GA,USA,2024-07-26,Organic Search,45-54,Other
3929,Oliver,Anderson,oliver.anderson3929@example.com,+1-585-966-2285,New York,NY,USA,2024-08-24,Social,55+,Other
3930,Noah,Walker,noah.walker3930@example.com,+1-585-540-1719,Dallas,TX,USA,2024-11-13,Email,55+,Female
3931,Benjamin,Perez,benjamin.perez3931@example.com,+1-585-167-4506,Miami,FL,USA,2024-08-15,Referral,25-34,Male
3932,Benjamin,Jackson,benjamin.jackson3932@example.com,+1-585-973-7729,New York,NY,USA,2024-04-17,Social,18-24,Male
3933,William,Thomas,william.thomas3933@example.com,+1-585-344-4220,Denver,CO,USA,2024-08-10,Paid Search,35-44,Male
3934,Elijah,Thompson,elijah.thompson3934@example.com,+1-585-315-8023,Miami,FL,USA,2025-03-04,Email,35-44,Other
3935,Ava,White,ava.white3935@example.com,+1-585-593-7772,San Francisco,CA,USA,2024-06-23,Organic Search,35-44,Male
3936,Isabella,Davis,isabella.davis3936@example.com,+1-585-285-2103,Atlanta,GA,USA,2024-01-14,Organic Search,25-34,Other
3937,Olivia,Harris,olivia.harris3937@example.com,+1-585-992-9974,Seattle,WA,USA,2024-04-04,Email,18-24,Male
3938,Noah,Clark,noah.clark3938@example.com,+1-585-665-4149,Miami,FL,USA,2024-05-08,Display,35-44,Other
3939,Olivia,Perez,olivia.perez3939@example.com,+1-585-115-7858,Atlanta,GA,USA,2025-01-23,Paid Search,55+,Other
3940,Theodore,Martin,theodore.martin3940@example.com,+1-585-914-8785,Dallas,TX,USA,2024-02-03,Social,45-54,Male
3941,Mia,Clark,mia.clark3941@example.com,+1-585-582-4824,Denver,CO,USA,2024-06-23,Social,55+,Male
3942,Henry,Walker,henry.walker3942@example.com,+1-585-674-4308,Seattle,WA,USA,2024-05-12,Organic Search,55+,Male
3943,Harper,Thomas,harper.thomas3943@example.com,+1-585-115-9746,New York,NY,USA,2024-09-27,Social,55+,Other
3944,Lucas,White,lucas.white3944@example.com,+1-585-738-1745,Dallas,TX,USA,2024-06-22,Social,55+,Other
3945,Benjamin,Lee,benjamin.lee3945@example.com,+1-585-212-5397,Denver,CO,USA,2025-03-26,Email,18-24,Male
3946,Olivia,Johnson,olivia.johnson3946@example.com,+1-585-681-2615,Chicago,IL,USA,2024-09-18,Display,55+,Male
3947,Theodore,Perez,theodore.perez3947@example.com,+1-585-217-2192,Seattle,WA,USA,2024-01-10,Paid Search,45-54,Other
3948,Amelia,Anderson,amelia.anderson3948@example.com,+1-585-591-1145,Dallas,TX,USA,2024-07-07,Social,55+,Other
3949,Amelia,Lewis,amelia.lewis3949@example.com,+1-585-639-8802,Seattle,WA,USA,2024-03-24,Paid Search,35-44,Male
3950,Liam,Davis,liam.davis3950@example.com,+1-585-317-4039,New York,NY,USA,2024-04-04,Referral,25-34,Other
3951,Oliver,Walker,oliver.walker3951@example.com,+1-585-130-4244,Dallas,TX,USA,2024-07-24,Organic Search,45-54,Female
3952,Evelyn,Brown,evelyn.brown3952@example.com,+1-585-881-4655,Seattle,WA,USA,2024-06-29,Referral,45-54,Male
3953,William,Lewis,william.lewis3953@example.com,+1-585-698-3342,Chicago,IL,USA,2024-03-16,Display,55+,Female
3954,William,Davis,william.davis3954@example.com,+1-585-777-7032,Miami,FL,USA,2024-08-02,Display,35-44,Female
3955,James,Harris,james.harris3955@example.com,+1-585-862-9596,San Francisco,CA,USA,2024-09-13,Organic Search,45-54,Other
3956,Benjamin,Martinez,benjamin.martinez3956@example.com,+1-585-928-2914,Denver,CO,USA,2024-07-12,Social,45-54,Other
3957,Benjamin,Brown,benjamin.brown3957@example.com,+1-585-601-2386,Atlanta,GA,USA,2024-01-16,Email,25-34,Other
3958,Oliver,Lee,oliver.lee3958@example.com,+1-585-510-4345,Seattle,WA,USA,2024-07-15,Display,35-44,Other
3959,Elijah,Anderson,elijah.anderson3959@example.com,+1-585-483-5971,Austin,TX,USA,2024-11-30,Paid Search,18-24,Male
3960,Sophia,Davis,sophia.davis3960@example.com,+1-585-507-5126,Atlanta,GA,USA,2024-09-14,Referral,35-44,Male
3961,Evelyn,Brown,evelyn.brown3961@example.com,+1-585-539-8821,Chicago,IL,USA,2024-06-27,Display,18-24,Female
3962,Charlotte,Taylor,charlotte.taylor3962@example.com,+1-585-499-4796,Denver,CO,USA,2024-03-28,Referral,35-44,Female
3963,Isabella,Young,isabella.young3963@example.com,+1-585-756-9433,Seattle,WA,USA,2024-09-13,Organic Search,25-34,Female
3964,William,Thomas,william.thomas3964@example.com,+1-585-854-4307,Dallas,TX,USA,2024-02-16,Social,45-54,Other
3965,Harper,Harris,harper.harris3965@example.com,+1-585-681-9981,Boston,MA,USA,2024-10-04,Organic Search,55+,Other
3966,Sophia,Johnson,sophia.johnson3966@example.com,+1-585-147-4231,Atlanta,GA,USA,2024-06-17,Email,35-44,Other
3967,Theodore,Anderson,theodore.anderson3967@example.com,+1-585-652-7535,Chicago,IL,USA,2024-08-29,Referral,18-24,Other
3968,Lucas,White,lucas.white3968@example.com,+1-585-718-3579,Austin,TX,USA,2024-08-18,Email,35-44,Male
3969,Ava,Garcia,ava.garcia3969@example.com,+1-585-869-6072,San Francisco,CA,USA,2024-07-22,Social,18-24,Male
3970,Theodore,Martin,theodore.martin3970@example.com,+1-585-401-5799,Seattle,WA,USA,2024-05-19,Display,45-54,Other
3971,Theodore,Lee,theodore.lee3971@example.com,+1-585-416-7226,Chicago,IL,USA,2024-09-23,Display,18-24,Other
3972,Isabella,Davis,isabella.davis3972@example.com,+1-585-471-2073,Denver,CO,USA,2025-03-17,Referral,55+,Female
3973,Emma,Young,emma.young3973@example.com,+1-585-343-1374,Atlanta,GA,USA,2024-12-23,Organic Search,55+,Female
3974,Ava,Harris,ava.harris3974@example.com,+1-585-746-2544,San Francisco,CA,USA,2024-05-09,Organic Search,45-54,Female
3975,Emma,Anderson,emma.anderson3975@example.com,+1-585-963-9581,Chicago,IL,USA,2024-06-14,Referral,55+,Female
3976,Elijah,Thomas,elijah.thomas3976@example.com,+1-585-583-7444,Miami,FL,USA,2024-07-30,Social,45-54,Other
3977,Evelyn,Anderson,evelyn.anderson3977@example.com,+1-585-672-3730,San Francisco,CA,USA,2024-06-19,Organic Search,45-54,Female
3978,Ava,Smith,ava.smith3978@example.com,+1-585-147-3463,Seattle,WA,USA,2024-06-26,Referral,45-54,Other
3979,Isabella,Smith,isabella.smith3979@example.com,+1-585-176-6531,San Francisco,CA,USA,2024-06-12,Email,18-24,Other
3980,Isabella,Walker,isabella.walker3980@example.com,+1-585-908-5534,Miami,FL,USA,2024-10-17,Referral,35-44,Female
3981,Elijah,Harris,elijah.harris3981@example.com,+1-585-448-1557,Dallas,TX,USA,2024-10-10,Paid Search,35-44,Male
3982,Amelia,Anderson,amelia.anderson3982@example.com,+1-585-359-6876,Boston,MA,USA,2024-02-03,Referral,55+,Female
3983,Sophia,Taylor,sophia.taylor3983@example.com,+1-585-299-4064,Denver,CO,USA,2024-05-30,Display,45-54,Other
3984,Liam,Lewis,liam.lewis3984@example.com,+1-585-329-9414,Chicago,IL,USA,2024-12-22,Email,25-34,Female
3985,Oliver,Smith,oliver.smith3985@example.com,+1-585-254-9714,Boston,MA,USA,2024-05-16,Display,25-34,Female
3986,Henry,Martin,henry.martin3986@example.com,+1-585-200-8699,Atlanta,GA,USA,2024-10-20,Paid Search,45-54,Male
3987,Charlotte,Young,charlotte.young3987@example.com,+1-585-400-7640,Denver,CO,USA,2024-07-29,Organic Search,35-44,Male
3988,Henry,Perez,henry.perez3988@example.com,+1-585-299-1242,Dallas,TX,USA,2024-04-11,Organic Search,25-34,Male
3989,Emma,Johnson,emma.johnson3989@example.com,+1-585-604-7857,Atlanta,GA,USA,2024-11-12,Social,18-24,Female
3990,Ava,Martin,ava.martin3990@example.com,+1-585-504-5396,Miami,FL,USA,2024-05-05,Referral,45-54,Other
3991,Liam,Thomas,liam.thomas3991@example.com,+1-585-477-8967,Seattle,WA,USA,2024-01-24,Paid Search,35-44,Other
3992,Evelyn,Johnson,evelyn.johnson3992@example.com,+1-585-377-1868,Chicago,IL,USA,2024-04-09,Paid Search,35-44,Male
3993,Ava,Thomas,ava.thomas3993@example.com,+1-585-864-2074,San Francisco,CA,USA,2024-07-08,Organic Search,55+,Female
3994,Noah,Garcia,noah.garcia3994@example.com,+1-585-617-4016,Atlanta,GA,USA,2024-12-18,Referral,35-44,Female
3995,Noah,Young,noah.young3995@example.com,+1-585-463-7857,Miami,FL,USA,2024-11-04,Organic Search,18-24,Other
3996,Evelyn,Martin,evelyn.martin3996@example.com,+1-585-844-9612,Seattle,WA,USA,2025-02-15,Referral,35-44,Male
3997,Emma,Jackson,emma.jackson3997@example.com,+1-585-200-4365,Chicago,IL,USA,2024-05-22,Paid Search,18-24,Male
3998,Olivia,Garcia,olivia.garcia3998@example.com,+1-585-390-7944,Austin,TX,USA,2024-04-27,Organic Search,25-34,Other
3999,Noah,Garcia,noah.garcia3999@example.com,+1-585-978-3339,Chicago,IL,USA,2024-09-16,Referral,55+,Female
4000,Noah,Taylor,noah.taylor4000@example.com,+1-585-499-3225,Austin,TX,USA,2024-05-31,Referral,35-44,Male
4001,Noah,Harris,noah.harris4001@example.com,+1-585-495-7173,Dallas,TX,USA,2024-09-06,Email,18-24,Other
4002,Ava,Walker,ava.walker4002@example.com,+1-585-819-2197,Denver,CO,USA,2024-09-01,Display,45-54,Other
4003,Oliver,Martin,oliver.martin4003@example.com,+1-585-615-6497,Atlanta,GA,USA,2025-04-08,Email,55+,Male
4004,Evelyn,Perez,evelyn.perez4004@example.com,+1-585-528-3166,Miami,FL,USA,2024-11-22,Display,18-24,Other
4005,Theodore,Lewis,theodore.lewis4005@example.com,+1-585-631-2351,Chicago,IL,USA,2024-02-24,Display,35-44,Female
4006,Ava,Clark,ava.clark4006@example.com,+1-585-458-8411,Dallas,TX,USA,2024-10-13,Organic Search,25-34,Other
4007,William,Thompson,william.thompson4007@example.com,+1-585-186-7432,Atlanta,GA,USA,2024-05-30,Organic Search,35-44,Other
4008,Oliver,Brown,oliver.brown4008@example.com,+1-585-157-1910,Seattle,WA,USA,2024-09-24,Organic Search,45-54,Other
4009,Mia,Anderson,mia.anderson4009@example.com,+1-585-208-2494,Denver,CO,USA,2025-03-25,Social,35-44,Other
4010,James,Davis,james.davis4010@example.com,+1-585-943-2788,Chicago,IL,USA,2024-10-28,Referral,25-34,Other
4011,Lucas,Thomas,lucas.thomas4011@example.com,+1-585-631-8568,Boston,MA,USA,2024-01-18,Paid Search,25-34,Female
4012,William,Perez,william.perez4012@example.com,+1-585-729-8658,Dallas,TX,USA,2024-03-22,Social,35-44,Female
4013,Ava,Johnson,ava.johnson4013@example.com,+1-585-822-9766,Dallas,TX,USA,2024-10-14,Paid Search,55+,Male
4014,Sophia,Harris,sophia.harris4014@example.com,+1-585-707-4205,Chicago,IL,USA,2024-07-13,Referral,45-54,Other
4015,Emma,Lee,emma.lee4015@example.com,+1-585-549-2729,Dallas,TX,USA,2024-03-03,Email,25-34,Female
4016,Harper,Smith,harper.smith4016@example.com,+1-585-948-3535,Miami,FL,USA,2024-09-15,Display,45-54,Other
4017,William,Martin,william.martin4017@example.com,+1-585-986-1795,San Francisco,CA,USA,2024-05-28,Referral,45-54,Other
4018,Noah,Jackson,noah.jackson4018@example.com,+1-585-308-8227,Seattle,WA,USA,2024-06-15,Email,35-44,Female
4019,Benjamin,Johnson,benjamin.johnson4019@example.com,+1-585-768-1666,Seattle,WA,USA,2025-02-07,Social,25-34,Male
4020,Noah,Garcia,noah.garcia4020@example.com,+1-585-475-7299,San Francisco,CA,USA,2025-07-12,Paid Search,35-44,Other
4021,Oliver,Perez,oliver.perez4021@example.com,+1-585-602-4116,Chicago,IL,USA,2025-01-04,Social,35-44,Female
4022,James,Garcia,james.garcia4022@example.com,+1-585-111-1934,Chicago,IL,USA,2024-11-21,Organic Search,55+,Other
4023,Ava,Martin,ava.martin4023@example.com,+1-585-602-5021,Atlanta,GA,USA,2024-05-10,Display,35-44,Male
4024,Isabella,Thomas,isabella.thomas4024@example.com,+1-585-523-9696,Austin,TX,USA,2024-08-22,Display,35-44,Other
4025,Harper,Thomas,harper.thomas4025@example.com,+1-585-633-6319,Austin,TX,USA,2024-05-25,Social,25-34,Female
4026,Henry,Taylor,henry.taylor4026@example.com,+1-585-622-8580,Atlanta,GA,USA,2024-06-22,Display,25-34,Female
4027,James,Davis,james.davis4027@example.com,+1-585-815-2880,Atlanta,GA,USA,2024-02-20,Display,45-54,Male
4028,Liam,Harris,liam.harris4028@example.com,+1-585-227-5031,Denver,CO,USA,2024-07-16,Referral,18-24,Other
4029,Evelyn,Harris,evelyn.harris4029@example.com,+1-585-821-7164,Atlanta,GA,USA,2024-03-19,Display,45-54,Other
4030,William,Martin,william.martin4030@example.com,+1-585-303-9720,Atlanta,GA,USA,2024-06-02,Social,55+,Male
4031,Oliver,Johnson,oliver.johnson4031@example.com,+1-585-954-5308,Austin,TX,USA,2025-03-27,Paid Search,25-34,Other
4032,Emma,Martin,emma.martin4032@example.com,+1-585-586-2006,Austin,TX,USA,2024-03-01,Display,25-34,Other
4033,Henry,Young,henry.young4033@example.com,+1-585-976-8471,Boston,MA,USA,2024-09-14,Social,25-34,Male
4034,Elijah,Perez,elijah.perez4034@example.com,+1-585-431-9096,San Francisco,CA,USA,2024-07-05,Organic Search,25-34,Female
4035,Mia,Martinez,mia.martinez4035@example.com,+1-585-103-1498,Miami,FL,USA,2024-06-27,Paid Search,18-24,Female
4036,Mia,Garcia,mia.garcia4036@example.com,+1-585-933-5346,Austin,TX,USA,2024-07-01,Paid Search,18-24,Other
4037,Oliver,Jackson,oliver.jackson4037@example.com,+1-585-580-7026,Chicago,IL,USA,2024-07-08,Paid Search,18-24,Male
4038,James,Anderson,james.anderson4038@example.com,+1-585-561-9311,Seattle,WA,USA,2024-07-15,Email,25-34,Female
4039,James,Davis,james.davis4039@example.com,+1-585-730-5631,Atlanta,GA,USA,2024-05-10,Display,35-44,Male
4040,Henry,White,henry.white4040@example.com,+1-585-763-8384,New York,NY,USA,2024-09-29,Referral,45-54,Other
4041,Emma,Young,emma.young4041@example.com,+1-585-401-9977,Austin,TX,USA,2024-07-21,Referral,45-54,Female
4042,Elijah,Smith,elijah.smith4042@example.com,+1-585-835-4504,Boston,MA,USA,2024-10-03,Email,18-24,Other
4043,James,Martinez,james.martinez4043@example.com,+1-585-192-3519,New York,NY,USA,2024-04-19,Organic Search,45-54,Other
4044,Harper,Jackson,harper.jackson4044@example.com,+1-585-554-1825,Dallas,TX,USA,2024-04-06,Email,45-54,Other
4045,Elijah,Jackson,elijah.jackson4045@example.com,+1-585-388-8788,Denver,CO,USA,2024-04-02,Paid Search,25-34,Male
4046,Olivia,Walker,olivia.walker4046@example.com,+1-585-805-3454,Boston,MA,USA,2024-08-02,Email,25-34,Male
4047,William,Taylor,william.taylor4047@example.com,+1-585-339-7399,Chicago,IL,USA,2024-02-14,Referral,45-54,Female
4048,Noah,Perez,noah.perez4048@example.com,+1-585-244-3503,Atlanta,GA,USA,2024-04-13,Organic Search,55+,Other
4049,Benjamin,Harris,benjamin.harris4049@example.com,+1-585-494-3755,Atlanta,GA,USA,2024-05-23,Email,45-54,Female
4050,James,Walker,james.walker4050@example.com,+1-585-672-4216,Atlanta,GA,USA,2024-05-03,Organic Search,45-54,Female
4051,Isabella,Harris,isabella.harris4051@example.com,+1-585-304-5404,Boston,MA,USA,2024-10-06,Social,35-44,Other
4052,Liam,Walker,liam.walker4052@example.com,+1-585-383-8774,Atlanta,GA,USA,2024-01-18,Display,55+,Other
4053,Oliver,Lewis,oliver.lewis4053@example.com,+1-585-140-8164,Austin,TX,USA,2024-05-28,Organic Search,25-34,Female
4054,William,Young,william.young4054@example.com,+1-585-163-9495,Boston,MA,USA,2024-05-30,Referral,35-44,Other
4055,James,Jackson,james.jackson4055@example.com,+1-585-245-6783,Atlanta,GA,USA,2024-04-26,Paid Search,45-54,Male
4056,Isabella,Smith,isabella.smith4056@example.com,+1-585-715-8194,Seattle,WA,USA,2024-08-08,Display,35-44,Other
4057,Charlotte,Thomas,charlotte.thomas4057@example.com,+1-585-114-6544,New York,NY,USA,2024-08-31,Paid Search,55+,Other
4058,Charlotte,Walker,charlotte.walker4058@example.com,+1-585-526-3184,San Francisco,CA,USA,2024-06-22,Paid Search,55+,Female
4059,William,Anderson,william.anderson4059@example.com,+1-585-444-8330,Atlanta,GA,USA,2024-08-02,Email,35-44,Male
4060,Harper,Perez,harper.perez4060@example.com,+1-585-294-1749,Austin,TX,USA,2024-06-19,Referral,45-54,Other
4061,Charlotte,Thompson,charlotte.thompson4061@example.com,+1-585-776-8897,Austin,TX,USA,2024-01-03,Social,45-54,Other
4062,Ava,Smith,ava.smith4062@example.com,+1-585-505-1223,Boston,MA,USA,2024-02-18,Display,25-34,Other
4063,Lucas,Johnson,lucas.johnson4063@example.com,+1-585-347-4044,New York,NY,USA,2024-08-26,Email,35-44,Other
4064,Henry,Walker,henry.walker4064@example.com,+1-585-889-8102,Dallas,TX,USA,2024-06-05,Display,25-34,Other
4065,Oliver,Perez,oliver.perez4065@example.com,+1-585-622-1109,Boston,MA,USA,2024-03-21,Social,18-24,Other
4066,Emma,White,emma.white4066@example.com,+1-585-320-6396,Denver,CO,USA,2024-09-18,Referral,55+,Female
4067,Amelia,Lewis,amelia.lewis4067@example.com,+1-585-530-8874,Miami,FL,USA,2024-06-17,Paid Search,18-24,Male
4068,William,Davis,william.davis4068@example.com,+1-585-945-9048,Dallas,TX,USA,2024-07-28,Email,45-54,Female
4069,Oliver,Davis,oliver.davis4069@example.com,+1-585-477-7227,Austin,TX,USA,2024-03-19,Paid Search,45-54,Female
4070,Evelyn,Smith,evelyn.smith4070@example.com,+1-585-262-1881,Atlanta,GA,USA,2024-03-29,Organic Search,35-44,Male
4071,Sophia,Martinez,sophia.martinez4071@example.com,+1-585-202-5292,Austin,TX,USA,2024-06-12,Social,18-24,Other
4072,James,Young,james.young4072@example.com,+1-585-777-2316,Seattle,WA,USA,2024-09-11,Social,45-54,Female
4073,Benjamin,Lewis,benjamin.lewis4073@example.com,+1-585-960-1490,San Francisco,CA,USA,2024-04-08,Paid Search,55+,Male
4074,Elijah,Garcia,elijah.garcia4074@example.com,+1-585-942-1318,Austin,TX,USA,2024-04-09,Paid Search,35-44,Other
4075,Henry,Anderson,henry.anderson4075@example.com,+1-585-245-2313,Boston,MA,USA,2024-06-13,Organic Search,18-24,Female
4076,Amelia,Thomas,amelia.thomas4076@example.com,+1-585-119-9229,New York,NY,USA,2024-04-09,Paid Search,55+,Female
4077,Sophia,Clark,sophia.clark4077@example.com,+1-585-551-3814,Austin,TX,USA,2025-06-04,Display,45-54,Male
4078,William,Garcia,william.garcia4078@example.com,+1-585-965-6923,Dallas,TX,USA,2024-04-09,Social,55+,Male
4079,William,Harris,william.harris4079@example.com,+1-585-822-6454,Boston,MA,USA,2024-08-25,Display,45-54,Male
4080,Benjamin,Clark,benjamin.clark4080@example.com,+1-585-843-1420,Chicago,IL,USA,2024-06-05,Social,45-54,Other
4081,Elijah,Johnson,elijah.johnson4081@example.com,+1-585-826-5407,Seattle,WA,USA,2024-08-17,Display,25-34,Female
4082,Benjamin,Harris,benjamin.harris4082@example.com,+1-585-902-4143,Boston,MA,USA,2024-09-27,Email,55+,Female
4083,Emma,Johnson,emma.johnson4083@example.com,+1-585-791-4670,San Francisco,CA,USA,2024-09-07,Display,45-54,Other
4084,Charlotte,Lee,charlotte.lee4084@example.com,+1-585-965-6409,New York,NY,USA,2024-09-18,Social,18-24,Other
4085,Benjamin,Garcia,benjamin.garcia4085@example.com,+1-585-801-7731,Miami,FL,USA,2024-08-28,Display,55+,Other
4086,William,Walker,william.walker4086@example.com,+1-585-164-4253,Miami,FL,USA,2024-09-21,Referral,45-54,Female
4087,James,Garcia,james.garcia4087@example.com,+1-585-257-7771,Miami,FL,USA,2024-07-31,Display,35-44,Female
4088,Lucas,Taylor,lucas.taylor4088@example.com,+1-585-116-9398,New York,NY,USA,2024-04-23,Display,18-24,Male
4089,Olivia,Taylor,olivia.taylor4089@example.com,+1-585-878-6946,Miami,FL,USA,2024-08-03,Display,18-24,Male
4090,Benjamin,Jackson,benjamin.jackson4090@example.com,+1-585-342-4154,Chicago,IL,USA,2024-10-18,Email,45-54,Male
4091,Amelia,Perez,amelia.perez4091@example.com,+1-585-897-2582,Chicago,IL,USA,2024-05-23,Social,25-34,Other
4092,Ava,Thomas,ava.thomas4092@example.com,+1-585-454-6529,Denver,CO,USA,2024-11-08,Display,35-44,Other
4093,Lucas,Smith,lucas.smith4093@example.com,+1-585-201-7242,Austin,TX,USA,2025-07-26,Social,35-44,Other
4094,Theodore,Anderson,theodore.anderson4094@example.com,+1-585-940-4142,Boston,MA,USA,2024-07-12,Social,25-34,Female
4095,Charlotte,Perez,charlotte.perez4095@example.com,+1-585-564-1873,San Francisco,CA,USA,2024-06-07,Display,35-44,Other
4096,William,Taylor,william.taylor4096@example.com,+1-585-571-9747,San Francisco,CA,USA,2024-06-25,Social,55+,Female
4097,Mia,Johnson,mia.johnson4097@example.com,+1-585-836-9516,Miami,FL,USA,2024-02-23,Referral,35-44,Other
4098,Emma,Johnson,emma.johnson4098@example.com,+1-585-601-3896,Dallas,TX,USA,2024-10-19,Organic Search,35-44,Female
4099,Sophia,Walker,sophia.walker4099@example.com,+1-585-746-2011,Austin,TX,USA,2024-08-10,Paid Search,55+,Other
4100,Harper,Martinez,harper.martinez4100@example.com,+1-585-228-4729,Boston,MA,USA,2024-09-03,Social,35-44,Other
4101,Elijah,Jackson,elijah.jackson4101@example.com,+1-585-928-8865,Miami,FL,USA,2024-07-08,Email,45-54,Male
4102,Benjamin,Walker,benjamin.walker4102@example.com,+1-585-236-6434,Atlanta,GA,USA,2024-03-22,Social,18-24,Female
4103,Harper,Johnson,harper.johnson4103@example.com,+1-585-740-1226,Atlanta,GA,USA,2024-08-22,Organic Search,45-54,Other
4104,Isabella,Lewis,isabella.lewis4104@example.com,+1-585-671-1759,San Francisco,CA,USA,2024-10-09,Social,25-34,Other
4105,Emma,Garcia,emma.garcia4105@example.com,+1-585-452-3843,New York,NY,USA,2025-02-27,Paid Search,25-34,Other
4106,William,Jackson,william.jackson4106@example.com,+1-585-970-5719,Boston,MA,USA,2025-06-08,Email,35-44,Female
4107,Benjamin,Taylor,benjamin.taylor4107@example.com,+1-585-314-3129,Seattle,WA,USA,2024-02-01,Organic Search,35-44,Female
4108,Henry,Thompson,henry.thompson4108@example.com,+1-585-860-7564,Dallas,TX,USA,2024-04-09,Referral,18-24,Male
4109,Evelyn,Johnson,evelyn.johnson4109@example.com,+1-585-160-6484,San Francisco,CA,USA,2025-03-21,Organic Search,25-34,Female
4110,Elijah,Anderson,elijah.anderson4110@example.com,+1-585-299-6028,Miami,FL,USA,2024-11-30,Email,55+,Other
4111,Oliver,Lewis,oliver.lewis4111@example.com,+1-585-742-6244,Dallas,TX,USA,2024-12-25,Organic Search,55+,Female
4112,Evelyn,Perez,evelyn.perez4112@example.com,+1-585-697-5572,Chicago,IL,USA,2025-02-15,Display,35-44,Male
4113,Olivia,Clark,olivia.clark4113@example.com,+1-585-666-7482,Boston,MA,USA,2024-10-16,Referral,18-24,Male
4114,Henry,Thompson,henry.thompson4114@example.com,+1-585-938-4899,Boston,MA,USA,2025-01-14,Referral,35-44,Other
4115,Liam,Anderson,liam.anderson4115@example.com,+1-585-128-3555,Seattle,WA,USA,2024-11-18,Referral,25-34,Other
4116,Sophia,Lee,sophia.lee4116@example.com,+1-585-126-1855,Austin,TX,USA,2025-01-13,Referral,55+,Female
4117,Noah,Brown,noah.brown4117@example.com,+1-585-838-6607,Atlanta,GA,USA,2025-02-17,Paid Search,55+,Male
4118,Amelia,Smith,amelia.smith4118@example.com,+1-585-154-7861,Chicago,IL,USA,2024-09-16,Email,25-34,Female
4119,Noah,Anderson,noah.anderson4119@example.com,+1-585-977-6277,Boston,MA,USA,2024-12-04,Organic Search,25-34,Other
4120,Amelia,Anderson,amelia.anderson4120@example.com,+1-585-759-7088,Austin,TX,USA,2024-04-15,Referral,55+,Male
4121,Benjamin,Harris,benjamin.harris4121@example.com,+1-585-335-3150,Dallas,TX,USA,2024-11-08,Referral,25-34,Male
4122,Lucas,Walker,lucas.walker4122@example.com,+1-585-567-2815,Austin,TX,USA,2024-07-13,Display,18-24,Male
4123,Sophia,Davis,sophia.davis4123@example.com,+1-585-210-4667,Dallas,TX,USA,2024-08-10,Social,35-44,Male
4124,Olivia,Johnson,olivia.johnson4124@example.com,+1-585-357-7344,Atlanta,GA,USA,2024-04-17,Social,18-24,Other
4125,Harper,Young,harper.young4125@example.com,+1-585-553-2202,Miami,FL,USA,2024-08-27,Email,35-44,Other
4126,Lucas,Walker,lucas.walker4126@example.com,+1-585-207-9604,Seattle,WA,USA,2024-03-18,Organic Search,18-24,Other
4127,Charlotte,Smith,charlotte.smith4127@example.com,+1-585-322-2005,New York,NY,USA,2024-10-25,Organic Search,25-34,Other
4128,Ava,Anderson,ava.anderson4128@example.com,+1-585-933-1954,Boston,MA,USA,2024-08-19,Social,25-34,Male
4129,Olivia,Davis,olivia.davis4129@example.com,+1-585-963-8876,Dallas,TX,USA,2024-02-11,Paid Search,18-24,Other
4130,Liam,Garcia,liam.garcia4130@example.com,+1-585-606-9657,Atlanta,GA,USA,2025-02-03,Referral,25-34,Male
4131,Henry,Garcia,henry.garcia4131@example.com,+1-585-605-9832,Boston,MA,USA,2024-02-28,Organic Search,18-24,Male
4132,Emma,Harris,emma.harris4132@example.com,+1-585-444-9341,Denver,CO,USA,2024-08-22,Email,18-24,Male
4133,Isabella,Harris,isabella.harris4133@example.com,+1-585-855-2023,Seattle,WA,USA,2024-05-26,Organic Search,25-34,Female
4134,Charlotte,Jackson,charlotte.jackson4134@example.com,+1-585-218-3267,Austin,TX,USA,2024-09-07,Email,35-44,Female
4135,Olivia,Walker,olivia.walker4135@example.com,+1-585-877-2698,San Francisco,CA,USA,2025-02-25,Paid Search,45-54,Male
4136,Amelia,Perez,amelia.perez4136@example.com,+1-585-157-2872,Seattle,WA,USA,2025-01-02,Referral,18-24,Female
4137,Lucas,Anderson,lucas.anderson4137@example.com,+1-585-636-8266,San Francisco,CA,USA,2024-03-20,Referral,25-34,Female
4138,Lucas,Brown,lucas.brown4138@example.com,+1-585-528-9185,Dallas,TX,USA,2024-05-29,Paid Search,18-24,Male
4139,Isabella,Johnson,isabella.johnson4139@example.com,+1-585-273-6428,Denver,CO,USA,2025-06-10,Social,35-44,Female
4140,Ava,Lewis,ava.lewis4140@example.com,+1-585-512-3488,Boston,MA,USA,2024-08-25,Paid Search,55+,Other
4141,Liam,Johnson,liam.johnson4141@example.com,+1-585-188-8325,Atlanta,GA,USA,2024-12-17,Email,55+,Male
4142,Elijah,Brown,elijah.brown4142@example.com,+1-585-736-3017,Chicago,IL,USA,2024-11-28,Paid Search,45-54,Female
4143,Oliver,Martinez,oliver.martinez4143@example.com,+1-585-639-9481,Atlanta,GA,USA,2024-06-07,Organic Search,55+,Other
4144,Mia,Brown,mia.brown4144@example.com,+1-585-639-2285,Boston,MA,USA,2024-07-23,Referral,45-54,Other
4145,James,Young,james.young4145@example.com,+1-585-265-3693,Austin,TX,USA,2024-11-27,Organic Search,18-24,Male
4146,Elijah,Thompson,elijah.thompson4146@example.com,+1-585-331-8816,Atlanta,GA,USA,2024-05-03,Social,35-44,Female
4147,Evelyn,Garcia,evelyn.garcia4147@example.com,+1-585-383-3271,Boston,MA,USA,2025-05-07,Organic Search,55+,Male
4148,Amelia,Martinez,amelia.martinez4148@example.com,+1-585-942-2571,Austin,TX,USA,2024-11-11,Email,55+,Male
4149,Benjamin,Taylor,benjamin.taylor4149@example.com,+1-585-337-6601,Chicago,IL,USA,2024-05-06,Display,18-24,Other
4150,Liam,Lewis,liam.lewis4150@example.com,+1-585-602-8257,New York,NY,USA,2024-10-04,Referral,25-34,Female
4151,Theodore,Johnson,theodore.johnson4151@example.com,+1-585-990-9218,Miami,FL,USA,2024-04-16,Social,45-54,Female
4152,Elijah,Clark,elijah.clark4152@example.com,+1-585-127-8973,New York,NY,USA,2024-07-23,Email,18-24,Male
4153,Liam,Thomas,liam.thomas4153@example.com,+1-585-160-4353,Miami,FL,USA,2024-02-23,Referral,18-24,Female
4154,Liam,Lee,liam.lee4154@example.com,+1-585-607-3232,Miami,FL,USA,2024-04-09,Social,45-54,Male
4155,Henry,Anderson,henry.anderson4155@example.com,+1-585-880-2138,Austin,TX,USA,2024-05-22,Social,35-44,Male
4156,Henry,White,henry.white4156@example.com,+1-585-239-2981,Chicago,IL,USA,2024-02-12,Referral,18-24,Female
4157,Isabella,Jackson,isabella.jackson4157@example.com,+1-585-116-2417,Denver,CO,USA,2024-01-24,Organic Search,55+,Other
4158,Harper,Davis,harper.davis4158@example.com,+1-585-324-6764,Austin,TX,USA,2024-12-19,Display,35-44,Male
4159,James,Brown,james.brown4159@example.com,+1-585-666-1577,Atlanta,GA,USA,2024-06-25,Organic Search,35-44,Female
4160,Lucas,Walker,lucas.walker4160@example.com,+1-585-911-4036,San Francisco,CA,USA,2024-10-05,Social,18-24,Female
4161,Amelia,Thompson,amelia.thompson4161@example.com,+1-585-542-4209,Miami,FL,USA,2024-07-20,Organic Search,25-34,Female
4162,Harper,Perez,harper.perez4162@example.com,+1-585-377-6863,Miami,FL,USA,2024-09-03,Paid Search,35-44,Male
4163,William,White,william.white4163@example.com,+1-585-274-3525,Dallas,TX,USA,2024-10-19,Organic Search,55+,Female
4164,Isabella,Lewis,isabella.lewis4164@example.com,+1-585-851-6828,New York,NY,USA,2024-04-04,Social,18-24,Female
4165,Oliver,Anderson,oliver.anderson4165@example.com,+1-585-107-9314,Seattle,WA,USA,2024-09-05,Social,18-24,Male
4166,Ava,Thompson,ava.thompson4166@example.com,+1-585-672-9554,Chicago,IL,USA,2024-09-06,Referral,35-44,Male
4167,Oliver,Jackson,oliver.jackson4167@example.com,+1-585-910-5613,San Francisco,CA,USA,2024-04-09,Organic Search,35-44,Other
4168,Lucas,Smith,lucas.smith4168@example.com,+1-585-560-4238,Denver,CO,USA,2025-03-22,Email,35-44,Male
4169,Oliver,Martinez,oliver.martinez4169@example.com,+1-585-906-2543,Atlanta,GA,USA,2024-12-29,Social,55+,Female
4170,Elijah,Martinez,elijah.martinez4170@example.com,+1-585-172-5063,Dallas,TX,USA,2025-04-24,Organic Search,18-24,Other
4171,Henry,Smith,henry.smith4171@example.com,+1-585-460-4991,Atlanta,GA,USA,2024-04-18,Email,35-44,Female
4172,Emma,Jackson,emma.jackson4172@example.com,+1-585-805-3328,Seattle,WA,USA,2024-06-09,Referral,35-44,Other
4173,William,Thompson,william.thompson4173@example.com,+1-585-234-3726,Atlanta,GA,USA,2024-10-27,Referral,25-34,Male
4174,Harper,Harris,harper.harris4174@example.com,+1-585-192-8576,Seattle,WA,USA,2024-06-12,Email,45-54,Male
4175,Theodore,Brown,theodore.brown4175@example.com,+1-585-106-2130,San Francisco,CA,USA,2024-03-24,Email,45-54,Female
4176,Evelyn,Perez,evelyn.perez4176@example.com,+1-585-856-6664,Chicago,IL,USA,2024-10-14,Paid Search,25-34,Male
4177,James,Thomas,james.thomas4177@example.com,+1-585-697-7632,San Francisco,CA,USA,2024-08-10,Display,35-44,Male
4178,Elijah,Jackson,elijah.jackson4178@example.com,+1-585-314-4730,Boston,MA,USA,2024-07-24,Email,55+,Female
4179,Ava,Martin,ava.martin4179@example.com,+1-585-490-3720,San Francisco,CA,USA,2024-06-24,Email,18-24,Other
4180,Elijah,Lewis,elijah.lewis4180@example.com,+1-585-408-3962,Dallas,TX,USA,2024-09-24,Social,25-34,Male
4181,Liam,Young,liam.young4181@example.com,+1-585-725-2165,San Francisco,CA,USA,2024-08-13,Organic Search,55+,Female
4182,Olivia,Thompson,olivia.thompson4182@example.com,+1-585-409-3854,Chicago,IL,USA,2024-08-18,Email,25-34,Female
4183,Noah,Thompson,noah.thompson4183@example.com,+1-585-761-6474,San Francisco,CA,USA,2024-08-06,Referral,35-44,Female
4184,Benjamin,Thomas,benjamin.thomas4184@example.com,+1-585-257-9724,Atlanta,GA,USA,2024-03-11,Social,45-54,Other
4185,Emma,Thompson,emma.thompson4185@example.com,+1-585-675-6717,Seattle,WA,USA,2024-09-23,Social,25-34,Male
4186,Mia,Perez,mia.perez4186@example.com,+1-585-916-3632,Chicago,IL,USA,2024-09-29,Paid Search,25-34,Female
4187,Evelyn,Jackson,evelyn.jackson4187@example.com,+1-585-797-8635,Austin,TX,USA,2024-03-03,Organic Search,45-54,Female
4188,James,Garcia,james.garcia4188@example.com,+1-585-729-3582,Miami,FL,USA,2025-01-29,Email,55+,Female
4189,Liam,Harris,liam.harris4189@example.com,+1-585-666-1324,Austin,TX,USA,2024-07-17,Display,35-44,Other
4190,Emma,Johnson,emma.johnson4190@example.com,+1-585-317-7836,Atlanta,GA,USA,2024-06-05,Social,55+,Other
4191,Isabella,Thompson,isabella.thompson4191@example.com,+1-585-642-8779,Miami,FL,USA,2024-04-24,Paid Search,35-44,Male
4192,Ava,Jackson,ava.jackson4192@example.com,+1-585-220-2872,Dallas,TX,USA,2024-12-14,Email,25-34,Female
4193,Amelia,Garcia,amelia.garcia4193@example.com,+1-585-203-9306,New York,NY,USA,2024-05-23,Social,18-24,Other
4194,Olivia,Perez,olivia.perez4194@example.com,+1-585-164-1268,Atlanta,GA,USA,2024-05-12,Email,45-54,Male
4195,Mia,Lee,mia.lee4195@example.com,+1-585-830-2072,Seattle,WA,USA,2024-09-06,Organic Search,18-24,Other
4196,James,Lee,james.lee4196@example.com,+1-585-259-9969,Boston,MA,USA,2024-03-21,Display,45-54,Other
4197,Lucas,Thompson,lucas.thompson4197@example.com,+1-585-884-1330,Atlanta,GA,USA,2024-01-26,Email,45-54,Female
4198,Ava,Walker,ava.walker4198@example.com,+1-585-802-6761,Austin,TX,USA,2024-02-04,Paid Search,18-24,Male
4199,Sophia,Thompson,sophia.thompson4199@example.com,+1-585-329-9540,Boston,MA,USA,2024-03-09,Referral,18-24,Male
4200,Mia,Lewis,mia.lewis4200@example.com,+1-585-598-4581,San Francisco,CA,USA,2024-09-04,Display,35-44,Female
4201,Benjamin,Jackson,benjamin.jackson4201@example.com,+1-585-746-9765,Dallas,TX,USA,2024-11-06,Email,25-34,Male
4202,Benjamin,Brown,benjamin.brown4202@example.com,+1-585-180-2195,San Francisco,CA,USA,2025-02-14,Paid Search,55+,Female
4203,Lucas,Garcia,lucas.garcia4203@example.com,+1-585-300-4663,Boston,MA,USA,2024-05-02,Referral,35-44,Other
4204,James,Garcia,james.garcia4204@example.com,+1-585-813-4091,Miami,FL,USA,2024-03-03,Referral,45-54,Other
4205,Isabella,Jackson,isabella.jackson4205@example.com,+1-585-636-6885,Austin,TX,USA,2025-02-02,Display,55+,Male
4206,Henry,Anderson,henry.anderson4206@example.com,+1-585-362-5481,Miami,FL,USA,2024-04-02,Referral,35-44,Female
4207,Emma,Jackson,emma.jackson4207@example.com,+1-585-813-4777,Miami,FL,USA,2024-01-10,Display,55+,Male
4208,Noah,Thomas,noah.thomas4208@example.com,+1-585-386-8936,Chicago,IL,USA,2025-01-28,Social,55+,Other
4209,Amelia,Jackson,amelia.jackson4209@example.com,+1-585-551-8959,Atlanta,GA,USA,2024-02-19,Paid Search,45-54,Female
4210,Amelia,Smith,amelia.smith4210@example.com,+1-585-879-4017,Atlanta,GA,USA,2025-01-12,Organic Search,35-44,Male
4211,Harper,Martinez,harper.martinez4211@example.com,+1-585-825-6836,San Francisco,CA,USA,2024-10-16,Organic Search,35-44,Female
4212,Lucas,Perez,lucas.perez4212@example.com,+1-585-732-9507,Denver,CO,USA,2024-05-29,Display,25-34,Other
4213,Lucas,Brown,lucas.brown4213@example.com,+1-585-827-1941,Atlanta,GA,USA,2024-03-09,Paid Search,55+,Female
4214,Oliver,Harris,oliver.harris4214@example.com,+1-585-393-4590,Chicago,IL,USA,2024-06-07,Social,45-54,Female
4215,Charlotte,Clark,charlotte.clark4215@example.com,+1-585-436-5383,Austin,TX,USA,2024-06-16,Social,55+,Other
4216,Theodore,Anderson,theodore.anderson4216@example.com,+1-585-620-3648,Seattle,WA,USA,2025-05-02,Social,25-34,Other
4217,Amelia,Taylor,amelia.taylor4217@example.com,+1-585-334-9611,Atlanta,GA,USA,2024-11-29,Organic Search,35-44,Male
4218,Harper,Jackson,harper.jackson4218@example.com,+1-585-555-4535,San Francisco,CA,USA,2024-08-08,Display,18-24,Other
4219,Harper,Jackson,harper.jackson4219@example.com,+1-585-783-7769,Chicago,IL,USA,2024-06-24,Display,18-24,Other
4220,Ava,Davis,ava.davis4220@example.com,+1-585-947-2571,Miami,FL,USA,2024-12-03,Email,55+,Other
4221,Olivia,Lewis,olivia.lewis4221@example.com,+1-585-977-4588,Denver,CO,USA,2024-06-15,Organic Search,35-44,Male
4222,Oliver,White,oliver.white4222@example.com,+1-585-866-2092,New York,NY,USA,2024-10-29,Organic Search,35-44,Other
4223,Charlotte,Thompson,charlotte.thompson4223@example.com,+1-585-836-5986,Seattle,WA,USA,2024-03-25,Display,35-44,Male
4224,Oliver,Johnson,oliver.johnson4224@example.com,+1-585-398-8597,Boston,MA,USA,2024-08-28,Display,55+,Male
4225,Evelyn,Harris,evelyn.harris4225@example.com,+1-585-892-3242,New York,NY,USA,2024-12-21,Referral,35-44,Other
4226,Evelyn,Lewis,evelyn.lewis4226@example.com,+1-585-714-3943,Denver,CO,USA,2024-04-21,Email,55+,Other
4227,Amelia,Perez,amelia.perez4227@example.com,+1-585-487-1699,Dallas,TX,USA,2025-03-17,Referral,18-24,Female
4228,Henry,Thomas,henry.thomas4228@example.com,+1-585-579-8403,San Francisco,CA,USA,2024-03-12,Organic Search,55+,Female
4229,Lucas,Martinez,lucas.martinez4229@example.com,+1-585-758-1072,Denver,CO,USA,2024-05-11,Social,45-54,Female
4230,Isabella,Perez,isabella.perez4230@example.com,+1-585-154-2215,San Francisco,CA,USA,2024-10-15,Display,18-24,Other
4231,Olivia,Anderson,olivia.anderson4231@example.com,+1-585-884-3829,Denver,CO,USA,2024-08-17,Organic Search,25-34,Female
4232,Charlotte,Brown,charlotte.brown4232@example.com,+1-585-723-5588,New York,NY,USA,2024-08-29,Paid Search,45-54,Male
4233,Evelyn,Lee,evelyn.lee4233@example.com,+1-585-702-1587,Boston,MA,USA,2024-11-04,Email,35-44,Male
4234,Elijah,Martin,elijah.martin4234@example.com,+1-585-771-5989,Chicago,IL,USA,2024-07-30,Email,25-34,Other
4235,Emma,White,emma.white4235@example.com,+1-585-930-6752,San Francisco,CA,USA,2024-08-10,Social,45-54,Male
4236,Theodore,Perez,theodore.perez4236@example.com,+1-585-442-8930,Dallas,TX,USA,2024-04-05,Social,55+,Male
4237,Amelia,Davis,amelia.davis4237@example.com,+1-585-528-5794,Austin,TX,USA,2024-05-06,Referral,18-24,Male
4238,Noah,Clark,noah.clark4238@example.com,+1-585-214-7827,Austin,TX,USA,2024-08-04,Paid Search,45-54,Other
4239,Oliver,Thomas,oliver.thomas4239@example.com,+1-585-282-3804,San Francisco,CA,USA,2024-12-01,Display,55+,Other
4240,Harper,Garcia,harper.garcia4240@example.com,+1-585-514-7162,Denver,CO,USA,2024-09-12,Paid Search,25-34,Female
4241,James,Martin,james.martin4241@example.com,+1-585-469-7669,Chicago,IL,USA,2024-07-14,Email,18-24,Female
4242,Harper,Martinez,harper.martinez4242@example.com,+1-585-445-4114,Dallas,TX,USA,2025-01-15,Display,25-34,Female
4243,James,Harris,james.harris4243@example.com,+1-585-668-4144,Chicago,IL,USA,2024-05-06,Organic Search,35-44,Female
4244,Benjamin,Martin,benjamin.martin4244@example.com,+1-585-815-6313,Miami,FL,USA,2024-11-26,Social,55+,Male
4245,Noah,Lee,noah.lee4245@example.com,+1-585-133-6567,Atlanta,GA,USA,2024-08-31,Email,45-54,Other
4246,Evelyn,Thomas,evelyn.thomas4246@example.com,+1-585-795-7350,San Francisco,CA,USA,2024-04-10,Email,25-34,Female
4247,Mia,Perez,mia.perez4247@example.com,+1-585-237-5604,Denver,CO,USA,2025-01-01,Social,35-44,Male
4248,Amelia,White,amelia.white4248@example.com,+1-585-290-3321,Dallas,TX,USA,2024-06-23,Email,35-44,Male
4249,James,Harris,james.harris4249@example.com,+1-585-619-6716,Chicago,IL,USA,2024-08-03,Social,35-44,Female
4250,Henry,Jackson,henry.jackson4250@example.com,+1-585-954-3595,Boston,MA,USA,2024-05-10,Social,55+,Female
4251,Elijah,Young,elijah.young4251@example.com,+1-585-539-3866,Dallas,TX,USA,2025-07-22,Social,25-34,Other
4252,Lucas,Young,lucas.young4252@example.com,+1-585-909-4435,New York,NY,USA,2024-10-06,Paid Search,55+,Male
4253,Oliver,Martin,oliver.martin4253@example.com,+1-585-283-3339,Denver,CO,USA,2024-08-29,Display,45-54,Other
4254,Oliver,Perez,oliver.perez4254@example.com,+1-585-602-9892,Chicago,IL,USA,2024-04-20,Referral,45-54,Female
4255,James,Walker,james.walker4255@example.com,+1-585-734-9648,Denver,CO,USA,2024-11-12,Referral,25-34,Male
4256,William,Taylor,william.taylor4256@example.com,+1-585-105-9212,New York,NY,USA,2024-11-05,Organic Search,25-34,Male
4257,Mia,Brown,mia.brown4257@example.com,+1-585-835-1661,Austin,TX,USA,2024-10-23,Paid Search,35-44,Other
4258,Evelyn,Walker,evelyn.walker4258@example.com,+1-585-699-6884,Denver,CO,USA,2024-05-01,Email,18-24,Male
4259,James,Davis,james.davis4259@example.com,+1-585-753-1827,Atlanta,GA,USA,2024-10-28,Paid Search,45-54,Other
4260,Benjamin,Thompson,benjamin.thompson4260@example.com,+1-585-866-1221,Denver,CO,USA,2024-05-11,Referral,55+,Male
4261,Sophia,Young,sophia.young4261@example.com,+1-585-993-1018,Atlanta,GA,USA,2024-06-20,Email,45-54,Male
4262,William,White,william.white4262@example.com,+1-585-929-5319,Chicago,IL,USA,2024-08-24,Referral,35-44,Male
4263,Isabella,Lewis,isabella.lewis4263@example.com,+1-585-961-8077,Boston,MA,USA,2024-06-02,Paid Search,18-24,Male
4264,Benjamin,Lewis,benjamin.lewis4264@example.com,+1-585-885-8143,Atlanta,GA,USA,2024-09-29,Email,25-34,Other
4265,Noah,Garcia,noah.garcia4265@example.com,+1-585-143-8628,Austin,TX,USA,2024-05-12,Organic Search,35-44,Other
4266,Olivia,Davis,olivia.davis4266@example.com,+1-585-508-8521,New York,NY,USA,2024-12-11,Organic Search,55+,Other
4267,James,Anderson,james.anderson4267@example.com,+1-585-340-7666,Boston,MA,USA,2024-05-27,Referral,18-24,Male
4268,William,Walker,william.walker4268@example.com,+1-585-684-6438,Dallas,TX,USA,2024-06-08,Organic Search,55+,Other
4269,Mia,Anderson,mia.anderson4269@example.com,+1-585-752-3590,Boston,MA,USA,2024-03-16,Email,18-24,Other
4270,Oliver,Perez,oliver.perez4270@example.com,+1-585-148-8460,Atlanta,GA,USA,2024-04-18,Organic Search,55+,Other
4271,Charlotte,Perez,charlotte.perez4271@example.com,+1-585-972-8137,Boston,MA,USA,2024-09-18,Paid Search,18-24,Other
4272,Liam,Taylor,liam.taylor4272@example.com,+1-585-216-6194,Dallas,TX,USA,2024-04-01,Email,55+,Female
4273,Amelia,Brown,amelia.brown4273@example.com,+1-585-926-4493,Seattle,WA,USA,2024-05-27,Email,55+,Female
4274,Emma,Perez,emma.perez4274@example.com,+1-585-242-9590,Atlanta,GA,USA,2024-06-21,Display,25-34,Male
4275,Oliver,Martin,oliver.martin4275@example.com,+1-585-557-5857,Seattle,WA,USA,2024-10-17,Organic Search,45-54,Female
4276,Sophia,Smith,sophia.smith4276@example.com,+1-585-659-4893,Denver,CO,USA,2024-03-08,Email,45-54,Other
4277,Evelyn,Thomas,evelyn.thomas4277@example.com,+1-585-291-2467,Miami,FL,USA,2024-05-11,Organic Search,25-34,Male
4278,Oliver,Young,oliver.young4278@example.com,+1-585-607-6639,Dallas,TX,USA,2024-03-22,Referral,45-54,Other
4279,Lucas,Clark,lucas.clark4279@example.com,+1-585-410-2506,Austin,TX,USA,2024-09-26,Paid Search,35-44,Other
4280,Sophia,Clark,sophia.clark4280@example.com,+1-585-598-5889,Dallas,TX,USA,2024-08-19,Organic Search,35-44,Female
4281,Theodore,Martinez,theodore.martinez4281@example.com,+1-585-846-2111,Dallas,TX,USA,2024-05-23,Organic Search,45-54,Female
4282,James,Davis,james.davis4282@example.com,+1-585-549-1407,Seattle,WA,USA,2024-06-19,Paid Search,45-54,Female
4283,Henry,Perez,henry.perez4283@example.com,+1-585-984-6181,New York,NY,USA,2024-04-03,Email,45-54,Male
4284,Harper,Young,harper.young4284@example.com,+1-585-508-2831,Denver,CO,USA,2024-07-20,Email,35-44,Male
4285,Harper,Johnson,harper.johnson4285@example.com,+1-585-976-6269,Miami,FL,USA,2024-07-29,Referral,35-44,Male
4286,Harper,Martin,harper.martin4286@example.com,+1-585-695-1040,Seattle,WA,USA,2024-10-24,Organic Search,45-54,Male
4287,Amelia,Jackson,amelia.jackson4287@example.com,+1-585-325-2248,New York,NY,USA,2024-10-10,Display,55+,Female
4288,Charlotte,White,charlotte.white4288@example.com,+1-585-131-6831,San Francisco,CA,USA,2024-12-07,Organic Search,55+,Other
4289,Lucas,Johnson,lucas.johnson4289@example.com,+1-585-555-3908,Denver,CO,USA,2024-10-10,Referral,18-24,Male
4290,Emma,Davis,emma.davis4290@example.com,+1-585-734-9062,Seattle,WA,USA,2024-05-13,Referral,25-34,Male
4291,Lucas,Johnson,lucas.johnson4291@example.com,+1-585-898-1741,Chicago,IL,USA,2024-03-05,Referral,45-54,Male
4292,Noah,Perez,noah.perez4292@example.com,+1-585-240-7313,Austin,TX,USA,2025-02-27,Display,25-34,Female
4293,Noah,Davis,noah.davis4293@example.com,+1-585-235-4896,San Francisco,CA,USA,2024-08-23,Email,18-24,Male
4294,Liam,Perez,liam.perez4294@example.com,+1-585-219-1369,Dallas,TX,USA,2024-10-22,Organic Search,35-44,Female
4295,Isabella,Martinez,isabella.martinez4295@example.com,+1-585-837-7178,Dallas,TX,USA,2024-12-24,Referral,55+,Male
4296,Sophia,Harris,sophia.harris4296@example.com,+1-585-252-9236,San Francisco,CA,USA,2024-04-15,Organic Search,18-24,Male
4297,Theodore,Smith,theodore.smith4297@example.com,+1-585-559-8622,New York,NY,USA,2024-06-29,Organic Search,45-54,Female
4298,Oliver,Perez,oliver.perez4298@example.com,+1-585-943-5676,Boston,MA,USA,2024-08-13,Display,35-44,Female
4299,Charlotte,Lee,charlotte.lee4299@example.com,+1-585-995-9293,New York,NY,USA,2024-05-31,Social,35-44,Other
4300,Noah,Smith,noah.smith4300@example.com,+1-585-129-2686,Austin,TX,USA,2024-04-15,Organic Search,25-34,Male
4301,Benjamin,Anderson,benjamin.anderson4301@example.com,+1-585-232-6689,Chicago,IL,USA,2024-09-04,Social,25-34,Female
4302,James,Clark,james.clark4302@example.com,+1-585-940-2307,Austin,TX,USA,2024-02-16,Organic Search,18-24,Female
4303,Henry,Davis,henry.davis4303@example.com,+1-585-179-6497,Boston,MA,USA,2024-06-02,Referral,35-44,Male
4304,Elijah,Jackson,elijah.jackson4304@example.com,+1-585-411-3715,Boston,MA,USA,2024-12-15,Referral,35-44,Female
4305,Emma,Garcia,emma.garcia4305@example.com,+1-585-361-7621,Austin,TX,USA,2024-03-01,Email,35-44,Female
4306,Oliver,Smith,oliver.smith4306@example.com,+1-585-125-6005,Boston,MA,USA,2024-08-08,Social,18-24,Male
4307,James,Garcia,james.garcia4307@example.com,+1-585-480-7811,Seattle,WA,USA,2024-06-03,Referral,45-54,Other
4308,Lucas,Harris,lucas.harris4308@example.com,+1-585-457-4577,Boston,MA,USA,2024-11-30,Referral,18-24,Male
4309,Amelia,Perez,amelia.perez4309@example.com,+1-585-517-6020,Denver,CO,USA,2024-04-30,Referral,45-54,Other
4310,Liam,Johnson,liam.johnson4310@example.com,+1-585-457-7464,Denver,CO,USA,2024-04-01,Paid Search,55+,Male
4311,Oliver,Martinez,oliver.martinez4311@example.com,+1-585-915-1328,Dallas,TX,USA,2024-05-25,Email,55+,Male
4312,Noah,Martinez,noah.martinez4312@example.com,+1-585-548-3784,Chicago,IL,USA,2024-07-14,Paid Search,25-34,Female
4313,Liam,Anderson,liam.anderson4313@example.com,+1-585-602-2661,Seattle,WA,USA,2024-07-08,Organic Search,25-34,Other
4314,Theodore,Johnson,theodore.johnson4314@example.com,+1-585-568-8570,Chicago,IL,USA,2024-03-19,Social,18-24,Female
4315,Lucas,Garcia,lucas.garcia4315@example.com,+1-585-552-7042,Miami,FL,USA,2025-03-29,Organic Search,18-24,Female
4316,Theodore,Smith,theodore.smith4316@example.com,+1-585-513-4145,Chicago,IL,USA,2024-09-15,Referral,45-54,Female
4317,Amelia,Perez,amelia.perez4317@example.com,+1-585-216-1754,New York,NY,USA,2024-09-18,Display,18-24,Female
4318,Theodore,Martinez,theodore.martinez4318@example.com,+1-585-239-1598,Boston,MA,USA,2024-02-14,Organic Search,35-44,Other
4319,Olivia,Young,olivia.young4319@example.com,+1-585-665-2567,Seattle,WA,USA,2024-12-09,Display,18-24,Female
4320,Theodore,Lewis,theodore.lewis4320@example.com,+1-585-232-8792,New York,NY,USA,2024-08-02,Referral,35-44,Female
4321,Isabella,Perez,isabella.perez4321@example.com,+1-585-991-2688,Austin,TX,USA,2024-11-14,Social,55+,Female
4322,Lucas,Clark,lucas.clark4322@example.com,+1-585-593-7948,Denver,CO,USA,2024-11-20,Referral,35-44,Male
4323,Harper,Walker,harper.walker4323@example.com,+1-585-620-3989,Atlanta,GA,USA,2024-05-27,Email,18-24,Other
4324,Benjamin,Walker,benjamin.walker4324@example.com,+1-585-192-4932,Austin,TX,USA,2024-07-14,Email,18-24,Male
4325,James,Martin,james.martin4325@example.com,+1-585-389-3553,Seattle,WA,USA,2025-02-18,Organic Search,35-44,Other
4326,Noah,Lee,noah.lee4326@example.com,+1-585-542-7110,Dallas,TX,USA,2024-05-07,Display,35-44,Other
4327,Ava,Davis,ava.davis4327@example.com,+1-585-689-3743,Miami,FL,USA,2025-01-02,Paid Search,18-24,Other
4328,Evelyn,Johnson,evelyn.johnson4328@example.com,+1-585-864-5318,Chicago,IL,USA,2024-03-06,Paid Search,18-24,Female
4329,Lucas,Davis,lucas.davis4329@example.com,+1-585-593-6354,San Francisco,CA,USA,2024-09-22,Display,25-34,Female
4330,Evelyn,Brown,evelyn.brown4330@example.com,+1-585-529-7116,Miami,FL,USA,2024-05-23,Paid Search,25-34,Other
4331,Charlotte,Thompson,charlotte.thompson4331@example.com,+1-585-900-2663,Austin,TX,USA,2024-04-22,Display,55+,Female
4332,Lucas,Johnson,lucas.johnson4332@example.com,+1-585-238-8332,Austin,TX,USA,2024-05-15,Organic Search,25-34,Male
4333,Amelia,Johnson,amelia.johnson4333@example.com,+1-585-769-5757,Boston,MA,USA,2024-07-31,Organic Search,35-44,Female
4334,Harper,Harris,harper.harris4334@example.com,+1-585-825-9544,New York,NY,USA,2024-11-06,Referral,18-24,Female
4335,James,Perez,james.perez4335@example.com,+1-585-328-8416,Austin,TX,USA,2024-10-25,Paid Search,45-54,Other
4336,Noah,Brown,noah.brown4336@example.com,+1-585-549-2639,New York,NY,USA,2024-01-06,Email,45-54,Male
4337,Emma,Clark,emma.clark4337@example.com,+1-585-151-9598,Austin,TX,USA,2024-04-28,Organic Search,55+,Male
4338,Charlotte,Thomas,charlotte.thomas4338@example.com,+1-585-785-9680,Seattle,WA,USA,2024-03-16,Email,55+,Other
4339,Oliver,Walker,oliver.walker4339@example.com,+1-585-670-7229,Austin,TX,USA,2024-10-26,Email,55+,Other
4340,James,Lee,james.lee4340@example.com,+1-585-661-9108,Atlanta,GA,USA,2024-04-30,Display,45-54,Male
4341,William,Jackson,william.jackson4341@example.com,+1-585-150-4178,Miami,FL,USA,2024-02-24,Social,45-54,Female
4342,Olivia,Garcia,olivia.garcia4342@example.com,+1-585-213-7611,Atlanta,GA,USA,2024-09-04,Display,25-34,Other
4343,Henry,Taylor,henry.taylor4343@example.com,+1-585-441-7976,Miami,FL,USA,2024-06-06,Email,18-24,Other
4344,Noah,Martin,noah.martin4344@example.com,+1-585-172-2140,Atlanta,GA,USA,2024-06-18,Paid Search,35-44,Male
4345,Evelyn,Garcia,evelyn.garcia4345@example.com,+1-585-947-8097,New York,NY,USA,2024-02-23,Organic Search,35-44,Female
4346,Mia,Jackson,mia.jackson4346@example.com,+1-585-747-8202,Dallas,TX,USA,2024-10-11,Email,35-44,Male
4347,Noah,Perez,noah.perez4347@example.com,+1-585-789-5112,Austin,TX,USA,2024-09-14,Email,45-54,Other
4348,William,Garcia,william.garcia4348@example.com,+1-585-812-5881,Seattle,WA,USA,2024-02-06,Social,45-54,Male
4349,Olivia,Garcia,olivia.garcia4349@example.com,+1-585-523-2811,Austin,TX,USA,2024-12-25,Display,45-54,Other
4350,Theodore,Smith,theodore.smith4350@example.com,+1-585-725-8600,Chicago,IL,USA,2025-02-11,Social,18-24,Male
4351,Ava,White,ava.white4351@example.com,+1-585-379-9330,Chicago,IL,USA,2024-10-29,Display,55+,Other
4352,Ava,Young,ava.young4352@example.com,+1-585-829-4036,San Francisco,CA,USA,2025-03-23,Email,25-34,Other
4353,Isabella,Young,isabella.young4353@example.com,+1-585-503-6105,Miami,FL,USA,2024-04-16,Email,18-24,Female
4354,James,Jackson,james.jackson4354@example.com,+1-585-976-6714,Boston,MA,USA,2024-09-07,Paid Search,45-54,Other
4355,Olivia,Taylor,olivia.taylor4355@example.com,+1-585-621-1676,Seattle,WA,USA,2024-03-14,Organic Search,18-24,Other
4356,Harper,Lewis,harper.lewis4356@example.com,+1-585-445-8814,San Francisco,CA,USA,2024-11-01,Social,18-24,Male
4357,Noah,Taylor,noah.taylor4357@example.com,+1-585-691-8076,Seattle,WA,USA,2024-06-14,Paid Search,45-54,Other
4358,Mia,White,mia.white4358@example.com,+1-585-774-6392,San Francisco,CA,USA,2024-11-20,Display,25-34,Female
4359,Noah,Smith,noah.smith4359@example.com,+1-585-149-8867,Seattle,WA,USA,2024-06-22,Email,35-44,Female
4360,Harper,Walker,harper.walker4360@example.com,+1-585-675-2839,Dallas,TX,USA,2024-11-23,Referral,55+,Male
4361,Sophia,Martinez,sophia.martinez4361@example.com,+1-585-224-7067,Miami,FL,USA,2024-07-16,Social,55+,Male
4362,Benjamin,Jackson,benjamin.jackson4362@example.com,+1-585-286-7551,Dallas,TX,USA,2024-12-26,Social,18-24,Male
4363,Ava,Taylor,ava.taylor4363@example.com,+1-585-583-3694,Chicago,IL,USA,2024-08-10,Referral,18-24,Female
4364,Liam,Lewis,liam.lewis4364@example.com,+1-585-556-9409,Denver,CO,USA,2024-06-01,Email,45-54,Female
4365,Theodore,Anderson,theodore.anderson4365@example.com,+1-585-754-9284,New York,NY,USA,2024-01-26,Paid Search,35-44,Female
4366,Ava,Walker,ava.walker4366@example.com,+1-585-177-4010,Chicago,IL,USA,2025-01-24,Paid Search,55+,Female
4367,Oliver,Martinez,oliver.martinez4367@example.com,+1-585-207-4266,Denver,CO,USA,2024-08-18,Social,35-44,Female
4368,Oliver,Clark,oliver.clark4368@example.com,+1-585-955-1662,Miami,FL,USA,2024-03-30,Display,18-24,Male
4369,William,Taylor,william.taylor4369@example.com,+1-585-754-1918,Atlanta,GA,USA,2024-03-31,Referral,25-34,Female
4370,Sophia,Brown,sophia.brown4370@example.com,+1-585-906-3831,Boston,MA,USA,2024-12-05,Social,35-44,Other
4371,Elijah,Perez,elijah.perez4371@example.com,+1-585-810-1045,Boston,MA,USA,2024-06-14,Paid Search,55+,Other
4372,Amelia,Johnson,amelia.johnson4372@example.com,+1-585-861-8793,Austin,TX,USA,2024-12-17,Paid Search,55+,Male
4373,Charlotte,Johnson,charlotte.johnson4373@example.com,+1-585-772-1928,Miami,FL,USA,2024-05-15,Display,18-24,Female
4374,Lucas,Thompson,lucas.thompson4374@example.com,+1-585-184-8565,San Francisco,CA,USA,2025-05-17,Referral,55+,Male
4375,Mia,Davis,mia.davis4375@example.com,+1-585-321-3601,Dallas,TX,USA,2025-05-02,Display,18-24,Female
4376,Sophia,Martin,sophia.martin4376@example.com,+1-585-317-4315,Atlanta,GA,USA,2024-12-21,Social,18-24,Male
4377,Oliver,Martin,oliver.martin4377@example.com,+1-585-108-7353,New York,NY,USA,2025-02-18,Organic Search,35-44,Female
4378,James,Lewis,james.lewis4378@example.com,+1-585-459-9940,New York,NY,USA,2024-11-23,Referral,55+,Other
4379,Ava,Lee,ava.lee4379@example.com,+1-585-990-9609,Denver,CO,USA,2024-06-28,Paid Search,45-54,Male
4380,Elijah,Lewis,elijah.lewis4380@example.com,+1-585-712-4249,Boston,MA,USA,2024-05-22,Display,45-54,Male
4381,James,Garcia,james.garcia4381@example.com,+1-585-475-7438,Chicago,IL,USA,2024-06-22,Email,25-34,Female
4382,Oliver,Lewis,oliver.lewis4382@example.com,+1-585-882-2614,Seattle,WA,USA,2024-08-05,Social,25-34,Male
4383,Henry,Walker,henry.walker4383@example.com,+1-585-796-8587,Seattle,WA,USA,2024-10-18,Social,55+,Female
4384,Oliver,Martinez,oliver.martinez4384@example.com,+1-585-671-8920,Austin,TX,USA,2024-04-20,Referral,25-34,Male
4385,Liam,Garcia,liam.garcia4385@example.com,+1-585-883-8500,Dallas,TX,USA,2024-03-12,Paid Search,35-44,Female
4386,Theodore,Thomas,theodore.thomas4386@example.com,+1-585-556-7372,Miami,FL,USA,2024-04-28,Paid Search,55+,Male
4387,Noah,Walker,noah.walker4387@example.com,+1-585-403-2056,San Francisco,CA,USA,2024-09-18,Paid Search,55+,Male
4388,Emma,Perez,emma.perez4388@example.com,+1-585-226-1434,Austin,TX,USA,2024-01-31,Social,45-54,Other
4389,Liam,Johnson,liam.johnson4389@example.com,+1-585-736-9834,Chicago,IL,USA,2024-03-06,Referral,25-34,Other
4390,Noah,Smith,noah.smith4390@example.com,+1-585-957-3145,New York,NY,USA,2024-03-07,Display,55+,Male
4391,Mia,Young,mia.young4391@example.com,+1-585-306-2783,Chicago,IL,USA,2024-06-23,Social,18-24,Other
4392,Elijah,Smith,elijah.smith4392@example.com,+1-585-887-1742,Boston,MA,USA,2025-01-13,Social,35-44,Other
4393,Evelyn,Lewis,evelyn.lewis4393@example.com,+1-585-365-1747,Miami,FL,USA,2025-01-27,Referral,25-34,Other
4394,Isabella,Jackson,isabella.jackson4394@example.com,+1-585-832-5573,Miami,FL,USA,2024-06-14,Organic Search,18-24,Other
4395,Mia,Young,mia.young4395@example.com,+1-585-605-6596,San Francisco,CA,USA,2025-03-28,Email,55+,Male
4396,Sophia,Martin,sophia.martin4396@example.com,+1-585-421-7162,Dallas,TX,USA,2024-05-23,Email,18-24,Female
4397,Liam,Davis,liam.davis4397@example.com,+1-585-506-3162,New York,NY,USA,2024-06-15,Paid Search,25-34,Other
4398,Lucas,Jackson,lucas.jackson4398@example.com,+1-585-623-4837,Austin,TX,USA,2024-03-29,Email,45-54,Male
4399,Ava,Lee,ava.lee4399@example.com,+1-585-311-5421,Seattle,WA,USA,2024-09-27,Organic Search,18-24,Male
4400,Elijah,Davis,elijah.davis4400@example.com,+1-585-610-9800,San Francisco,CA,USA,2024-08-12,Organic Search,25-34,Male
4401,Oliver,Anderson,oliver.anderson4401@example.com,+1-585-996-4115,Dallas,TX,USA,2025-02-15,Paid Search,35-44,Male
4402,Olivia,Walker,olivia.walker4402@example.com,+1-585-459-6179,San Francisco,CA,USA,2024-05-10,Paid Search,35-44,Male
4403,Isabella,Brown,isabella.brown4403@example.com,+1-585-243-5205,Dallas,TX,USA,2024-11-28,Referral,25-34,Other
4404,Isabella,Young,isabella.young4404@example.com,+1-585-664-2425,Atlanta,GA,USA,2024-07-02,Display,35-44,Male
4405,Elijah,Thomas,elijah.thomas4405@example.com,+1-585-732-2679,New York,NY,USA,2024-06-18,Referral,18-24,Male
4406,Liam,Martinez,liam.martinez4406@example.com,+1-585-662-4542,Miami,FL,USA,2024-09-26,Organic Search,25-34,Female
4407,Lucas,Jackson,lucas.jackson4407@example.com,+1-585-112-2835,Chicago,IL,USA,2024-08-14,Paid Search,18-24,Other
4408,Mia,Martin,mia.martin4408@example.com,+1-585-743-7787,Austin,TX,USA,2024-12-18,Display,25-34,Other
4409,James,Jackson,james.jackson4409@example.com,+1-585-923-3598,Seattle,WA,USA,2024-06-04,Referral,45-54,Other
4410,Noah,Martin,noah.martin4410@example.com,+1-585-979-8952,Denver,CO,USA,2024-09-13,Email,25-34,Female
4411,Ava,Jackson,ava.jackson4411@example.com,+1-585-416-1189,Chicago,IL,USA,2024-11-16,Paid Search,45-54,Male
4412,Mia,Young,mia.young4412@example.com,+1-585-239-8983,Atlanta,GA,USA,2024-11-18,Social,25-34,Other
4413,Theodore,Thompson,theodore.thompson4413@example.com,+1-585-220-6991,New York,NY,USA,2024-11-25,Display,45-54,Male
4414,Sophia,Martinez,sophia.martinez4414@example.com,+1-585-584-4907,Boston,MA,USA,2024-03-15,Display,45-54,Female
4415,Sophia,Taylor,sophia.taylor4415@example.com,+1-585-516-2592,Austin,TX,USA,2024-05-24,Email,45-54,Other
4416,Lucas,Smith,lucas.smith4416@example.com,+1-585-721-1168,San Francisco,CA,USA,2024-06-15,Referral,18-24,Male
4417,Oliver,Garcia,oliver.garcia4417@example.com,+1-585-611-8570,Seattle,WA,USA,2024-06-16,Paid Search,35-44,Male
4418,Noah,Thomas,noah.thomas4418@example.com,+1-585-997-9453,Chicago,IL,USA,2024-02-05,Paid Search,55+,Other
4419,Ava,Lee,ava.lee4419@example.com,+1-585-378-5083,Denver,CO,USA,2024-04-18,Social,18-24,Female
4420,Oliver,Harris,oliver.harris4420@example.com,+1-585-189-1909,Austin,TX,USA,2024-08-15,Email,45-54,Other
4421,Noah,Clark,noah.clark4421@example.com,+1-585-992-9035,Boston,MA,USA,2024-01-22,Organic Search,35-44,Female
4422,Benjamin,Young,benjamin.young4422@example.com,+1-585-708-9254,New York,NY,USA,2024-06-28,Social,25-34,Other
4423,Benjamin,Clark,benjamin.clark4423@example.com,+1-585-880-1878,Austin,TX,USA,2024-09-26,Referral,35-44,Male
4424,Sophia,Anderson,sophia.anderson4424@example.com,+1-585-714-5347,Chicago,IL,USA,2024-04-02,Paid Search,35-44,Female
4425,Sophia,Johnson,sophia.johnson4425@example.com,+1-585-432-8433,Denver,CO,USA,2024-02-10,Display,45-54,Male
4426,Elijah,Perez,elijah.perez4426@example.com,+1-585-593-4720,Miami,FL,USA,2024-03-05,Display,18-24,Other
4427,Liam,Thomas,liam.thomas4427@example.com,+1-585-563-5599,Miami,FL,USA,2024-10-12,Referral,25-34,Other
4428,Evelyn,White,evelyn.white4428@example.com,+1-585-907-7980,Boston,MA,USA,2024-07-15,Display,55+,Other
4429,Harper,Martin,harper.martin4429@example.com,+1-585-938-2629,San Francisco,CA,USA,2024-10-07,Referral,45-54,Other
4430,Emma,Thompson,emma.thompson4430@example.com,+1-585-905-3312,New York,NY,USA,2024-07-05,Paid Search,18-24,Male
4431,Emma,Martinez,emma.martinez4431@example.com,+1-585-845-5850,Denver,CO,USA,2024-09-17,Social,18-24,Other
4432,Liam,White,liam.white4432@example.com,+1-585-975-8367,Seattle,WA,USA,2024-08-14,Organic Search,18-24,Other
4433,Sophia,Martin,sophia.martin4433@example.com,+1-585-867-6855,New York,NY,USA,2024-08-20,Display,25-34,Male
4434,Amelia,Clark,amelia.clark4434@example.com,+1-585-657-9396,Chicago,IL,USA,2024-11-28,Social,55+,Female
4435,Elijah,Johnson,elijah.johnson4435@example.com,+1-585-693-2061,Seattle,WA,USA,2024-03-29,Paid Search,45-54,Other
4436,Amelia,Harris,amelia.harris4436@example.com,+1-585-309-4395,Chicago,IL,USA,2024-07-05,Organic Search,35-44,Male
4437,Theodore,White,theodore.white4437@example.com,+1-585-288-9557,Seattle,WA,USA,2024-07-20,Referral,35-44,Male
4438,Olivia,Garcia,olivia.garcia4438@example.com,+1-585-492-2452,Chicago,IL,USA,2024-05-13,Organic Search,25-34,Other
4439,Sophia,Martinez,sophia.martinez4439@example.com,+1-585-693-1180,Boston,MA,USA,2024-10-22,Organic Search,45-54,Male
4440,Ava,Perez,ava.perez4440@example.com,+1-585-844-7772,Seattle,WA,USA,2024-05-28,Referral,55+,Female
4441,Noah,Lee,noah.lee4441@example.com,+1-585-150-4395,Austin,TX,USA,2024-04-04,Display,18-24,Other
4442,Ava,Walker,ava.walker4442@example.com,+1-585-734-8738,San Francisco,CA,USA,2024-05-31,Social,55+,Female
4443,Isabella,Johnson,isabella.johnson4443@example.com,+1-585-597-4864,San Francisco,CA,USA,2024-05-05,Social,25-34,Male
4444,Theodore,Martin,theodore.martin4444@example.com,+1-585-297-8419,Seattle,WA,USA,2024-09-16,Referral,45-54,Female
4445,Elijah,Walker,elijah.walker4445@example.com,+1-585-424-8744,Denver,CO,USA,2024-08-07,Email,55+,Other
4446,Olivia,Johnson,olivia.johnson4446@example.com,+1-585-155-6204,Austin,TX,USA,2024-05-27,Social,25-34,Male
4447,Mia,Harris,mia.harris4447@example.com,+1-585-289-3152,Seattle,WA,USA,2025-01-08,Social,55+,Male
4448,Sophia,Walker,sophia.walker4448@example.com,+1-585-619-5727,New York,NY,USA,2024-12-09,Display,25-34,Female
4449,Benjamin,Thomas,benjamin.thomas4449@example.com,+1-585-366-8739,Denver,CO,USA,2024-06-19,Display,25-34,Female
4450,Lucas,Brown,lucas.brown4450@example.com,+1-585-611-7356,Seattle,WA,USA,2024-03-11,Paid Search,18-24,Female
4451,Olivia,Smith,olivia.smith4451@example.com,+1-585-750-1665,San Francisco,CA,USA,2024-11-27,Referral,35-44,Other
4452,Amelia,Jackson,amelia.jackson4452@example.com,+1-585-106-8702,Miami,FL,USA,2024-03-06,Organic Search,45-54,Male
4453,Isabella,Martin,isabella.martin4453@example.com,+1-585-970-8900,Chicago,IL,USA,2024-02-17,Paid Search,55+,Male
4454,Evelyn,Walker,evelyn.walker4454@example.com,+1-585-774-6913,Denver,CO,USA,2024-03-17,Social,35-44,Female
4455,Theodore,Smith,theodore.smith4455@example.com,+1-585-951-3001,Denver,CO,USA,2024-11-06,Referral,45-54,Male
4456,Ava,Perez,ava.perez4456@example.com,+1-585-974-4192,Boston,MA,USA,2024-11-16,Organic Search,55+,Male
4457,William,Davis,william.davis4457@example.com,+1-585-826-3705,Boston,MA,USA,2024-12-25,Display,55+,Female
4458,Henry,Brown,henry.brown4458@example.com,+1-585-399-6099,Chicago,IL,USA,2024-05-20,Social,18-24,Other
4459,Amelia,Clark,amelia.clark4459@example.com,+1-585-270-4713,Atlanta,GA,USA,2025-03-13,Email,25-34,Female
4460,Amelia,Brown,amelia.brown4460@example.com,+1-585-813-6519,Seattle,WA,USA,2024-03-26,Referral,55+,Male
4461,Amelia,White,amelia.white4461@example.com,+1-585-936-5720,Chicago,IL,USA,2024-12-05,Display,55+,Female
4462,Benjamin,Martinez,benjamin.martinez4462@example.com,+1-585-393-5463,Atlanta,GA,USA,2025-04-27,Display,35-44,Male
4463,Mia,Martinez,mia.martinez4463@example.com,+1-585-997-9319,Atlanta,GA,USA,2024-07-04,Email,18-24,Male
4464,Noah,Anderson,noah.anderson4464@example.com,+1-585-650-8126,Denver,CO,USA,2024-12-16,Email,55+,Female
4465,Sophia,Lee,sophia.lee4465@example.com,+1-585-650-5760,Denver,CO,USA,2024-07-09,Organic Search,55+,Male
4466,Noah,Lee,noah.lee4466@example.com,+1-585-232-5968,Austin,TX,USA,2024-06-19,Referral,18-24,Male
4467,Evelyn,Martin,evelyn.martin4467@example.com,+1-585-973-3652,San Francisco,CA,USA,2024-10-17,Paid Search,45-54,Female
4468,Lucas,Smith,lucas.smith4468@example.com,+1-585-723-4343,Atlanta,GA,USA,2024-08-31,Paid Search,25-34,Male
4469,Emma,Davis,emma.davis4469@example.com,+1-585-164-9669,Seattle,WA,USA,2024-11-19,Referral,25-34,Other
4470,Sophia,Smith,sophia.smith4470@example.com,+1-585-942-6913,Dallas,TX,USA,2024-05-11,Social,25-34,Other
4471,James,Perez,james.perez4471@example.com,+1-585-196-7618,Atlanta,GA,USA,2024-12-12,Email,45-54,Male
4472,Evelyn,Johnson,evelyn.johnson4472@example.com,+1-585-920-1489,Miami,FL,USA,2024-12-07,Organic Search,18-24,Female
4473,Ava,Garcia,ava.garcia4473@example.com,+1-585-819-4487,Chicago,IL,USA,2024-04-17,Paid Search,45-54,Other
4474,Isabella,Anderson,isabella.anderson4474@example.com,+1-585-811-1263,Atlanta,GA,USA,2024-02-17,Social,35-44,Female
4475,Emma,Davis,emma.davis4475@example.com,+1-585-120-3550,Austin,TX,USA,2024-03-17,Paid Search,55+,Male
4476,Lucas,Martin,lucas.martin4476@example.com,+1-585-898-2181,Dallas,TX,USA,2024-06-20,Organic Search,35-44,Male
4477,Elijah,Lee,elijah.lee4477@example.com,+1-585-137-2703,Dallas,TX,USA,2024-04-12,Email,25-34,Female
4478,Noah,Harris,noah.harris4478@example.com,+1-585-198-6382,New York,NY,USA,2024-02-15,Social,55+,Other
4479,Elijah,Thompson,elijah.thompson4479@example.com,+1-585-478-4302,Seattle,WA,USA,2024-05-29,Email,35-44,Male
4480,Noah,Lewis,noah.lewis4480@example.com,+1-585-959-2138,Seattle,WA,USA,2024-08-07,Paid Search,18-24,Female
4481,William,Smith,william.smith4481@example.com,+1-585-644-2987,Seattle,WA,USA,2024-04-28,Referral,35-44,Male
4482,Harper,Martin,harper.martin4482@example.com,+1-585-637-8772,Austin,TX,USA,2025-03-20,Email,35-44,Other
4483,Evelyn,Martin,evelyn.martin4483@example.com,+1-585-204-7080,New York,NY,USA,2024-06-13,Referral,25-34,Other
4484,Theodore,Clark,theodore.clark4484@example.com,+1-585-963-9130,Atlanta,GA,USA,2024-06-11,Email,55+,Other
4485,Charlotte,Jackson,charlotte.jackson4485@example.com,+1-585-351-2059,Chicago,IL,USA,2024-05-10,Paid Search,45-54,Other
4486,Oliver,Martinez,oliver.martinez4486@example.com,+1-585-739-3966,Dallas,TX,USA,2024-08-09,Organic Search,45-54,Male
4487,Elijah,Clark,elijah.clark4487@example.com,+1-585-702-8258,Chicago,IL,USA,2024-08-03,Social,45-54,Male
4488,Emma,Walker,emma.walker4488@example.com,+1-585-916-6714,Austin,TX,USA,2024-04-01,Social,18-24,Female
4489,Noah,Davis,noah.davis4489@example.com,+1-585-726-9859,Atlanta,GA,USA,2024-01-27,Display,45-54,Male
4490,Theodore,Brown,theodore.brown4490@example.com,+1-585-383-2153,San Francisco,CA,USA,2025-01-17,Organic Search,18-24,Female
4491,Lucas,Davis,lucas.davis4491@example.com,+1-585-766-5992,Chicago,IL,USA,2024-11-21,Organic Search,25-34,Other
4492,Noah,Jackson,noah.jackson4492@example.com,+1-585-287-1455,Seattle,WA,USA,2024-06-24,Organic Search,25-34,Female
4493,William,Lewis,william.lewis4493@example.com,+1-585-371-9016,Seattle,WA,USA,2024-11-10,Referral,25-34,Other
4494,Benjamin,Young,benjamin.young4494@example.com,+1-585-770-9758,Chicago,IL,USA,2024-05-20,Social,18-24,Female
4495,Theodore,Jackson,theodore.jackson4495@example.com,+1-585-227-2172,Dallas,TX,USA,2024-07-28,Organic Search,45-54,Male
4496,Lucas,Brown,lucas.brown4496@example.com,+1-585-632-2110,Chicago,IL,USA,2025-07-16,Referral,45-54,Male
4497,Ava,Martinez,ava.martinez4497@example.com,+1-585-447-5917,Denver,CO,USA,2024-05-12,Paid Search,35-44,Male
4498,Sophia,Clark,sophia.clark4498@example.com,+1-585-544-3933,Atlanta,GA,USA,2024-04-21,Display,25-34,Male
4499,Evelyn,Garcia,evelyn.garcia4499@example.com,+1-585-684-1588,Miami,FL,USA,2024-09-05,Referral,35-44,Other
4500,Emma,Anderson,emma.anderson4500@example.com,+1-585-409-1873,Seattle,WA,USA,2024-05-30,Social,55+,Male
4501,Henry,Thompson,henry.thompson4501@example.com,+1-585-138-3081,Dallas,TX,USA,2024-12-03,Email,55+,Male
4502,Harper,Martin,harper.martin4502@example.com,+1-585-950-6969,Chicago,IL,USA,2025-02-26,Referral,35-44,Other
4503,James,Smith,james.smith4503@example.com,+1-585-962-1751,Austin,TX,USA,2024-10-16,Email,18-24,Male
4504,Noah,Johnson,noah.johnson4504@example.com,+1-585-923-5665,Austin,TX,USA,2024-08-27,Email,35-44,Female
4505,Ava,Davis,ava.davis4505@example.com,+1-585-253-1593,Atlanta,GA,USA,2024-10-22,Organic Search,55+,Other
4506,Henry,Johnson,henry.johnson4506@example.com,+1-585-883-4300,San Francisco,CA,USA,2024-01-10,Referral,45-54,Other
4507,Evelyn,Young,evelyn.young4507@example.com,+1-585-117-8861,Miami,FL,USA,2024-05-15,Email,25-34,Other
4508,Elijah,Anderson,elijah.anderson4508@example.com,+1-585-680-7763,Chicago,IL,USA,2024-03-09,Organic Search,35-44,Female
4509,Sophia,Garcia,sophia.garcia4509@example.com,+1-585-666-2719,Chicago,IL,USA,2025-02-07,Referral,18-24,Male
4510,Theodore,White,theodore.white4510@example.com,+1-585-761-6704,Chicago,IL,USA,2025-01-07,Paid Search,35-44,Male
4511,James,Lewis,james.lewis4511@example.com,+1-585-679-8412,Miami,FL,USA,2025-01-12,Display,45-54,Female
4512,Isabella,Taylor,isabella.taylor4512@example.com,+1-585-472-7427,Dallas,TX,USA,2024-08-02,Display,55+,Female
4513,Harper,Davis,harper.davis4513@example.com,+1-585-150-1092,New York,NY,USA,2025-04-08,Organic Search,45-54,Male
4514,Emma,White,emma.white4514@example.com,+1-585-137-2983,Dallas,TX,USA,2024-06-23,Social,55+,Other
4515,Henry,Harris,henry.harris4515@example.com,+1-585-246-6925,Miami,FL,USA,2024-05-23,Paid Search,18-24,Other
4516,Liam,Smith,liam.smith4516@example.com,+1-585-212-7348,Miami,FL,USA,2024-06-16,Email,35-44,Male
4517,Sophia,Taylor,sophia.taylor4517@example.com,+1-585-905-3538,Denver,CO,USA,2024-05-12,Referral,25-34,Male
4518,Mia,Thompson,mia.thompson4518@example.com,+1-585-638-3870,Chicago,IL,USA,2024-02-26,Paid Search,25-34,Male
4519,Harper,Anderson,harper.anderson4519@example.com,+1-585-862-5996,Boston,MA,USA,2024-10-06,Social,35-44,Other
4520,Mia,Johnson,mia.johnson4520@example.com,+1-585-467-8029,Atlanta,GA,USA,2025-02-25,Email,25-34,Male
4521,Liam,Martinez,liam.martinez4521@example.com,+1-585-703-4741,San Francisco,CA,USA,2024-08-14,Social,45-54,Other
4522,William,Martin,william.martin4522@example.com,+1-585-570-6564,Atlanta,GA,USA,2024-11-07,Display,18-24,Other
4523,Noah,Brown,noah.brown4523@example.com,+1-585-952-4760,Boston,MA,USA,2024-10-15,Display,45-54,Female
4524,Charlotte,Walker,charlotte.walker4524@example.com,+1-585-309-9382,Miami,FL,USA,2024-04-06,Social,45-54,Other
4525,Sophia,Perez,sophia.perez4525@example.com,+1-585-649-3530,Chicago,IL,USA,2024-03-30,Paid Search,55+,Male
4526,Benjamin,Taylor,benjamin.taylor4526@example.com,+1-585-822-1752,Austin,TX,USA,2024-03-10,Referral,25-34,Female
4527,William,Martin,william.martin4527@example.com,+1-585-274-2221,Dallas,TX,USA,2024-09-27,Organic Search,25-34,Male
4528,Mia,Young,mia.young4528@example.com,+1-585-465-6755,Atlanta,GA,USA,2024-10-30,Social,45-54,Female
4529,Amelia,Taylor,amelia.taylor4529@example.com,+1-585-560-4869,Austin,TX,USA,2024-06-03,Email,25-34,Male
4530,Charlotte,Walker,charlotte.walker4530@example.com,+1-585-379-5459,Seattle,WA,USA,2024-05-14,Email,18-24,Male
4531,Charlotte,Lewis,charlotte.lewis4531@example.com,+1-585-605-5369,Denver,CO,USA,2024-04-05,Referral,18-24,Male
4532,Benjamin,Lee,benjamin.lee4532@example.com,+1-585-503-2211,Chicago,IL,USA,2024-05-15,Organic Search,35-44,Other
4533,Mia,Young,mia.young4533@example.com,+1-585-878-8525,New York,NY,USA,2025-01-02,Social,25-34,Other
4534,Oliver,Lee,oliver.lee4534@example.com,+1-585-857-3793,Denver,CO,USA,2024-01-30,Email,35-44,Male
4535,Liam,Lewis,liam.lewis4535@example.com,+1-585-990-9110,Austin,TX,USA,2024-02-22,Display,35-44,Female
4536,Elijah,Lee,elijah.lee4536@example.com,+1-585-833-2332,San Francisco,CA,USA,2024-08-28,Organic Search,35-44,Male
4537,Ava,Harris,ava.harris4537@example.com,+1-585-982-1787,Austin,TX,USA,2024-04-07,Referral,35-44,Other
4538,Lucas,Jackson,lucas.jackson4538@example.com,+1-585-531-9529,New York,NY,USA,2024-04-08,Organic Search,55+,Other
4539,Emma,Young,emma.young4539@example.com,+1-585-512-1374,Miami,FL,USA,2024-11-06,Organic Search,55+,Female
4540,Harper,Harris,harper.harris4540@example.com,+1-585-940-4183,Boston,MA,USA,2024-03-20,Referral,35-44,Other
4541,Charlotte,White,charlotte.white4541@example.com,+1-585-286-9697,Seattle,WA,USA,2024-07-06,Display,25-34,Male
4542,Theodore,Young,theodore.young4542@example.com,+1-585-115-5195,San Francisco,CA,USA,2024-12-01,Display,45-54,Other
4543,Ava,Thomas,ava.thomas4543@example.com,+1-585-584-8282,Dallas,TX,USA,2024-04-19,Social,45-54,Male
4544,Oliver,Martinez,oliver.martinez4544@example.com,+1-585-833-3080,Denver,CO,USA,2024-12-23,Organic Search,18-24,Other
4545,Olivia,Clark,olivia.clark4545@example.com,+1-585-738-4320,San Francisco,CA,USA,2024-11-26,Social,55+,Female
4546,Mia,Taylor,mia.taylor4546@example.com,+1-585-981-1956,San Francisco,CA,USA,2024-06-03,Social,18-24,Female
4547,Benjamin,Martinez,benjamin.martinez4547@example.com,+1-585-637-1926,Dallas,TX,USA,2024-07-05,Referral,25-34,Male
4548,Elijah,Martin,elijah.martin4548@example.com,+1-585-415-5258,Seattle,WA,USA,2024-08-02,Organic Search,18-24,Other
4549,Harper,Anderson,harper.anderson4549@example.com,+1-585-879-4112,Dallas,TX,USA,2025-01-22,Display,18-24,Female
4550,Lucas,Clark,lucas.clark4550@example.com,+1-585-292-4816,Boston,MA,USA,2024-04-06,Referral,25-34,Female
4551,Oliver,Perez,oliver.perez4551@example.com,+1-585-989-9356,Seattle,WA,USA,2024-05-30,Paid Search,55+,Other
4552,Charlotte,Taylor,charlotte.taylor4552@example.com,+1-585-277-4744,Boston,MA,USA,2024-10-29,Paid Search,25-34,Male
4553,Mia,Lewis,mia.lewis4553@example.com,+1-585-906-6875,Atlanta,GA,USA,2024-02-13,Organic Search,25-34,Other
4554,Harper,Perez,harper.perez4554@example.com,+1-585-385-6607,Denver,CO,USA,2024-01-31,Email,25-34,Other
4555,Lucas,Martin,lucas.martin4555@example.com,+1-585-700-1187,Seattle,WA,USA,2024-11-01,Paid Search,45-54,Other
4556,Ava,Brown,ava.brown4556@example.com,+1-585-549-2964,Boston,MA,USA,2024-02-08,Email,45-54,Male
4557,Isabella,Lee,isabella.lee4557@example.com,+1-585-724-3900,Austin,TX,USA,2024-02-12,Social,35-44,Other
4558,Evelyn,Martin,evelyn.martin4558@example.com,+1-585-902-8003,Chicago,IL,USA,2024-04-13,Paid Search,35-44,Male
4559,Harper,Harris,harper.harris4559@example.com,+1-585-779-8603,New York,NY,USA,2024-07-19,Email,55+,Other
4560,Charlotte,Lewis,charlotte.lewis4560@example.com,+1-585-958-7919,Denver,CO,USA,2024-12-20,Social,35-44,Other
4561,Ava,Young,ava.young4561@example.com,+1-585-557-7239,Miami,FL,USA,2025-01-21,Display,18-24,Other
4562,James,Davis,james.davis4562@example.com,+1-585-582-5528,Denver,CO,USA,2024-05-30,Referral,25-34,Female
4563,Noah,Lee,noah.lee4563@example.com,+1-585-587-5323,Austin,TX,USA,2024-01-08,Email,18-24,Male
4564,James,Harris,james.harris4564@example.com,+1-585-955-3999,Seattle,WA,USA,2025-01-16,Paid Search,25-34,Other
4565,James,Young,james.young4565@example.com,+1-585-605-7176,Chicago,IL,USA,2024-08-27,Social,25-34,Other
4566,Mia,Smith,mia.smith4566@example.com,+1-585-635-6948,New York,NY,USA,2024-09-04,Organic Search,55+,Male
4567,Benjamin,Brown,benjamin.brown4567@example.com,+1-585-267-9627,San Francisco,CA,USA,2024-11-15,Display,55+,Other
4568,Mia,Thomas,mia.thomas4568@example.com,+1-585-640-7637,Denver,CO,USA,2024-10-08,Display,35-44,Other
4569,Benjamin,Perez,benjamin.perez4569@example.com,+1-585-980-9236,Dallas,TX,USA,2024-12-24,Referral,45-54,Female
4570,Sophia,Lewis,sophia.lewis4570@example.com,+1-585-135-5018,Boston,MA,USA,2024-05-25,Email,18-24,Other
4571,Emma,Walker,emma.walker4571@example.com,+1-585-520-9562,Seattle,WA,USA,2024-12-28,Display,18-24,Other
4572,Lucas,Jackson,lucas.jackson4572@example.com,+1-585-462-1254,New York,NY,USA,2024-08-20,Referral,35-44,Other
4573,Ava,Clark,ava.clark4573@example.com,+1-585-126-2572,New York,NY,USA,2024-06-04,Email,45-54,Female
4574,Mia,Perez,mia.perez4574@example.com,+1-585-881-6273,Chicago,IL,USA,2024-06-22,Organic Search,35-44,Male
4575,Oliver,Thompson,oliver.thompson4575@example.com,+1-585-840-6989,Austin,TX,USA,2024-05-09,Paid Search,45-54,Female
4576,Isabella,Young,isabella.young4576@example.com,+1-585-623-9777,Atlanta,GA,USA,2024-05-26,Email,18-24,Female
4577,Charlotte,Davis,charlotte.davis4577@example.com,+1-585-644-7845,San Francisco,CA,USA,2024-06-16,Organic Search,18-24,Female
4578,Harper,Taylor,harper.taylor4578@example.com,+1-585-123-2204,New York,NY,USA,2024-07-04,Social,55+,Female
4579,Evelyn,Martinez,evelyn.martinez4579@example.com,+1-585-242-2522,Seattle,WA,USA,2024-09-02,Social,55+,Female
4580,Ava,Walker,ava.walker4580@example.com,+1-585-355-1745,Boston,MA,USA,2024-06-14,Referral,25-34,Male
4581,Mia,Johnson,mia.johnson4581@example.com,+1-585-784-6729,Miami,FL,USA,2024-04-23,Display,55+,Female
4582,Amelia,Lee,amelia.lee4582@example.com,+1-585-715-3115,Dallas,TX,USA,2024-03-26,Email,25-34,Female
4583,Isabella,Jackson,isabella.jackson4583@example.com,+1-585-490-8849,San Francisco,CA,USA,2024-01-19,Referral,25-34,Male
4584,William,White,william.white4584@example.com,+1-585-437-5843,Austin,TX,USA,2024-06-29,Referral,18-24,Other
4585,Amelia,Martinez,amelia.martinez4585@example.com,+1-585-692-2435,Austin,TX,USA,2024-01-18,Paid Search,45-54,Female
4586,Lucas,Taylor,lucas.taylor4586@example.com,+1-585-332-2684,Dallas,TX,USA,2024-12-03,Referral,35-44,Male
4587,William,Harris,william.harris4587@example.com,+1-585-951-3925,Miami,FL,USA,2024-06-10,Organic Search,35-44,Male
4588,Ava,Davis,ava.davis4588@example.com,+1-585-366-2192,Dallas,TX,USA,2024-08-05,Email,35-44,Female
4589,William,Perez,william.perez4589@example.com,+1-585-287-1576,Seattle,WA,USA,2025-02-24,Organic Search,18-24,Female
4590,Charlotte,Walker,charlotte.walker4590@example.com,+1-585-609-3716,Miami,FL,USA,2024-07-10,Organic Search,25-34,Male
4591,Charlotte,White,charlotte.white4591@example.com,+1-585-918-1447,San Francisco,CA,USA,2024-03-04,Display,35-44,Other
4592,Olivia,White,olivia.white4592@example.com,+1-585-580-9382,Boston,MA,USA,2024-10-18,Social,25-34,Female
4593,Henry,White,henry.white4593@example.com,+1-585-666-4326,Dallas,TX,USA,2024-06-25,Email,25-34,Male
4594,William,Lewis,william.lewis4594@example.com,+1-585-115-9301,New York,NY,USA,2025-04-21,Email,35-44,Female
4595,Mia,Martin,mia.martin4595@example.com,+1-585-973-3941,Chicago,IL,USA,2024-05-31,Social,25-34,Male
4596,Theodore,Brown,theodore.brown4596@example.com,+1-585-788-5599,Seattle,WA,USA,2024-05-03,Social,35-44,Female
4597,Noah,Perez,noah.perez4597@example.com,+1-585-162-2113,Miami,FL,USA,2024-11-30,Email,18-24,Other
4598,William,Thomas,william.thomas4598@example.com,+1-585-874-6335,San Francisco,CA,USA,2024-04-03,Organic Search,45-54,Female
4599,Emma,Martinez,emma.martinez4599@example.com,+1-585-911-8055,Chicago,IL,USA,2024-04-22,Paid Search,45-54,Female
4600,Lucas,Johnson,lucas.johnson4600@example.com,+1-585-134-1439,Austin,TX,USA,2025-01-21,Referral,55+,Other
4601,Oliver,Clark,oliver.clark4601@example.com,+1-585-761-2896,San Francisco,CA,USA,2024-05-28,Social,18-24,Female
4602,Liam,Walker,liam.walker4602@example.com,+1-585-455-2943,Atlanta,GA,USA,2024-07-23,Referral,55+,Other
4603,Liam,Lewis,liam.lewis4603@example.com,+1-585-515-8470,Denver,CO,USA,2024-03-16,Email,45-54,Other
4604,Liam,Taylor,liam.taylor4604@example.com,+1-585-692-2702,San Francisco,CA,USA,2025-04-10,Social,18-24,Other
4605,Noah,Clark,noah.clark4605@example.com,+1-585-905-1254,Dallas,TX,USA,2024-06-17,Display,55+,Other
4606,Mia,Thompson,mia.thompson4606@example.com,+1-585-472-3719,Boston,MA,USA,2024-07-07,Referral,35-44,Female
4607,Charlotte,Lewis,charlotte.lewis4607@example.com,+1-585-974-8756,Dallas,TX,USA,2024-08-27,Display,55+,Male
4608,Oliver,Martin,oliver.martin4608@example.com,+1-585-267-7577,Miami,FL,USA,2024-06-29,Paid Search,45-54,Other
4609,Amelia,Brown,amelia.brown4609@example.com,+1-585-421-3380,Austin,TX,USA,2024-06-29,Referral,45-54,Male
4610,Benjamin,Clark,benjamin.clark4610@example.com,+1-585-843-6414,Atlanta,GA,USA,2024-09-27,Referral,18-24,Female
4611,Oliver,Walker,oliver.walker4611@example.com,+1-585-355-9924,San Francisco,CA,USA,2024-06-04,Display,55+,Other
4612,James,Clark,james.clark4612@example.com,+1-585-713-2582,San Francisco,CA,USA,2025-05-10,Organic Search,25-34,Male
4613,Ava,Clark,ava.clark4613@example.com,+1-585-222-3088,San Francisco,CA,USA,2024-05-10,Referral,45-54,Other
4614,Noah,Thomas,noah.thomas4614@example.com,+1-585-800-8580,Seattle,WA,USA,2024-09-11,Paid Search,18-24,Other
4615,Mia,Young,mia.young4615@example.com,+1-585-494-3151,Atlanta,GA,USA,2024-07-22,Organic Search,25-34,Male
4616,William,White,william.white4616@example.com,+1-585-277-9668,San Francisco,CA,USA,2024-08-25,Paid Search,35-44,Male
4617,Amelia,Johnson,amelia.johnson4617@example.com,+1-585-377-5334,Boston,MA,USA,2024-12-20,Referral,25-34,Other
4618,Olivia,Thompson,olivia.thompson4618@example.com,+1-585-990-7472,Seattle,WA,USA,2024-08-29,Display,18-24,Other
4619,Emma,Young,emma.young4619@example.com,+1-585-588-6880,Seattle,WA,USA,2024-12-08,Referral,45-54,Other
4620,Emma,Lewis,emma.lewis4620@example.com,+1-585-906-9478,Miami,FL,USA,2024-06-11,Referral,55+,Other
4621,Elijah,Davis,elijah.davis4621@example.com,+1-585-169-1159,Austin,TX,USA,2024-11-22,Referral,18-24,Other
4622,Harper,Jackson,harper.jackson4622@example.com,+1-585-112-2729,San Francisco,CA,USA,2024-11-18,Display,55+,Female
4623,Mia,Jackson,mia.jackson4623@example.com,+1-585-565-7907,Dallas,TX,USA,2024-04-07,Display,55+,Female
4624,Amelia,Harris,amelia.harris4624@example.com,+1-585-952-9176,Miami,FL,USA,2025-03-17,Referral,45-54,Male
4625,Noah,Lewis,noah.lewis4625@example.com,+1-585-948-9535,San Francisco,CA,USA,2024-05-08,Organic Search,55+,Other
4626,Theodore,Anderson,theodore.anderson4626@example.com,+1-585-210-7768,Boston,MA,USA,2024-06-15,Referral,55+,Male
4627,Isabella,Thomas,isabella.thomas4627@example.com,+1-585-473-3341,Boston,MA,USA,2024-08-12,Referral,45-54,Male
4628,Sophia,Martin,sophia.martin4628@example.com,+1-585-343-7411,Chicago,IL,USA,2024-04-05,Referral,45-54,Other
4629,Lucas,Martin,lucas.martin4629@example.com,+1-585-136-4325,New York,NY,USA,2024-04-29,Referral,35-44,Female
4630,Sophia,Martinez,sophia.martinez4630@example.com,+1-585-793-3587,Boston,MA,USA,2024-05-07,Organic Search,55+,Male
4631,Isabella,Johnson,isabella.johnson4631@example.com,+1-585-263-4857,Chicago,IL,USA,2024-05-24,Paid Search,35-44,Male
4632,Harper,Garcia,harper.garcia4632@example.com,+1-585-589-8470,Miami,FL,USA,2024-03-21,Referral,25-34,Other
4633,Oliver,Lee,oliver.lee4633@example.com,+1-585-218-6110,San Francisco,CA,USA,2024-08-05,Social,35-44,Male
4634,Liam,Martinez,liam.martinez4634@example.com,+1-585-719-1368,Atlanta,GA,USA,2024-09-12,Email,35-44,Other
4635,Evelyn,Young,evelyn.young4635@example.com,+1-585-587-8279,New York,NY,USA,2024-05-18,Social,35-44,Male
4636,Ava,Garcia,ava.garcia4636@example.com,+1-585-882-5407,Boston,MA,USA,2024-09-25,Referral,25-34,Other
4637,Evelyn,Taylor,evelyn.taylor4637@example.com,+1-585-463-9778,San Francisco,CA,USA,2025-03-25,Referral,55+,Female
4638,Olivia,Davis,olivia.davis4638@example.com,+1-585-654-8624,Chicago,IL,USA,2024-04-11,Email,25-34,Other
4639,Ava,Brown,ava.brown4639@example.com,+1-585-226-2578,New York,NY,USA,2024-04-30,Organic Search,25-34,Female
4640,Henry,Walker,henry.walker4640@example.com,+1-585-615-7240,Miami,FL,USA,2024-11-22,Referral,18-24,Other
4641,Liam,Anderson,liam.anderson4641@example.com,+1-585-995-1273,Dallas,TX,USA,2024-03-10,Display,55+,Female
4642,Sophia,Lee,sophia.lee4642@example.com,+1-585-406-9465,Chicago,IL,USA,2025-07-21,Referral,55+,Male
4643,Henry,Taylor,henry.taylor4643@example.com,+1-585-837-5290,Chicago,IL,USA,2024-10-13,Organic Search,35-44,Male
4644,Harper,Brown,harper.brown4644@example.com,+1-585-763-8576,Chicago,IL,USA,2024-08-04,Social,18-24,Male
4645,Isabella,Anderson,isabella.anderson4645@example.com,+1-585-568-3432,Austin,TX,USA,2025-04-16,Display,55+,Male
4646,Isabella,Davis,isabella.davis4646@example.com,+1-585-133-5857,Miami,FL,USA,2024-10-31,Email,25-34,Male
4647,Olivia,Taylor,olivia.taylor4647@example.com,+1-585-156-6079,Denver,CO,USA,2024-04-13,Email,25-34,Male
4648,Liam,Garcia,liam.garcia4648@example.com,+1-585-992-8051,Chicago,IL,USA,2024-07-12,Email,55+,Other
4649,Harper,Harris,harper.harris4649@example.com,+1-585-802-1812,Dallas,TX,USA,2025-02-06,Display,18-24,Male
4650,Emma,Anderson,emma.anderson4650@example.com,+1-585-694-7426,Boston,MA,USA,2024-10-07,Social,35-44,Female
4651,Noah,White,noah.white4651@example.com,+1-585-619-5597,Boston,MA,USA,2024-06-03,Paid Search,25-34,Other
4652,William,Thomas,william.thomas4652@example.com,+1-585-891-2220,Atlanta,GA,USA,2024-07-19,Paid Search,18-24,Female
4653,James,Brown,james.brown4653@example.com,+1-585-363-6230,Miami,FL,USA,2024-05-28,Referral,35-44,Male
4654,Harper,Brown,harper.brown4654@example.com,+1-585-592-7262,Seattle,WA,USA,2025-01-29,Display,45-54,Other
4655,Liam,Clark,liam.clark4655@example.com,+1-585-736-8221,San Francisco,CA,USA,2024-08-03,Email,45-54,Other
4656,William,Perez,william.perez4656@example.com,+1-585-457-1561,Dallas,TX,USA,2024-09-15,Display,18-24,Other
4657,Olivia,Martin,olivia.martin4657@example.com,+1-585-402-4698,Boston,MA,USA,2024-08-19,Referral,25-34,Male
4658,Isabella,White,isabella.white4658@example.com,+1-585-907-9706,Denver,CO,USA,2024-07-28,Email,55+,Male
4659,Isabella,Thompson,isabella.thompson4659@example.com,+1-585-633-6884,Atlanta,GA,USA,2024-07-17,Referral,35-44,Other
4660,Ava,Martinez,ava.martinez4660@example.com,+1-585-711-2779,San Francisco,CA,USA,2024-04-05,Referral,18-24,Other
4661,Noah,Perez,noah.perez4661@example.com,+1-585-323-1122,San Francisco,CA,USA,2024-03-25,Display,25-34,Other
4662,Noah,Walker,noah.walker4662@example.com,+1-585-851-6654,Austin,TX,USA,2024-12-01,Organic Search,18-24,Male
4663,Harper,Lee,harper.lee4663@example.com,+1-585-426-5087,Miami,FL,USA,2025-01-06,Paid Search,18-24,Other
4664,Henry,Lewis,henry.lewis4664@example.com,+1-585-476-8533,Austin,TX,USA,2024-03-20,Display,18-24,Female
4665,Charlotte,Perez,charlotte.perez4665@example.com,+1-585-538-3267,San Francisco,CA,USA,2024-08-08,Display,18-24,Other
4666,Sophia,Brown,sophia.brown4666@example.com,+1-585-108-9765,Atlanta,GA,USA,2024-06-09,Email,55+,Male
4667,Theodore,Thompson,theodore.thompson4667@example.com,+1-585-807-9348,Boston,MA,USA,2024-05-26,Referral,55+,Female
4668,Olivia,Thomas,olivia.thomas4668@example.com,+1-585-335-2005,Denver,CO,USA,2024-01-31,Organic Search,35-44,Other
4669,Elijah,Thomas,elijah.thomas4669@example.com,+1-585-442-5228,Chicago,IL,USA,2025-04-20,Referral,35-44,Male
4670,Charlotte,Thomas,charlotte.thomas4670@example.com,+1-585-352-3401,Denver,CO,USA,2024-08-01,Organic Search,55+,Other
4671,Lucas,Harris,lucas.harris4671@example.com,+1-585-794-8569,Denver,CO,USA,2024-07-05,Paid Search,25-34,Other
4672,Elijah,Walker,elijah.walker4672@example.com,+1-585-972-9189,Seattle,WA,USA,2024-07-27,Email,55+,Other
4673,Elijah,Taylor,elijah.taylor4673@example.com,+1-585-613-6237,Miami,FL,USA,2024-06-19,Referral,18-24,Male
4674,Emma,Walker,emma.walker4674@example.com,+1-585-699-1348,Denver,CO,USA,2025-01-21,Referral,25-34,Male
4675,Elijah,Lee,elijah.lee4675@example.com,+1-585-495-4057,Dallas,TX,USA,2025-02-01,Display,18-24,Female
4676,Sophia,Martin,sophia.martin4676@example.com,+1-585-684-1389,Austin,TX,USA,2024-06-27,Social,35-44,Other
4677,Emma,Thomas,emma.thomas4677@example.com,+1-585-173-3024,Austin,TX,USA,2025-02-27,Email,35-44,Male
4678,Lucas,Harris,lucas.harris4678@example.com,+1-585-387-1511,Boston,MA,USA,2024-06-05,Email,18-24,Male
4679,Emma,Thomas,emma.thomas4679@example.com,+1-585-500-6574,Denver,CO,USA,2024-06-05,Email,18-24,Female
4680,Ava,Martinez,ava.martinez4680@example.com,+1-585-163-4285,Denver,CO,USA,2024-09-30,Social,25-34,Male
4681,Amelia,Davis,amelia.davis4681@example.com,+1-585-221-5244,Atlanta,GA,USA,2024-07-14,Paid Search,25-34,Male
4682,Liam,Lewis,liam.lewis4682@example.com,+1-585-421-6478,Austin,TX,USA,2024-06-12,Paid Search,35-44,Male
4683,Theodore,Taylor,theodore.taylor4683@example.com,+1-585-837-8419,Chicago,IL,USA,2024-12-03,Referral,55+,Other
4684,William,Lee,william.lee4684@example.com,+1-585-597-9342,Denver,CO,USA,2024-07-23,Referral,35-44,Other
4685,Harper,Young,harper.young4685@example.com,+1-585-165-4005,Denver,CO,USA,2024-05-27,Organic Search,25-34,Other
4686,James,Anderson,james.anderson4686@example.com,+1-585-535-1145,New York,NY,USA,2024-11-24,Email,35-44,Male
4687,Harper,Young,harper.young4687@example.com,+1-585-385-7139,Austin,TX,USA,2024-05-26,Display,45-54,Male
4688,Charlotte,Martin,charlotte.martin4688@example.com,+1-585-248-8305,Boston,MA,USA,2025-04-08,Social,35-44,Male
4689,Harper,Clark,harper.clark4689@example.com,+1-585-969-6867,Austin,TX,USA,2024-03-04,Organic Search,18-24,Female
4690,Elijah,Young,elijah.young4690@example.com,+1-585-574-6816,Dallas,TX,USA,2024-03-17,Display,25-34,Female
4691,Liam,Johnson,liam.johnson4691@example.com,+1-585-110-6994,New York,NY,USA,2024-09-29,Paid Search,25-34,Female
4692,Charlotte,Garcia,charlotte.garcia4692@example.com,+1-585-726-6565,Boston,MA,USA,2024-06-20,Organic Search,18-24,Female
4693,James,Martin,james.martin4693@example.com,+1-585-241-7153,Seattle,WA,USA,2024-06-20,Social,45-54,Male
4694,Liam,Thomas,liam.thomas4694@example.com,+1-585-810-5093,Miami,FL,USA,2024-08-22,Paid Search,35-44,Female
4695,Theodore,Taylor,theodore.taylor4695@example.com,+1-585-484-7573,Boston,MA,USA,2024-06-04,Referral,55+,Other
4696,Mia,Walker,mia.walker4696@example.com,+1-585-151-1269,Boston,MA,USA,2024-11-19,Display,55+,Other
4697,Charlotte,Harris,charlotte.harris4697@example.com,+1-585-814-5464,Seattle,WA,USA,2024-06-30,Referral,18-24,Male
4698,Emma,Smith,emma.smith4698@example.com,+1-585-646-5956,Dallas,TX,USA,2024-09-22,Referral,35-44,Female
4699,Amelia,Smith,amelia.smith4699@example.com,+1-585-618-6398,Atlanta,GA,USA,2024-10-11,Referral,35-44,Female
4700,Liam,Young,liam.young4700@example.com,+1-585-528-5678,Austin,TX,USA,2024-04-07,Display,55+,Female
4701,Theodore,Young,theodore.young4701@example.com,+1-585-990-5507,Boston,MA,USA,2024-05-24,Social,18-24,Other
4702,Emma,Thompson,emma.thompson4702@example.com,+1-585-737-9153,Boston,MA,USA,2024-04-14,Display,45-54,Other
4703,Oliver,Jackson,oliver.jackson4703@example.com,+1-585-324-5052,Boston,MA,USA,2024-05-29,Paid Search,18-24,Other
4704,Isabella,Lewis,isabella.lewis4704@example.com,+1-585-417-8923,Austin,TX,USA,2024-06-13,Display,45-54,Male
4705,Theodore,Martin,theodore.martin4705@example.com,+1-585-910-5723,New York,NY,USA,2024-02-02,Paid Search,55+,Other
4706,Theodore,Martinez,theodore.martinez4706@example.com,+1-585-915-1866,Denver,CO,USA,2024-03-30,Organic Search,45-54,Other
4707,Emma,Perez,emma.perez4707@example.com,+1-585-424-3419,Atlanta,GA,USA,2024-06-24,Paid Search,45-54,Male
4708,Lucas,Thompson,lucas.thompson4708@example.com,+1-585-300-4430,San Francisco,CA,USA,2024-02-21,Organic Search,45-54,Other
4709,Evelyn,Taylor,evelyn.taylor4709@example.com,+1-585-115-1700,Chicago,IL,USA,2024-07-19,Social,18-24,Female
4710,Ava,Davis,ava.davis4710@example.com,+1-585-513-5625,Atlanta,GA,USA,2024-08-21,Referral,35-44,Male
4711,Liam,Taylor,liam.taylor4711@example.com,+1-585-983-5942,New York,NY,USA,2024-11-17,Email,18-24,Male
4712,James,Thompson,james.thompson4712@example.com,+1-585-869-5479,Miami,FL,USA,2024-03-13,Organic Search,25-34,Male
4713,Benjamin,Lee,benjamin.lee4713@example.com,+1-585-690-1315,Atlanta,GA,USA,2024-12-27,Organic Search,35-44,Female
4714,Theodore,Davis,theodore.davis4714@example.com,+1-585-597-9474,San Francisco,CA,USA,2025-04-07,Organic Search,35-44,Male
4715,Evelyn,Jackson,evelyn.jackson4715@example.com,+1-585-155-2151,Dallas,TX,USA,2024-05-07,Display,18-24,Male
4716,Isabella,Martin,isabella.martin4716@example.com,+1-585-291-7309,Chicago,IL,USA,2024-09-29,Referral,25-34,Female
4717,Lucas,Walker,lucas.walker4717@example.com,+1-585-457-5154,Miami,FL,USA,2024-06-01,Organic Search,35-44,Female
4718,Charlotte,Clark,charlotte.clark4718@example.com,+1-585-750-3317,Miami,FL,USA,2024-05-09,Email,25-34,Other
4719,Sophia,Anderson,sophia.anderson4719@example.com,+1-585-203-9409,Miami,FL,USA,2024-07-22,Paid Search,35-44,Other
4720,Theodore,Lee,theodore.lee4720@example.com,+1-585-337-3676,Dallas,TX,USA,2024-02-12,Organic Search,25-34,Male
4721,Henry,Perez,henry.perez4721@example.com,+1-585-917-2614,Miami,FL,USA,2024-03-01,Paid Search,55+,Male
4722,Amelia,Davis,amelia.davis4722@example.com,+1-585-423-3575,Miami,FL,USA,2025-04-07,Display,45-54,Male
4723,Henry,Smith,henry.smith4723@example.com,+1-585-252-1376,San Francisco,CA,USA,2024-04-25,Paid Search,45-54,Male
4724,Elijah,Harris,elijah.harris4724@example.com,+1-585-301-7102,New York,NY,USA,2024-05-28,Referral,55+,Male
4725,Henry,Martinez,henry.martinez4725@example.com,+1-585-463-9873,New York,NY,USA,2024-09-25,Social,55+,Male
4726,Evelyn,Smith,evelyn.smith4726@example.com,+1-585-646-8032,Boston,MA,USA,2024-02-10,Social,55+,Female
4727,Oliver,Clark,oliver.clark4727@example.com,+1-585-789-9985,Miami,FL,USA,2024-05-11,Social,45-54,Other
4728,Amelia,Lee,amelia.lee4728@example.com,+1-585-971-7526,Atlanta,GA,USA,2024-04-02,Paid Search,35-44,Other
4729,Sophia,Walker,sophia.walker4729@example.com,+1-585-506-9916,Boston,MA,USA,2024-10-01,Email,55+,Female
4730,Mia,Young,mia.young4730@example.com,+1-585-431-9641,Chicago,IL,USA,2024-02-26,Referral,18-24,Other
4731,Henry,Walker,henry.walker4731@example.com,+1-585-439-6545,Austin,TX,USA,2025-01-03,Social,18-24,Other
4732,Isabella,Clark,isabella.clark4732@example.com,+1-585-400-5751,Atlanta,GA,USA,2024-06-27,Email,35-44,Other
4733,Olivia,Johnson,olivia.johnson4733@example.com,+1-585-854-4884,San Francisco,CA,USA,2024-06-11,Display,35-44,Other
4734,Noah,Johnson,noah.johnson4734@example.com,+1-585-505-1953,Seattle,WA,USA,2024-02-12,Email,25-34,Male
4735,Liam,Martinez,liam.martinez4735@example.com,+1-585-522-5109,Miami,FL,USA,2024-07-13,Social,35-44,Male
4736,Theodore,Johnson,theodore.johnson4736@example.com,+1-585-512-9979,Miami,FL,USA,2024-03-05,Organic Search,35-44,Other
4737,Harper,Lee,harper.lee4737@example.com,+1-585-491-4176,San Francisco,CA,USA,2024-06-15,Display,35-44,Other
4738,Henry,Smith,henry.smith4738@example.com,+1-585-199-3963,New York,NY,USA,2024-07-23,Display,25-34,Female
4739,James,Clark,james.clark4739@example.com,+1-585-684-7844,Miami,FL,USA,2024-10-15,Organic Search,35-44,Other
4740,Lucas,Martin,lucas.martin4740@example.com,+1-585-601-9629,Seattle,WA,USA,2025-03-12,Organic Search,25-34,Male
4741,Elijah,White,elijah.white4741@example.com,+1-585-155-3384,Seattle,WA,USA,2025-01-11,Social,45-54,Female
4742,Oliver,Lewis,oliver.lewis4742@example.com,+1-585-724-8019,Boston,MA,USA,2024-04-08,Organic Search,45-54,Other
4743,Oliver,Jackson,oliver.jackson4743@example.com,+1-585-758-4506,San Francisco,CA,USA,2024-03-12,Email,55+,Male
4744,Elijah,Martin,elijah.martin4744@example.com,+1-585-940-3149,Denver,CO,USA,2024-10-11,Display,45-54,Female
4745,James,Taylor,james.taylor4745@example.com,+1-585-866-7222,Miami,FL,USA,2024-12-21,Social,45-54,Other
4746,Lucas,Anderson,lucas.anderson4746@example.com,+1-585-610-8060,Austin,TX,USA,2024-07-31,Organic Search,25-34,Other
4747,Amelia,Perez,amelia.perez4747@example.com,+1-585-536-4288,Denver,CO,USA,2024-05-29,Email,55+,Other
4748,Harper,Brown,harper.brown4748@example.com,+1-585-155-8470,Seattle,WA,USA,2024-08-25,Paid Search,25-34,Female
4749,Sophia,Johnson,sophia.johnson4749@example.com,+1-585-386-1205,Miami,FL,USA,2025-03-01,Referral,35-44,Male
4750,William,Garcia,william.garcia4750@example.com,+1-585-543-7340,New York,NY,USA,2025-02-09,Email,55+,Male
4751,Emma,Perez,emma.perez4751@example.com,+1-585-690-6659,Seattle,WA,USA,2024-03-15,Referral,45-54,Female
4752,Lucas,Lee,lucas.lee4752@example.com,+1-585-554-3476,Seattle,WA,USA,2024-10-17,Email,55+,Male
4753,Emma,Garcia,emma.garcia4753@example.com,+1-585-968-9082,Denver,CO,USA,2024-03-03,Social,18-24,Female
4754,Harper,White,harper.white4754@example.com,+1-585-558-2570,Miami,FL,USA,2024-08-19,Email,18-24,Other
4755,William,Martin,william.martin4755@example.com,+1-585-171-8589,Boston,MA,USA,2024-04-27,Email,35-44,Other
4756,Mia,Thompson,mia.thompson4756@example.com,+1-585-804-3985,New York,NY,USA,2024-10-10,Email,35-44,Other
4757,Amelia,Walker,amelia.walker4757@example.com,+1-585-100-1298,Dallas,TX,USA,2024-03-30,Paid Search,35-44,Female
4758,Oliver,Davis,oliver.davis4758@example.com,+1-585-353-5542,New York,NY,USA,2024-07-09,Display,35-44,Male
4759,Evelyn,Harris,evelyn.harris4759@example.com,+1-585-956-5882,Austin,TX,USA,2025-03-19,Referral,55+,Other
4760,Sophia,Smith,sophia.smith4760@example.com,+1-585-129-2629,Boston,MA,USA,2024-12-16,Display,35-44,Female
4761,Emma,Davis,emma.davis4761@example.com,+1-585-552-2427,Atlanta,GA,USA,2024-06-04,Paid Search,45-54,Male
4762,Evelyn,Garcia,evelyn.garcia4762@example.com,+1-585-642-9875,Denver,CO,USA,2024-10-20,Paid Search,45-54,Female
4763,Liam,Thompson,liam.thompson4763@example.com,+1-585-278-5701,San Francisco,CA,USA,2025-01-19,Display,25-34,Male
4764,James,Jackson,james.jackson4764@example.com,+1-585-595-2379,Miami,FL,USA,2024-06-21,Referral,55+,Other
4765,Theodore,Garcia,theodore.garcia4765@example.com,+1-585-913-8434,Dallas,TX,USA,2024-08-26,Display,35-44,Female
4766,Theodore,Lee,theodore.lee4766@example.com,+1-585-533-3815,Chicago,IL,USA,2024-09-29,Paid Search,45-54,Female
4767,Sophia,Thomas,sophia.thomas4767@example.com,+1-585-441-6036,Dallas,TX,USA,2024-09-09,Paid Search,18-24,Other
4768,Harper,Jackson,harper.jackson4768@example.com,+1-585-836-4439,Boston,MA,USA,2024-07-10,Display,25-34,Female
4769,Henry,Thompson,henry.thompson4769@example.com,+1-585-562-3973,Austin,TX,USA,2024-05-28,Display,35-44,Male
4770,Lucas,Walker,lucas.walker4770@example.com,+1-585-968-8418,New York,NY,USA,2024-07-19,Email,45-54,Male
4771,Evelyn,Young,evelyn.young4771@example.com,+1-585-234-8624,Seattle,WA,USA,2024-08-21,Organic Search,35-44,Female
4772,Liam,Martinez,liam.martinez4772@example.com,+1-585-419-6245,Dallas,TX,USA,2024-03-11,Paid Search,25-34,Male
4773,Elijah,Brown,elijah.brown4773@example.com,+1-585-810-4021,Denver,CO,USA,2024-06-15,Email,45-54,Male
4774,Liam,Brown,liam.brown4774@example.com,+1-585-765-9176,Chicago,IL,USA,2024-04-03,Paid Search,55+,Other
4775,Isabella,Anderson,isabella.anderson4775@example.com,+1-585-200-6109,Atlanta,GA,USA,2024-11-17,Social,35-44,Male
4776,Olivia,Smith,olivia.smith4776@example.com,+1-585-800-5834,New York,NY,USA,2025-01-29,Referral,35-44,Male
4777,Henry,Davis,henry.davis4777@example.com,+1-585-575-2113,Seattle,WA,USA,2025-05-13,Email,45-54,Male
4778,Elijah,Walker,elijah.walker4778@example.com,+1-585-621-8870,Boston,MA,USA,2024-09-02,Paid Search,45-54,Male
4779,Sophia,Smith,sophia.smith4779@example.com,+1-585-386-1033,New York,NY,USA,2024-10-08,Paid Search,55+,Other
4780,Isabella,Brown,isabella.brown4780@example.com,+1-585-748-9841,Boston,MA,USA,2024-04-29,Paid Search,18-24,Male
4781,Isabella,Taylor,isabella.taylor4781@example.com,+1-585-962-3390,Austin,TX,USA,2024-08-13,Organic Search,45-54,Male
4782,Emma,Lee,emma.lee4782@example.com,+1-585-672-2355,San Francisco,CA,USA,2024-03-13,Display,18-24,Female
4783,Lucas,Perez,lucas.perez4783@example.com,+1-585-972-2599,Chicago,IL,USA,2024-04-28,Email,35-44,Female
4784,Oliver,Brown,oliver.brown4784@example.com,+1-585-442-6493,Atlanta,GA,USA,2024-09-12,Display,35-44,Male
4785,Theodore,Clark,theodore.clark4785@example.com,+1-585-951-7422,Seattle,WA,USA,2024-07-19,Organic Search,45-54,Other
4786,Charlotte,Lewis,charlotte.lewis4786@example.com,+1-585-167-1435,New York,NY,USA,2024-11-27,Display,18-24,Female
4787,Lucas,Brown,lucas.brown4787@example.com,+1-585-667-4935,Boston,MA,USA,2024-05-16,Social,25-34,Female
4788,Benjamin,Johnson,benjamin.johnson4788@example.com,+1-585-469-5603,Denver,CO,USA,2024-01-12,Referral,18-24,Female
4789,Henry,Smith,henry.smith4789@example.com,+1-585-391-4628,Chicago,IL,USA,2025-05-30,Organic Search,18-24,Male
4790,William,Thomas,william.thomas4790@example.com,+1-585-850-7518,New York,NY,USA,2024-06-02,Organic Search,55+,Female
4791,Benjamin,Perez,benjamin.perez4791@example.com,+1-585-172-5550,New York,NY,USA,2024-07-26,Social,45-54,Male
4792,Sophia,Lewis,sophia.lewis4792@example.com,+1-585-460-9494,Austin,TX,USA,2024-04-16,Social,25-34,Other
4793,Ava,Perez,ava.perez4793@example.com,+1-585-411-9876,Austin,TX,USA,2024-04-29,Social,55+,Other
4794,Ava,Johnson,ava.johnson4794@example.com,+1-585-167-9870,Boston,MA,USA,2024-05-16,Email,18-24,Female
4795,Olivia,Johnson,olivia.johnson4795@example.com,+1-585-841-8277,Dallas,TX,USA,2024-07-01,Paid Search,45-54,Other
4796,Mia,Martinez,mia.martinez4796@example.com,+1-585-115-6941,Boston,MA,USA,2024-06-07,Referral,25-34,Male
4797,Isabella,Martinez,isabella.martinez4797@example.com,+1-585-275-6474,Seattle,WA,USA,2024-12-31,Paid Search,25-34,Female
4798,Sophia,Lewis,sophia.lewis4798@example.com,+1-585-159-4674,New York,NY,USA,2024-03-13,Social,25-34,Other
4799,James,Perez,james.perez4799@example.com,+1-585-639-1641,Boston,MA,USA,2024-10-12,Organic Search,45-54,Other
4800,Theodore,Thompson,theodore.thompson4800@example.com,+1-585-165-4233,New York,NY,USA,2024-04-14,Referral,35-44,Other
4801,Liam,Martinez,liam.martinez4801@example.com,+1-585-481-4571,Atlanta,GA,USA,2024-11-06,Referral,45-54,Female
4802,Henry,Martinez,henry.martinez4802@example.com,+1-585-799-9926,Denver,CO,USA,2024-04-04,Paid Search,35-44,Female
4803,Lucas,Davis,lucas.davis4803@example.com,+1-585-850-6945,New York,NY,USA,2024-03-02,Referral,25-34,Female
4804,Theodore,Lee,theodore.lee4804@example.com,+1-585-509-2711,Denver,CO,USA,2024-06-30,Paid Search,18-24,Female
4805,Evelyn,Martinez,evelyn.martinez4805@example.com,+1-585-527-9349,Atlanta,GA,USA,2024-07-13,Display,55+,Male
4806,Amelia,Smith,amelia.smith4806@example.com,+1-585-930-2362,New York,NY,USA,2024-07-26,Display,45-54,Other
4807,Ava,Thomas,ava.thomas4807@example.com,+1-585-602-9853,Dallas,TX,USA,2025-02-14,Social,55+,Male
4808,Theodore,Martinez,theodore.martinez4808@example.com,+1-585-199-4110,Dallas,TX,USA,2024-10-31,Organic Search,45-54,Male
4809,Olivia,Garcia,olivia.garcia4809@example.com,+1-585-440-4181,New York,NY,USA,2024-06-11,Display,45-54,Female
4810,Olivia,Davis,olivia.davis4810@example.com,+1-585-887-3735,Denver,CO,USA,2024-03-11,Display,55+,Other
4811,Noah,Anderson,noah.anderson4811@example.com,+1-585-408-1738,Chicago,IL,USA,2024-07-01,Referral,18-24,Female
4812,Ava,Jackson,ava.jackson4812@example.com,+1-585-287-3537,Boston,MA,USA,2024-03-10,Email,55+,Female
4813,Benjamin,Clark,benjamin.clark4813@example.com,+1-585-154-6134,Boston,MA,USA,2024-01-07,Referral,55+,Other
4814,Evelyn,Jackson,evelyn.jackson4814@example.com,+1-585-276-9830,San Francisco,CA,USA,2024-11-06,Email,35-44,Other
4815,James,Anderson,james.anderson4815@example.com,+1-585-998-9989,San Francisco,CA,USA,2024-05-11,Social,45-54,Other
4816,Noah,Lewis,noah.lewis4816@example.com,+1-585-199-2948,Seattle,WA,USA,2024-01-20,Email,45-54,Other
4817,Lucas,Johnson,lucas.johnson4817@example.com,+1-585-800-1293,San Francisco,CA,USA,2024-03-23,Email,18-24,Female
4818,Noah,White,noah.white4818@example.com,+1-585-829-3350,Boston,MA,USA,2024-04-02,Display,35-44,Other
4819,Henry,Lewis,henry.lewis4819@example.com,+1-585-274-2602,Atlanta,GA,USA,2024-07-11,Organic Search,45-54,Male
4820,William,Taylor,william.taylor4820@example.com,+1-585-149-1221,Denver,CO,USA,2024-10-02,Referral,18-24,Male
4821,Evelyn,Thomas,evelyn.thomas4821@example.com,+1-585-421-4245,Denver,CO,USA,2024-03-01,Referral,45-54,Other
4822,Elijah,Davis,elijah.davis4822@example.com,+1-585-202-6737,New York,NY,USA,2024-07-11,Paid Search,35-44,Female
4823,Benjamin,Brown,benjamin.brown4823@example.com,+1-585-550-5358,Austin,TX,USA,2024-04-27,Referral,25-34,Male
4824,Elijah,Garcia,elijah.garcia4824@example.com,+1-585-373-3334,Dallas,TX,USA,2024-04-24,Display,55+,Other
4825,Olivia,Martinez,olivia.martinez4825@example.com,+1-585-737-2629,Boston,MA,USA,2025-06-07,Email,35-44,Female
4826,Sophia,Walker,sophia.walker4826@example.com,+1-585-618-8403,Boston,MA,USA,2024-12-08,Paid Search,25-34,Female
4827,Elijah,Taylor,elijah.taylor4827@example.com,+1-585-842-9432,Seattle,WA,USA,2024-06-21,Paid Search,35-44,Other
4828,Evelyn,Johnson,evelyn.johnson4828@example.com,+1-585-786-2613,Austin,TX,USA,2024-06-10,Social,35-44,Other
4829,Ava,Young,ava.young4829@example.com,+1-585-893-1520,Dallas,TX,USA,2024-04-10,Paid Search,25-34,Male
4830,Amelia,Martinez,amelia.martinez4830@example.com,+1-585-670-8858,Boston,MA,USA,2024-10-16,Organic Search,45-54,Female
4831,Amelia,Garcia,amelia.garcia4831@example.com,+1-585-715-9977,Boston,MA,USA,2024-04-01,Referral,55+,Other
4832,Olivia,Lewis,olivia.lewis4832@example.com,+1-585-670-3070,Seattle,WA,USA,2024-08-08,Email,55+,Female
4833,Lucas,Clark,lucas.clark4833@example.com,+1-585-806-4412,New York,NY,USA,2024-10-27,Paid Search,25-34,Female
4834,Liam,Smith,liam.smith4834@example.com,+1-585-831-2604,Miami,FL,USA,2024-08-24,Social,45-54,Female
4835,Isabella,Brown,isabella.brown4835@example.com,+1-585-312-1096,Dallas,TX,USA,2024-05-30,Email,35-44,Female
4836,Lucas,Lee,lucas.lee4836@example.com,+1-585-271-3740,Seattle,WA,USA,2024-08-31,Display,35-44,Other
4837,Sophia,Harris,sophia.harris4837@example.com,+1-585-487-8334,Seattle,WA,USA,2024-03-16,Paid Search,45-54,Other
4838,Theodore,Taylor,theodore.taylor4838@example.com,+1-585-820-3601,Dallas,TX,USA,2024-05-13,Social,55+,Other
4839,Emma,Walker,emma.walker4839@example.com,+1-585-844-1403,Boston,MA,USA,2024-11-04,Referral,25-34,Female
4840,Isabella,Martin,isabella.martin4840@example.com,+1-585-644-4586,Dallas,TX,USA,2024-04-10,Paid Search,35-44,Female
4841,James,Perez,james.perez4841@example.com,+1-585-212-6509,Seattle,WA,USA,2024-08-22,Social,18-24,Female
4842,Amelia,White,amelia.white4842@example.com,+1-585-916-8965,Dallas,TX,USA,2024-09-19,Display,25-34,Male
4843,Henry,Smith,henry.smith4843@example.com,+1-585-753-3078,Dallas,TX,USA,2024-08-13,Email,25-34,Other
4844,Mia,Davis,mia.davis4844@example.com,+1-585-621-6098,Chicago,IL,USA,2025-06-02,Display,55+,Female
4845,Charlotte,Anderson,charlotte.anderson4845@example.com,+1-585-314-5875,Dallas,TX,USA,2024-02-22,Paid Search,35-44,Male
4846,Sophia,Clark,sophia.clark4846@example.com,+1-585-879-2631,New York,NY,USA,2024-04-30,Display,55+,Other
4847,Henry,Taylor,henry.taylor4847@example.com,+1-585-651-9823,Seattle,WA,USA,2025-03-02,Display,18-24,Other
4848,Benjamin,Walker,benjamin.walker4848@example.com,+1-585-151-3290,New York,NY,USA,2024-10-17,Email,35-44,Female
4849,Charlotte,Martinez,charlotte.martinez4849@example.com,+1-585-954-3107,Denver,CO,USA,2024-02-14,Organic Search,35-44,Female
4850,Noah,Harris,noah.harris4850@example.com,+1-585-109-1802,Austin,TX,USA,2024-06-21,Email,45-54,Female
4851,Oliver,Lewis,oliver.lewis4851@example.com,+1-585-447-6313,San Francisco,CA,USA,2024-08-11,Email,18-24,Male
4852,Noah,Jackson,noah.jackson4852@example.com,+1-585-468-8145,San Francisco,CA,USA,2024-04-10,Display,18-24,Male
4853,Oliver,Smith,oliver.smith4853@example.com,+1-585-260-1614,Austin,TX,USA,2025-01-26,Referral,55+,Female
4854,Ava,Martinez,ava.martinez4854@example.com,+1-585-803-7426,Denver,CO,USA,2024-06-05,Social,55+,Female
4855,Ava,Thompson,ava.thompson4855@example.com,+1-585-262-1526,Miami,FL,USA,2024-07-16,Display,25-34,Female
4856,Charlotte,Martinez,charlotte.martinez4856@example.com,+1-585-136-6944,Atlanta,GA,USA,2024-11-27,Display,18-24,Other
4857,Sophia,Harris,sophia.harris4857@example.com,+1-585-438-5320,Dallas,TX,USA,2024-02-17,Display,25-34,Female
4858,Henry,Anderson,henry.anderson4858@example.com,+1-585-319-4205,Seattle,WA,USA,2024-06-24,Social,18-24,Female
4859,Mia,Lewis,mia.lewis4859@example.com,+1-585-648-4237,Seattle,WA,USA,2024-04-02,Social,45-54,Other
4860,Amelia,Lewis,amelia.lewis4860@example.com,+1-585-721-6191,Seattle,WA,USA,2024-02-20,Display,18-24,Male
4861,Liam,Johnson,liam.johnson4861@example.com,+1-585-621-9592,Austin,TX,USA,2024-06-24,Referral,35-44,Other
4862,Isabella,Brown,isabella.brown4862@example.com,+1-585-416-1947,New York,NY,USA,2024-01-26,Referral,18-24,Female
4863,Benjamin,Lewis,benjamin.lewis4863@example.com,+1-585-189-1478,Miami,FL,USA,2024-10-10,Email,18-24,Other
4864,Ava,Brown,ava.brown4864@example.com,+1-585-649-5895,San Francisco,CA,USA,2024-10-02,Email,25-34,Female
4865,Theodore,Perez,theodore.perez4865@example.com,+1-585-976-2024,Denver,CO,USA,2024-08-30,Email,45-54,Other
4866,Evelyn,Clark,evelyn.clark4866@example.com,+1-585-340-5752,Seattle,WA,USA,2024-04-07,Email,45-54,Female
4867,Henry,Jackson,henry.jackson4867@example.com,+1-585-779-3766,Miami,FL,USA,2024-08-18,Organic Search,55+,Female
4868,Lucas,White,lucas.white4868@example.com,+1-585-172-7740,San Francisco,CA,USA,2024-04-02,Email,18-24,Male
4869,James,Taylor,james.taylor4869@example.com,+1-585-547-3485,Austin,TX,USA,2025-02-28,Display,35-44,Other
4870,Sophia,White,sophia.white4870@example.com,+1-585-617-9124,Atlanta,GA,USA,2024-06-21,Email,35-44,Male
4871,Benjamin,Johnson,benjamin.johnson4871@example.com,+1-585-632-4721,San Francisco,CA,USA,2024-08-24,Social,35-44,Other
4872,Lucas,Lee,lucas.lee4872@example.com,+1-585-983-7173,San Francisco,CA,USA,2024-08-31,Social,18-24,Female
4873,James,Brown,james.brown4873@example.com,+1-585-121-2603,New York,NY,USA,2024-04-27,Social,45-54,Other
4874,Olivia,Walker,olivia.walker4874@example.com,+1-585-218-8320,Boston,MA,USA,2024-11-15,Referral,35-44,Female
4875,Ava,Martinez,ava.martinez4875@example.com,+1-585-854-7368,Boston,MA,USA,2024-04-16,Display,55+,Female
4876,Mia,Jackson,mia.jackson4876@example.com,+1-585-901-6318,Austin,TX,USA,2024-02-18,Organic Search,35-44,Other
4877,Ava,Lewis,ava.lewis4877@example.com,+1-585-917-2002,Chicago,IL,USA,2024-12-07,Display,18-24,Female
4878,Noah,Davis,noah.davis4878@example.com,+1-585-436-2716,Denver,CO,USA,2024-07-20,Referral,45-54,Male
4879,Evelyn,Perez,evelyn.perez4879@example.com,+1-585-589-7274,Miami,FL,USA,2025-01-13,Referral,35-44,Other
4880,Emma,Martin,emma.martin4880@example.com,+1-585-256-2617,Dallas,TX,USA,2025-01-26,Paid Search,35-44,Male
4881,Emma,Smith,emma.smith4881@example.com,+1-585-905-2561,Dallas,TX,USA,2025-03-31,Display,18-24,Male
4882,Harper,Taylor,harper.taylor4882@example.com,+1-585-577-2065,Denver,CO,USA,2024-04-25,Display,18-24,Other
4883,Mia,Perez,mia.perez4883@example.com,+1-585-563-5822,Atlanta,GA,USA,2024-07-22,Social,45-54,Male
4884,James,Lee,james.lee4884@example.com,+1-585-427-9476,Denver,CO,USA,2024-03-11,Organic Search,18-24,Other
4885,Isabella,Thomas,isabella.thomas4885@example.com,+1-585-601-2891,Seattle,WA,USA,2024-07-11,Paid Search,45-54,Female
4886,Isabella,Jackson,isabella.jackson4886@example.com,+1-585-515-6513,Chicago,IL,USA,2024-07-03,Organic Search,18-24,Male
4887,Charlotte,Lee,charlotte.lee4887@example.com,+1-585-257-2806,Denver,CO,USA,2024-10-12,Organic Search,55+,Other
4888,Lucas,Martin,lucas.martin4888@example.com,+1-585-890-7632,San Francisco,CA,USA,2024-11-05,Paid Search,25-34,Other
4889,Amelia,Thomas,amelia.thomas4889@example.com,+1-585-400-1649,Chicago,IL,USA,2024-05-28,Display,25-34,Other
4890,Benjamin,Clark,benjamin.clark4890@example.com,+1-585-243-8373,Austin,TX,USA,2024-07-11,Organic Search,35-44,Male
4891,Ava,Young,ava.young4891@example.com,+1-585-530-1879,Austin,TX,USA,2024-04-09,Social,45-54,Female
4892,Oliver,Martin,oliver.martin4892@example.com,+1-585-491-4826,Seattle,WA,USA,2024-05-25,Display,35-44,Other
4893,Harper,Martin,harper.martin4893@example.com,+1-585-962-2984,Atlanta,GA,USA,2024-02-22,Organic Search,18-24,Male
4894,Ava,Lee,ava.lee4894@example.com,+1-585-236-6611,San Francisco,CA,USA,2025-04-21,Referral,45-54,Male
4895,Sophia,Perez,sophia.perez4895@example.com,+1-585-340-1841,Dallas,TX,USA,2024-09-08,Organic Search,18-24,Other
4896,Harper,Lewis,harper.lewis4896@example.com,+1-585-386-8810,Miami,FL,USA,2024-03-15,Paid Search,55+,Other
4897,Ava,Taylor,ava.taylor4897@example.com,+1-585-509-6570,San Francisco,CA,USA,2024-06-23,Paid Search,45-54,Male
4898,Ava,Thomas,ava.thomas4898@example.com,+1-585-940-1352,Seattle,WA,USA,2025-01-14,Social,55+,Male
4899,Evelyn,Martinez,evelyn.martinez4899@example.com,+1-585-198-4306,Dallas,TX,USA,2024-07-09,Email,18-24,Male
4900,Theodore,Garcia,theodore.garcia4900@example.com,+1-585-451-8878,Austin,TX,USA,2024-05-14,Referral,25-34,Other
4901,Charlotte,Martin,charlotte.martin4901@example.com,+1-585-213-9420,Austin,TX,USA,2024-07-12,Display,35-44,Male
4902,Liam,Lee,liam.lee4902@example.com,+1-585-685-4807,Boston,MA,USA,2024-05-26,Email,55+,Male
4903,Emma,Smith,emma.smith4903@example.com,+1-585-421-9413,Denver,CO,USA,2024-05-24,Email,45-54,Female
4904,Emma,Taylor,emma.taylor4904@example.com,+1-585-341-3081,Denver,CO,USA,2024-10-13,Display,45-54,Female
4905,Theodore,Lee,theodore.lee4905@example.com,+1-585-908-9957,Atlanta,GA,USA,2024-04-26,Social,45-54,Male
4906,Mia,Anderson,mia.anderson4906@example.com,+1-585-101-7879,Dallas,TX,USA,2024-07-06,Paid Search,18-24,Other
4907,Emma,Lee,emma.lee4907@example.com,+1-585-439-8182,New York,NY,USA,2024-12-05,Referral,45-54,Female
4908,Henry,Davis,henry.davis4908@example.com,+1-585-480-1282,Dallas,TX,USA,2024-07-26,Display,55+,Other
4909,Mia,Garcia,mia.garcia4909@example.com,+1-585-179-9080,Atlanta,GA,USA,2024-11-17,Referral,35-44,Other
4910,Sophia,Clark,sophia.clark4910@example.com,+1-585-163-3634,Atlanta,GA,USA,2025-01-12,Paid Search,45-54,Male
4911,Amelia,Taylor,amelia.taylor4911@example.com,+1-585-719-8830,Miami,FL,USA,2024-08-19,Paid Search,18-24,Other
4912,Liam,Smith,liam.smith4912@example.com,+1-585-926-2980,Seattle,WA,USA,2024-10-27,Organic Search,55+,Other
4913,Noah,Anderson,noah.anderson4913@example.com,+1-585-927-8344,San Francisco,CA,USA,2024-07-31,Referral,35-44,Female
4914,Henry,Clark,henry.clark4914@example.com,+1-585-213-9679,Boston,MA,USA,2024-03-12,Organic Search,55+,Female
4915,James,Perez,james.perez4915@example.com,+1-585-105-9013,Chicago,IL,USA,2024-05-18,Email,18-24,Other
4916,Amelia,Smith,amelia.smith4916@example.com,+1-585-714-8057,New York,NY,USA,2024-05-16,Email,35-44,Other
4917,Oliver,Thomas,oliver.thomas4917@example.com,+1-585-679-7674,New York,NY,USA,2024-07-04,Referral,55+,Male
4918,Ava,Lee,ava.lee4918@example.com,+1-585-437-7423,Miami,FL,USA,2024-09-24,Paid Search,35-44,Male
4919,Theodore,Jackson,theodore.jackson4919@example.com,+1-585-674-4036,San Francisco,CA,USA,2024-06-01,Paid Search,18-24,Female
4920,Lucas,Thompson,lucas.thompson4920@example.com,+1-585-717-1272,Seattle,WA,USA,2024-03-07,Display,25-34,Female
4921,Emma,Smith,emma.smith4921@example.com,+1-585-990-4983,Dallas,TX,USA,2024-03-01,Referral,25-34,Other
4922,Olivia,Anderson,olivia.anderson4922@example.com,+1-585-644-3517,Dallas,TX,USA,2025-01-02,Social,25-34,Female
4923,Oliver,Lewis,oliver.lewis4923@example.com,+1-585-758-6849,Seattle,WA,USA,2024-06-12,Organic Search,55+,Male
4924,Ava,Garcia,ava.garcia4924@example.com,+1-585-456-2332,Miami,FL,USA,2024-05-17,Display,18-24,Male
4925,Ava,Martinez,ava.martinez4925@example.com,+1-585-695-3904,Austin,TX,USA,2024-08-23,Referral,18-24,Other
4926,Henry,Perez,henry.perez4926@example.com,+1-585-887-7729,Denver,CO,USA,2024-10-14,Social,55+,Female
4927,Liam,Garcia,liam.garcia4927@example.com,+1-585-243-9618,Dallas,TX,USA,2024-04-11,Display,25-34,Female
4928,Benjamin,Anderson,benjamin.anderson4928@example.com,+1-585-510-8020,Denver,CO,USA,2024-04-27,Referral,18-24,Male
4929,Emma,Brown,emma.brown4929@example.com,+1-585-228-1597,Miami,FL,USA,2024-05-06,Email,35-44,Male
4930,Evelyn,Thompson,evelyn.thompson4930@example.com,+1-585-335-5226,Seattle,WA,USA,2024-10-05,Email,45-54,Female
4931,Mia,Jackson,mia.jackson4931@example.com,+1-585-313-8440,Boston,MA,USA,2024-09-20,Display,45-54,Other
4932,Isabella,Davis,isabella.davis4932@example.com,+1-585-139-6706,Atlanta,GA,USA,2024-09-25,Referral,18-24,Other
4933,Emma,Davis,emma.davis4933@example.com,+1-585-548-5367,Austin,TX,USA,2024-02-01,Organic Search,35-44,Other
4934,Theodore,Smith,theodore.smith4934@example.com,+1-585-709-7843,San Francisco,CA,USA,2024-07-14,Organic Search,35-44,Male
4935,Oliver,Smith,oliver.smith4935@example.com,+1-585-412-3360,Miami,FL,USA,2024-03-09,Referral,25-34,Female
4936,Harper,Lewis,harper.lewis4936@example.com,+1-585-792-5142,Boston,MA,USA,2024-09-26,Paid Search,18-24,Male
4937,Elijah,Brown,elijah.brown4937@example.com,+1-585-837-9035,Dallas,TX,USA,2024-10-24,Referral,25-34,Male
4938,Mia,Harris,mia.harris4938@example.com,+1-585-333-9737,Chicago,IL,USA,2024-08-29,Social,25-34,Other
4939,Ava,Lee,ava.lee4939@example.com,+1-585-468-4272,Boston,MA,USA,2024-07-17,Display,35-44,Female
4940,Liam,Smith,liam.smith4940@example.com,+1-585-850-4949,Atlanta,GA,USA,2024-06-25,Social,25-34,Male
4941,Olivia,Harris,olivia.harris4941@example.com,+1-585-352-8685,Atlanta,GA,USA,2024-06-30,Referral,55+,Male
4942,Emma,Anderson,emma.anderson4942@example.com,+1-585-912-6252,Atlanta,GA,USA,2024-04-30,Paid Search,25-34,Other
4943,Benjamin,White,benjamin.white4943@example.com,+1-585-288-3791,Chicago,IL,USA,2024-04-23,Organic Search,55+,Other
4944,Harper,Jackson,harper.jackson4944@example.com,+1-585-921-8728,Atlanta,GA,USA,2024-09-07,Referral,45-54,Male
4945,Oliver,Johnson,oliver.johnson4945@example.com,+1-585-420-6897,Dallas,TX,USA,2025-01-04,Email,25-34,Male
4946,Henry,Smith,henry.smith4946@example.com,+1-585-655-4219,New York,NY,USA,2025-02-15,Email,35-44,Other
4947,Olivia,Martin,olivia.martin4947@example.com,+1-585-216-6631,Atlanta,GA,USA,2024-03-31,Display,18-24,Female
4948,James,Davis,james.davis4948@example.com,+1-585-823-3336,San Francisco,CA,USA,2024-01-26,Referral,18-24,Female
4949,Charlotte,White,charlotte.white4949@example.com,+1-585-601-5648,Dallas,TX,USA,2024-09-10,Paid Search,55+,Other
4950,Benjamin,Brown,benjamin.brown4950@example.com,+1-585-459-8335,Boston,MA,USA,2024-12-09,Display,35-44,Female
4951,Ava,Martinez,ava.martinez4951@example.com,+1-585-452-3309,San Francisco,CA,USA,2024-05-26,Email,35-44,Female
4952,Mia,Davis,mia.davis4952@example.com,+1-585-128-6398,Denver,CO,USA,2024-03-25,Paid Search,25-34,Female
4953,Mia,Anderson,mia.anderson4953@example.com,+1-585-588-5583,San Francisco,CA,USA,2024-09-18,Display,45-54,Male
4954,Olivia,Jackson,olivia.jackson4954@example.com,+1-585-543-9897,Boston,MA,USA,2024-03-23,Organic Search,18-24,Other
4955,Evelyn,Smith,evelyn.smith4955@example.com,+1-585-220-1442,Seattle,WA,USA,2024-07-28,Display,35-44,Male
4956,Theodore,Davis,theodore.davis4956@example.com,+1-585-188-8364,Atlanta,GA,USA,2024-03-09,Organic Search,18-24,Female
4957,Theodore,Anderson,theodore.anderson4957@example.com,+1-585-228-5387,Atlanta,GA,USA,2024-08-24,Organic Search,45-54,Female
4958,Noah,Taylor,noah.taylor4958@example.com,+1-585-668-8000,Boston,MA,USA,2024-10-21,Email,45-54,Male
4959,Olivia,Young,olivia.young4959@example.com,+1-585-506-2618,San Francisco,CA,USA,2024-04-27,Display,18-24,Female
4960,Liam,Lewis,liam.lewis4960@example.com,+1-585-175-9200,Atlanta,GA,USA,2024-09-20,Email,18-24,Female
4961,Theodore,Martinez,theodore.martinez4961@example.com,+1-585-603-2050,New York,NY,USA,2024-09-24,Referral,25-34,Other
4962,Henry,Clark,henry.clark4962@example.com,+1-585-985-6224,Seattle,WA,USA,2024-09-22,Social,18-24,Other
4963,Mia,Walker,mia.walker4963@example.com,+1-585-344-1644,Austin,TX,USA,2024-11-18,Organic Search,25-34,Other
4964,Charlotte,Garcia,charlotte.garcia4964@example.com,+1-585-631-7730,Chicago,IL,USA,2024-02-23,Organic Search,35-44,Male
4965,Benjamin,Martin,benjamin.martin4965@example.com,+1-585-324-9898,Atlanta,GA,USA,2024-11-21,Referral,55+,Female
4966,James,Lewis,james.lewis4966@example.com,+1-585-447-6178,Seattle,WA,USA,2024-09-25,Organic Search,45-54,Other
4967,Sophia,Perez,sophia.perez4967@example.com,+1-585-342-9855,Denver,CO,USA,2024-07-20,Email,35-44,Male
4968,Evelyn,Brown,evelyn.brown4968@example.com,+1-585-886-6471,Dallas,TX,USA,2024-03-31,Referral,45-54,Female
4969,Oliver,Anderson,oliver.anderson4969@example.com,+1-585-165-2319,San Francisco,CA,USA,2024-10-08,Display,55+,Male
4970,Benjamin,Johnson,benjamin.johnson4970@example.com,+1-585-525-7456,Chicago,IL,USA,2024-03-08,Organic Search,55+,Female
4971,Lucas,Harris,lucas.harris4971@example.com,+1-585-236-3341,Boston,MA,USA,2024-03-15,Display,55+,Other
4972,Olivia,Anderson,olivia.anderson4972@example.com,+1-585-409-6142,Atlanta,GA,USA,2024-09-06,Organic Search,35-44,Other
4973,Oliver,Martin,oliver.martin4973@example.com,+1-585-498-7254,New York,NY,USA,2024-08-19,Social,18-24,Other
4974,Liam,Thompson,liam.thompson4974@example.com,+1-585-152-9843,Boston,MA,USA,2024-04-16,Email,18-24,Female
4975,Olivia,Taylor,olivia.taylor4975@example.com,+1-585-586-7664,Chicago,IL,USA,2025-01-21,Email,55+,Male
4976,Theodore,Thompson,theodore.thompson4976@example.com,+1-585-244-8652,Dallas,TX,USA,2024-10-01,Display,45-54,Other
4977,Mia,Young,mia.young4977@example.com,+1-585-311-1935,Atlanta,GA,USA,2024-05-14,Email,18-24,Male
4978,Theodore,Anderson,theodore.anderson4978@example.com,+1-585-216-3140,Austin,TX,USA,2025-05-02,Email,45-54,Female
4979,Elijah,Clark,elijah.clark4979@example.com,+1-585-450-6359,Austin,TX,USA,2024-10-12,Social,35-44,Male
4980,Liam,Martinez,liam.martinez4980@example.com,+1-585-804-8116,Atlanta,GA,USA,2024-04-20,Organic Search,18-24,Female
4981,Henry,Lewis,henry.lewis4981@example.com,+1-585-351-6989,Dallas,TX,USA,2024-07-04,Organic Search,45-54,Male
4982,Mia,Garcia,mia.garcia4982@example.com,+1-585-721-9152,Boston,MA,USA,2025-05-25,Paid Search,55+,Male
4983,Elijah,Walker,elijah.walker4983@example.com,+1-585-233-1140,Atlanta,GA,USA,2025-04-12,Organic Search,18-24,Male
4984,Charlotte,Martinez,charlotte.martinez4984@example.com,+1-585-625-1367,Seattle,WA,USA,2024-03-15,Referral,18-24,Male
4985,Emma,Perez,emma.perez4985@example.com,+1-585-331-2276,Denver,CO,USA,2024-07-14,Email,35-44,Other
4986,James,Taylor,james.taylor4986@example.com,+1-585-815-6821,Chicago,IL,USA,2024-08-25,Organic Search,25-34,Male
4987,Lucas,Walker,lucas.walker4987@example.com,+1-585-768-7861,Atlanta,GA,USA,2024-04-06,Email,25-34,Other
4988,Emma,Taylor,emma.taylor4988@example.com,+1-585-536-2068,Boston,MA,USA,2025-04-28,Email,25-34,Other
4989,Benjamin,Young,benjamin.young4989@example.com,+1-585-338-6566,New York,NY,USA,2024-02-13,Referral,45-54,Female
4990,Liam,Martinez,liam.martinez4990@example.com,+1-585-363-2403,San Francisco,CA,USA,2024-12-10,Paid Search,55+,Male
4991,Oliver,Martin,oliver.martin4991@example.com,+1-585-867-6717,Denver,CO,USA,2024-08-18,Paid Search,55+,Male
4992,Isabella,Clark,isabella.clark4992@example.com,+1-585-919-9739,Austin,TX,USA,2024-07-26,Referral,18-24,Male
4993,Theodore,Smith,theodore.smith4993@example.com,+1-585-109-7520,Miami,FL,USA,2024-05-23,Email,35-44,Other
4994,Oliver,Lewis,oliver.lewis4994@example.com,+1-585-667-8652,Boston,MA,USA,2024-03-01,Referral,35-44,Other
4995,Isabella,White,isabella.white4995@example.com,+1-585-635-3667,Atlanta,GA,USA,2024-05-29,Email,55+,Female
4996,Harper,Walker,harper.walker4996@example.com,+1-585-301-3405,Boston,MA,USA,2024-04-20,Paid Search,45-54,Male
4997,Olivia,Martinez,olivia.martinez4997@example.com,+1-585-781-8979,San Francisco,CA,USA,2024-05-19,Email,55+,Female
4998,Mia,Thompson,mia.thompson4998@example.com,+1-585-540-3827,Denver,CO,USA,2024-04-27,Organic Search,18-24,Female
4999,James,Lee,james.lee4999@example.com,+1-585-351-7185,Austin,TX,USA,2025-02-10,Paid Search,18-24,Male
5000,Emma,Taylor,emma.taylor5000@example.com,+1-585-129-6646,Denver,CO,USA,2024-04-23,Email,18-24,Other
